year,scene_id,satellite,utc_date,utc_time,image_relative_path,mask_relative_path,image_bytes,mask_bytes,width,height,layer_count,dtype,compression,pixel_size_x_deg,pixel_size_y_deg,upper_left_x,upper_left_y,epsg,mask_width,mask_height,mask_mode,mask_unique_values,pair_status,image_sha256,mask_sha256
2020,NC_H08_20200121_0000_R21_FLDK.06001_06001_clipped,Himawari-8,20200121,0000,2020_new_clip/NC_H08_20200121_0000_R21_FLDK.06001_06001_clipped.tif,mask/NC_H08_20200121_0000_R21_FLDK.06001_06001_clipped_mask.png,11644586,988,450,450,20,float32,LZW,0.02,0.02,119,36,4326,450,450,L,0;255,paired,c5935a3824577e98b79f05c9380fb482fa6e0c51ecca717dbfc35da7c0a2eae6,e1c61a3f7762ce7b23d8c407476dfe775471197af63ab486a19915b4d3974a61
2020,NC_H08_20200121_0030_R21_FLDK.06001_06001_clipped,Himawari-8,20200121,0030,2020_new_clip/NC_H08_20200121_0030_R21_FLDK.06001_06001_clipped.tif,mask/NC_H08_20200121_0030_R21_FLDK.06001_06001_clipped_mask.png,11821882,862,450,450,20,float32,LZW,0.02,0.02,119,36,4326,450,450,L,0;255,paired,dbeef1572fbfc9dc04d57f699f6ad3aa7bae85cfe2cd0900f1de5cd7ee1b5dac,4184ceedcfd96cce343c8929a2a70afad7986c64b304ca9b40ceb65e5f8a9887
2020,NC_H08_20200121_0100_R21_FLDK.06001_06001_clipped,Himawari-8,20200121,0100,2020_new_clip/NC_H08_20200121_0100_R21_FLDK.06001_06001_clipped.tif,mask/NC_H08_20200121_0100_R21_FLDK.06001_06001_clipped_mask.png,11938919,882,450,450,20,float32,LZW,0.02,0.02,119,36,4326,450,450,L,0;255,paired,8c8343f552c47d87598c4e68d9dfbebc8bffbab4d2c5984e5fed5b5f84a0a58c,6d5fd9356f70fd1ae2bcf656b128833e114e357a19fca959adc904ac33061b94
2020,NC_H08_20200121_0130_R21_FLDK.06001_06001_clipped,Himawari-8,20200121,0130,2020_new_clip/NC_H08_20200121_0130_R21_FLDK.06001_06001_clipped.tif,mask/NC_H08_20200121_0130_R21_FLDK.06001_06001_clipped_mask.png,12031029,860,450,450,20,float32,LZW,0.02,0.02,119,36,4326,450,450,L,0;255,paired,5ab706bd2de43e3340df95a979f7c5592b989ec6b979ed4e800bd6dd4aa92710,be8a9f71e572058346615d39c3d1157dc240c36c53b0b76e75f6d2a4fccb842d
2020,NC_H08_20200121_0200_R21_FLDK.06001_06001_clipped,Himawari-8,20200121,0200,2020_new_clip/NC_H08_20200121_0200_R21_FLDK.06001_06001_clipped.tif,mask/NC_H08_20200121_0200_R21_FLDK.06001_06001_clipped_mask.png,12037955,731,450,450,20,float32,LZW,0.02,0.02,119,36,4326,450,450,L,0;255,paired,e8b2a7daa25068949f655d5dae3a7589f4b4567d2583abc96eed72504fb5641e,bd199845bd3f89b282e50f6d0e1e6c4b308719073c696627c207964fd11b709b
2020,NC_H08_20200121_0230_R21_FLDK.06001_06001_clipped,Himawari-8,20200121,0230,2020_new_clip/NC_H08_20200121_0230_R21_FLDK.06001_06001_clipped.tif,mask/NC_H08_20200121_0230_R21_FLDK.06001_06001_clipped_mask.png,12149525,475,450,450,20,float32,LZW,0.02,0.02,119,36,4326,450,450,L,0;255,paired,6dcb60387d9718d9dc107c79f0f4021055e2179f1ffcf484d64df414e3a6ad07,44ba6defa65c2c285d909f834185898a2c9e9a7a8077eff3b76ba5585aa38487
2020,NC_H08_20200123_0230_R21_FLDK.06001_06001_clipped,Himawari-8,20200123,0230,2020_new_clip/NC_H08_20200123_0230_R21_FLDK.06001_06001_clipped.tif,mask/NC_H08_20200123_0230_R21_FLDK.06001_06001_clipped_mask.png,13048240,508,450,450,20,float32,LZW,0.02,0.02,119,36,4326,450,450,L,0;255,paired,30c28e283cafb4e4b4ab3d17e2f30e5e9c68df5bc361ecac9c0ce0e6652ed784,1fa33d629c016f464385dbf239e9409b4a9996ad61be4f0b79d5f385b35d1075
2020,NC_H08_20200123_0300_R21_FLDK.06001_06001_clipped,Himawari-8,20200123,0300,2020_new_clip/NC_H08_20200123_0300_R21_FLDK.06001_06001_clipped.tif,mask/NC_H08_20200123_0300_R21_FLDK.06001_06001_clipped_mask.png,13022038,526,450,450,20,float32,LZW,0.02,0.02,119,36,4326,450,450,L,0;255,paired,03d41a00f15debe967ecf432b976179ac9d4037bf7add2f897d9d332806e83d7,a28d37bee3d8b45753f9aecbb8a0b048ac7ec63de2bb8c03dcfa59966b3f6cef
2020,NC_H08_20200123_0330_R21_FLDK.06001_06001_clipped,Himawari-8,20200123,0330,2020_new_clip/NC_H08_20200123_0330_R21_FLDK.06001_06001_clipped.tif,mask/NC_H08_20200123_0330_R21_FLDK.06001_06001_clipped_mask.png,12827193,714,450,450,20,float32,LZW,0.02,0.02,119,36,4326,450,450,L,0;255,paired,362a079ffb69aeb0b13c7e21b0532142bd798f109f6d054ba77d83523fc68c28,66b1a89780f91cf2852db407c93c8442fa8a1c77bdf1f64a99e50880bf01f68d
2020,NC_H08_20200123_0400_R21_FLDK.06001_06001_clipped,Himawari-8,20200123,0400,2020_new_clip/NC_H08_20200123_0400_R21_FLDK.06001_06001_clipped.tif,mask/NC_H08_20200123_0400_R21_FLDK.06001_06001_clipped_mask.png,12617730,662,450,450,20,float32,LZW,0.02,0.02,119,36,4326,450,450,L,0;255,paired,dcc7ee28f1beb8863b297531bbd7b605cb8a19578a1564dbeec95f7c0d89e67b,bb34a229c377c369bd66cd55ef3a519c2057b5f4aebf2a7681b95826a611ceb4
2020,NC_H08_20200213_0000_R21_FLDK.06001_06001_clipped,Himawari-8,20200213,0000,2020_new_clip/NC_H08_20200213_0000_R21_FLDK.06001_06001_clipped.tif,mask/NC_H08_20200213_0000_R21_FLDK.06001_06001_clipped_mask.png,12452129,1346,450,450,20,float32,LZW,0.02,0.02,119,36,4326,450,450,L,0;255,paired,47e4b96c7ca32d9d5ec1d19f7590811f318f6a22268ff9c314f37887eb9769d1,18f3502daa31e246d574a746804d1b14f1cb3031768cf319a6335b9602dbeec6
2020,NC_H08_20200213_0030_R21_FLDK.06001_06001_clipped,Himawari-8,20200213,0030,2020_new_clip/NC_H08_20200213_0030_R21_FLDK.06001_06001_clipped.tif,mask/NC_H08_20200213_0030_R21_FLDK.06001_06001_clipped_mask.png,12572118,1613,450,450,20,float32,LZW,0.02,0.02,119,36,4326,450,450,L,0;255,paired,d0711de8661eef4550cb995876bd78e8b3a7f34fa83628405a0e930b7470ca9f,6e1612160870afc9a04ac243c9120c07e6de88b823ebd6fbbb3ff46ec5a6c0fb
2020,NC_H08_20200213_0100_R21_FLDK.06001_06001_clipped,Himawari-8,20200213,0100,2020_new_clip/NC_H08_20200213_0100_R21_FLDK.06001_06001_clipped.tif,mask/NC_H08_20200213_0100_R21_FLDK.06001_06001_clipped_mask.png,12634470,1443,450,450,20,float32,LZW,0.02,0.02,119,36,4326,450,450,L,0;255,paired,e04ba2e8d00576bda0f0087cb612f3a2d3b6befc1c23237d6b66ac10fc97eec1,de557d87319a21cb76d7942c1864d00b2ed7cd52ec675d293b850715e0498e0d
2020,NC_H08_20200213_0130_R21_FLDK.06001_06001_clipped,Himawari-8,20200213,0130,2020_new_clip/NC_H08_20200213_0130_R21_FLDK.06001_06001_clipped.tif,mask/NC_H08_20200213_0130_R21_FLDK.06001_06001_clipped_mask.png,12711963,1317,450,450,20,float32,LZW,0.02,0.02,119,36,4326,450,450,L,0;255,paired,6d190c118f9b25319c44ebe569ffa60ab11e18443aa2ebedb4ea1eafd4bb733e,e9fba29cb566d2417bce2f73479c5904c31daa30603a93cf50c7bab3e374be65
2020,NC_H08_20200213_0200_R21_FLDK.06001_06001_clipped,Himawari-8,20200213,0200,2020_new_clip/NC_H08_20200213_0200_R21_FLDK.06001_06001_clipped.tif,mask/NC_H08_20200213_0200_R21_FLDK.06001_06001_clipped_mask.png,12766939,1366,450,450,20,float32,LZW,0.02,0.02,119,36,4326,450,450,L,0;255,paired,38cbacda3af1000c0ff8095049fcb3be7ae4b1a907b4bd0108412e159682c7cb,5aa9bb703a2b7ae7f7de1a0a076e4240906063e6d2cf383d72e05b06a5ce4fcb
2020,NC_H08_20200213_0230_R21_FLDK.06001_06001_clipped,Himawari-8,20200213,0230,2020_new_clip/NC_H08_20200213_0230_R21_FLDK.06001_06001_clipped.tif,mask/NC_H08_20200213_0230_R21_FLDK.06001_06001_clipped_mask.png,12714009,1318,450,450,20,float32,LZW,0.02,0.02,119,36,4326,450,450,L,0;255,paired,99c99f6f6583fa8af5bd77de6acb99f3455fe0fd28e1626c78715d5922259c60,776b403667deb1826f8d204938817dadee818c27bdde1a4ee16f643fbc906f3c
2020,NC_H08_20200213_0300_R21_FLDK.06001_06001_clipped,Himawari-8,20200213,0300,2020_new_clip/NC_H08_20200213_0300_R21_FLDK.06001_06001_clipped.tif,mask/NC_H08_20200213_0300_R21_FLDK.06001_06001_clipped_mask.png,12788539,1337,450,450,20,float32,LZW,0.02,0.02,119,36,4326,450,450,L,0;255,paired,9fc406582993ba0c05e696d1d8f0b2ea0a681980c3954313c960872c5a945059,308b69766da5188b2ee1ee150cccd66428083f4f1b7ba9fb4e49bc5b5278dfef
2020,NC_H08_20200213_0330_R21_FLDK.06001_06001_clipped,Himawari-8,20200213,0330,2020_new_clip/NC_H08_20200213_0330_R21_FLDK.06001_06001_clipped.tif,mask/NC_H08_20200213_0330_R21_FLDK.06001_06001_clipped_mask.png,12685450,1307,450,450,20,float32,LZW,0.02,0.02,119,36,4326,450,450,L,0;255,paired,d8e7a152260bd1a233580e963c355557dad4b777a57181a49aa9ca4ff1fd3535,025b61209f9c25d4b66e1ebd674a8f4cdf520b9f3537c3e8d0b6eefa06c08005
2020,NC_H08_20200213_0400_R21_FLDK.06001_06001_clipped,Himawari-8,20200213,0400,2020_new_clip/NC_H08_20200213_0400_R21_FLDK.06001_06001_clipped.tif,mask/NC_H08_20200213_0400_R21_FLDK.06001_06001_clipped_mask.png,12448858,1042,450,450,20,float32,LZW,0.02,0.02,119,36,4326,450,450,L,0;255,paired,af6e25af8eb406f478f6793c20436f8ab156c7beeabb7dbfd20b5e74690838a8,8ab6dc1c26d3251bf6937b3b4aed298e9485beef74a975392291467b1ed22f63
2020,NC_H08_20200213_0500_R21_FLDK.06001_06001_clipped,Himawari-8,20200213,0500,2020_new_clip/NC_H08_20200213_0500_R21_FLDK.06001_06001_clipped.tif,mask/NC_H08_20200213_0500_R21_FLDK.06001_06001_clipped_mask.png,12812168,1089,450,450,20,float32,LZW,0.02,0.02,119,36,4326,450,450,L,0;255,paired,6dd511b669236d1fd9ff57b8d28292ccfbdf90f7c0c10823dc735a1f7f9af5bb,0f6dc542b1db7ba39b33b3e0252c25f1aa0b6514ddac1e648ba5320b337e4700
2020,NC_H08_20200213_0530_R21_FLDK.06001_06001_clipped,Himawari-8,20200213,0530,2020_new_clip/NC_H08_20200213_0530_R21_FLDK.06001_06001_clipped.tif,mask/NC_H08_20200213_0530_R21_FLDK.06001_06001_clipped_mask.png,12793426,1097,450,450,20,float32,LZW,0.02,0.02,119,36,4326,450,450,L,0;255,paired,6011e15fdafb11244296befcd0ed3f4d898d64eec0507acad822a89121dd390f,ef37ff19474168b271c1b889db96eedfe4fcfbf03def195650178ff636bd3398
2020,NC_H08_20200213_0600_R21_FLDK.06001_06001_clipped,Himawari-8,20200213,0600,2020_new_clip/NC_H08_20200213_0600_R21_FLDK.06001_06001_clipped.tif,mask/NC_H08_20200213_0600_R21_FLDK.06001_06001_clipped_mask.png,12823290,992,450,450,20,float32,LZW,0.02,0.02,119,36,4326,450,450,L,0;255,paired,66ca844bb3f903000de3f612f5e3616b5a9dbeec7ff0a4a44e95a72e0a141f16,5d1141be8fb4163d1b8a6fcf5f8500edd40022e652aa8834290ebfbff7d692f1
2020,NC_H08_20200213_0630_R21_FLDK.06001_06001_clipped,Himawari-8,20200213,0630,2020_new_clip/NC_H08_20200213_0630_R21_FLDK.06001_06001_clipped.tif,mask/NC_H08_20200213_0630_R21_FLDK.06001_06001_clipped_mask.png,12793160,1523,450,450,20,float32,LZW,0.02,0.02,119,36,4326,450,450,L,0;255,paired,a853f8f8045878dd2aa5d60857971f085a098a938523714fc01db4e08a0bc444,1c0a1a60d35ae1ea754b6959a6f72ee60d7e92eb684dcb9bb77c1d65c2db1e8a
2020,NC_H08_20200213_0700_R21_FLDK.06001_06001_clipped,Himawari-8,20200213,0700,2020_new_clip/NC_H08_20200213_0700_R21_FLDK.06001_06001_clipped.tif,mask/NC_H08_20200213_0700_R21_FLDK.06001_06001_clipped_mask.png,12750300,1549,450,450,20,float32,LZW,0.02,0.02,119,36,4326,450,450,L,0;255,paired,ed6ca69f441e7176d0a461b40a75c5b3fed3d20daed13a1560a8d23008f2f64c,8324527994d9152433d7bc25fab6aca78b80ee03595977a887cf3637b12bc925
2020,NC_H08_20200213_0730_R21_FLDK.06001_06001_clipped,Himawari-8,20200213,0730,2020_new_clip/NC_H08_20200213_0730_R21_FLDK.06001_06001_clipped.tif,mask/NC_H08_20200213_0730_R21_FLDK.06001_06001_clipped_mask.png,12666100,1054,450,450,20,float32,LZW,0.02,0.02,119,36,4326,450,450,L,0;255,paired,a0a79c40c7e956b0e070360a81a5097d340ea0418e2e78ab85ac52a6c8fc3281,1004eb838af73492bf7e2069a5935420318702a90bc5dbc34d199333e03b111a
2020,NC_H08_20200213_0800_R21_FLDK.06001_06001_clipped,Himawari-8,20200213,0800,2020_new_clip/NC_H08_20200213_0800_R21_FLDK.06001_06001_clipped.tif,mask/NC_H08_20200213_0800_R21_FLDK.06001_06001_clipped_mask.png,12538567,868,450,450,20,float32,LZW,0.02,0.02,119,36,4326,450,450,L,0;255,paired,0beed967527ea3e13ec208ce1913a96d5cc3409eb3053f5c1872a3077e2b3f9f,4d97f4c0c79e76aaf3df44ddee04be26027a9092579d0a6f6e090bd7404c7125
2020,NC_H08_20200214_0000_R21_FLDK.06001_06001_clipped,Himawari-8,20200214,0000,2020_new_clip/NC_H08_20200214_0000_R21_FLDK.06001_06001_clipped.tif,mask/NC_H08_20200214_0000_R21_FLDK.06001_06001_clipped_mask.png,12118563,2147,450,450,20,float32,LZW,0.02,0.02,119,36,4326,450,450,L,0;255,paired,f0574b9d64eb9169d4d349df4609edd0540989a3b4edeaa38fe3827a99373778,c761260360f2794ad7b6b511502f4035524210a263f694cf909a4ef3258b09b8
2020,NC_H08_20200214_0030_R21_FLDK.06001_06001_clipped,Himawari-8,20200214,0030,2020_new_clip/NC_H08_20200214_0030_R21_FLDK.06001_06001_clipped.tif,mask/NC_H08_20200214_0030_R21_FLDK.06001_06001_clipped_mask.png,12242446,2236,450,450,20,float32,LZW,0.02,0.02,119,36,4326,450,450,L,0;255,paired,a66b12eb001b7408c0a006bdb3cb604feced2ca2aeeb9f0bbc4fe3eeacbc05d3,4415b517872c6943244f8ff749fcf341ea7271dd1ce4fae86a67d914e9ea2cd4
2020,NC_H08_20200214_0100_R21_FLDK.06001_06001_clipped,Himawari-8,20200214,0100,2020_new_clip/NC_H08_20200214_0100_R21_FLDK.06001_06001_clipped.tif,mask/NC_H08_20200214_0100_R21_FLDK.06001_06001_clipped_mask.png,12309499,2478,450,450,20,float32,LZW,0.02,0.02,119,36,4326,450,450,L,0;255,paired,b434b2641a8cd0fc15bc0bde1e327dc9a42004796d568cf6716106542e7894dd,1448904a2a7de04b1bb992002872cc1548798b19172931ce1ace5049277c2130
2020,NC_H08_20200214_0130_R21_FLDK.06001_06001_clipped,Himawari-8,20200214,0130,2020_new_clip/NC_H08_20200214_0130_R21_FLDK.06001_06001_clipped.tif,mask/NC_H08_20200214_0130_R21_FLDK.06001_06001_clipped_mask.png,12354222,945,450,450,20,float32,LZW,0.02,0.02,119,36,4326,450,450,L,0;255,paired,af82e8126962876aebc92fa4f205b8775bd0c425417b6c32ce6fdc8730fd706c,cd6d78a2db07fa0309add3d456eb8d60a537db9d7ba197fc537fb4394ed45a02
2020,NC_H08_20200214_0200_R21_FLDK.06001_06001_clipped,Himawari-8,20200214,0200,2020_new_clip/NC_H08_20200214_0200_R21_FLDK.06001_06001_clipped.tif,mask/NC_H08_20200214_0200_R21_FLDK.06001_06001_clipped_mask.png,12447900,1447,450,450,20,float32,LZW,0.02,0.02,119,36,4326,450,450,L,0;255,paired,33535f7a36f46ab55a77bd96e15eb828fcd258742b7cfb334cc3271e1ed97cef,2763c8c5465d57f194d47d3d27da399cdcff44eef9044fb97dd5c2b50ac1ecf2
2020,NC_H08_20200214_0230_R21_FLDK.06001_06001_clipped,Himawari-8,20200214,0230,2020_new_clip/NC_H08_20200214_0230_R21_FLDK.06001_06001_clipped.tif,mask/NC_H08_20200214_0230_R21_FLDK.06001_06001_clipped_mask.png,12438534,1677,450,450,20,float32,LZW,0.02,0.02,119,36,4326,450,450,L,0;255,paired,ab6653b575c134310eb0103ae77ccc40551c50b245a33ce0c5f6251ce526f32c,e2c25612495d5e0789a7a9e697c1c979b7b7ea545194cb686b98cbfe110fea60
2020,NC_H08_20200214_0300_R21_FLDK.06001_06001_clipped,Himawari-8,20200214,0300,2020_new_clip/NC_H08_20200214_0300_R21_FLDK.06001_06001_clipped.tif,mask/NC_H08_20200214_0300_R21_FLDK.06001_06001_clipped_mask.png,12536981,1240,450,450,20,float32,LZW,0.02,0.02,119,36,4326,450,450,L,0;255,paired,e3f50dd8526691fa40aac44d14b7fe54e834a7b9545e84f9abbedd10ee34d665,946f6b0c3533b4013598cc2b28d80ca715c37ed62a3ee76abe281b72c672aa3b
2020,NC_H08_20200214_0330_R21_FLDK.06001_06001_clipped,Himawari-8,20200214,0330,2020_new_clip/NC_H08_20200214_0330_R21_FLDK.06001_06001_clipped.tif,mask/NC_H08_20200214_0330_R21_FLDK.06001_06001_clipped_mask.png,12428682,1498,450,450,20,float32,LZW,0.02,0.02,119,36,4326,450,450,L,0;255,paired,957efa71e80c427ed31ca08a7063a32de2c0b9b6b70923f90a90f71196972b54,53cb59179c7ff34d7d9f31d56528268534b2281f72c4c6b21afdc44be6680618
2020,NC_H08_20200214_0400_R21_FLDK.06001_06001_clipped,Himawari-8,20200214,0400,2020_new_clip/NC_H08_20200214_0400_R21_FLDK.06001_06001_clipped.tif,mask/NC_H08_20200214_0400_R21_FLDK.06001_06001_clipped_mask.png,12270077,1669,450,450,20,float32,LZW,0.02,0.02,119,36,4326,450,450,L,0;255,paired,bf96f164c45c451c71cd1073a4ea3e27440267b42228d2fce5da26e522acfa0c,b5aa64d0cec6b3e3e320a781431d89fbc9db1f9d0386eeb79599feeee71a8a1b
2020,NC_H08_20200214_0430_R21_FLDK.06001_06001_clipped,Himawari-8,20200214,0430,2020_new_clip/NC_H08_20200214_0430_R21_FLDK.06001_06001_clipped.tif,mask/NC_H08_20200214_0430_R21_FLDK.06001_06001_clipped_mask.png,12600596,1276,450,450,20,float32,LZW,0.02,0.02,119,36,4326,450,450,L,0;255,paired,9635210f81b9db41d4506b1834b6058ce8d0fd203a351820bbd27ad323366b49,41c5763acdbea6dd3015c3de447c24020f13eb376106601c9b78d77679357a94
2020,NC_H08_20200214_0500_R21_FLDK.06001_06001_clipped,Himawari-8,20200214,0500,2020_new_clip/NC_H08_20200214_0500_R21_FLDK.06001_06001_clipped.tif,mask/NC_H08_20200214_0500_R21_FLDK.06001_06001_clipped_mask.png,12720762,838,450,450,20,float32,LZW,0.02,0.02,119,36,4326,450,450,L,0;255,paired,fa315dc0b68c28e7e4e8468280227e9877317a95269e04037f910975f1b43dec,2b21864f87b5ac9c3b08af3a274a319926f9de86b9323adc9f587b7d0f65b682
2020,NC_H08_20200214_0530_R21_FLDK.06001_06001_clipped,Himawari-8,20200214,0530,2020_new_clip/NC_H08_20200214_0530_R21_FLDK.06001_06001_clipped.tif,mask/NC_H08_20200214_0530_R21_FLDK.06001_06001_clipped_mask.png,12664830,1054,450,450,20,float32,LZW,0.02,0.02,119,36,4326,450,450,L,0;255,paired,029f58dde6362fff48194a1dd899d9c55830f1633f5dd4b9b27a6d5e32322e5e,2ec92288af3d1230670f5aa7b679b85d78809952d1ca05433ca564646057db66
2020,NC_H08_20200214_0600_R21_FLDK.06001_06001_clipped,Himawari-8,20200214,0600,2020_new_clip/NC_H08_20200214_0600_R21_FLDK.06001_06001_clipped.tif,mask/NC_H08_20200214_0600_R21_FLDK.06001_06001_clipped_mask.png,12649940,1243,450,450,20,float32,LZW,0.02,0.02,119,36,4326,450,450,L,0;255,paired,f5ce853f2e69e60b6ed5000fcdc6fa3c9ffb4129a060f7a1fcbcfa21ecb6d319,a5daa517426c98b8d558fcab96d3411fac83e2cb774e92aa292b6e04af590d23
2020,NC_H08_20200214_0630_R21_FLDK.06001_06001_clipped,Himawari-8,20200214,0630,2020_new_clip/NC_H08_20200214_0630_R21_FLDK.06001_06001_clipped.tif,mask/NC_H08_20200214_0630_R21_FLDK.06001_06001_clipped_mask.png,12630393,1332,450,450,20,float32,LZW,0.02,0.02,119,36,4326,450,450,L,0;255,paired,8d7d9bba36d413b4dfa6164486e99de9ff4054aea63fa4a066ec73d5ea3f5eb4,820a0279fa0f965b510928aee1025a083b202758337327939ce142413c051940
2020,NC_H08_20200214_0700_R21_FLDK.06001_06001_clipped,Himawari-8,20200214,0700,2020_new_clip/NC_H08_20200214_0700_R21_FLDK.06001_06001_clipped.tif,mask/NC_H08_20200214_0700_R21_FLDK.06001_06001_clipped_mask.png,12597092,1265,450,450,20,float32,LZW,0.02,0.02,119,36,4326,450,450,L,0;255,paired,2709da79017d9a13063d633658d11ac5e60ae94210088e25c055cbe213f6f548,73a0f7ff4a35ac8d909e3e10020039403978ffe5ab4926c31260a99695d2c6a1
2020,NC_H08_20200214_0800_R21_FLDK.06001_06001_clipped,Himawari-8,20200214,0800,2020_new_clip/NC_H08_20200214_0800_R21_FLDK.06001_06001_clipped.tif,mask/NC_H08_20200214_0800_R21_FLDK.06001_06001_clipped_mask.png,12367799,965,450,450,20,float32,LZW,0.02,0.02,119,36,4326,450,450,L,0;255,paired,70134171f3b6ea1231e49c6f6a1a707a07f5aebc449e612b614c62dd6c7b314e,a80d6f04f73622e7bf39b56d048926260b70e467bee0b22fe96df5fbf1a64e8b
2020,NC_H08_20200214_0830_R21_FLDK.06001_06001_clipped,Himawari-8,20200214,0830,2020_new_clip/NC_H08_20200214_0830_R21_FLDK.06001_06001_clipped.tif,mask/NC_H08_20200214_0830_R21_FLDK.06001_06001_clipped_mask.png,12137668,822,450,450,20,float32,LZW,0.02,0.02,119,36,4326,450,450,L,0;255,paired,0469c27dde7a6b2302d578483713bb99a82d9a7f6c3f8ac10d0143dde8464a77,b4780cd5401c853d2eb92cd7192a36d615df54f80f2985aa53c3c5fa3c5d6b89
2020,NC_H08_20200214_0900_R21_FLDK.06001_06001_clipped,Himawari-8,20200214,0900,2020_new_clip/NC_H08_20200214_0900_R21_FLDK.06001_06001_clipped.tif,mask/NC_H08_20200214_0900_R21_FLDK.06001_06001_clipped_mask.png,11734371,1471,450,450,20,float32,LZW,0.02,0.02,119,36,4326,450,450,L,0;255,paired,9ee66e1f0f13fa3068a03337274bd4f38211825fd318935ea697c79d9166259b,5da66996d7169f192977ded730f57d1513e1836d0779fc0f20492beb1c864826
2020,NC_H08_20200214_0930_R21_FLDK.06001_06001_clipped,Himawari-8,20200214,0930,2020_new_clip/NC_H08_20200214_0930_R21_FLDK.06001_06001_clipped.tif,mask/NC_H08_20200214_0930_R21_FLDK.06001_06001_clipped_mask.png,10175187,1420,450,450,20,float32,LZW,0.02,0.02,119,36,4326,450,450,L,0;255,paired,8774b3ac7b785fc73aa0af35ee71f34908c1969ebfaa63e99bd4e14a486089da,06ffa9b47472ebeb156252c36f65157dca433fdea3aa1458357539d1c7d54389
2020,NC_H08_20200214_1000_R21_FLDK.06001_06001_clipped,Himawari-8,20200214,1000,2020_new_clip/NC_H08_20200214_1000_R21_FLDK.06001_06001_clipped.tif,mask/NC_H08_20200214_1000_R21_FLDK.06001_06001_clipped_mask.png,8725609,1307,450,450,20,float32,LZW,0.02,0.02,119,36,4326,450,450,L,0;255,paired,fc5c645d0df440fb7a00a398e997e4874255ec801b5bce9e906495bf0af6e934,44ab49f3825c4a573f5457b3031f5012d13bf17fd2d476331c1645728fb10439
2020,NC_H08_20200220_0000_R21_FLDK.06001_06001_clipped,Himawari-8,20200220,0000,2020_new_clip/NC_H08_20200220_0000_R21_FLDK.06001_06001_clipped.tif,mask/NC_H08_20200220_0000_R21_FLDK.06001_06001_clipped_mask.png,11523052,927,450,450,20,float32,LZW,0.02,0.02,119,36,4326,450,450,L,0;255,paired,3cb713fdce11beb1cb6bfa1b452b6860f30f0cdc91dbd926605c89497887da9d,84a53eae44309f8523a3cf6f6b5aad5c4a77e31450986c0be8be2921dca12023
2020,NC_H08_20200220_0030_R21_FLDK.06001_06001_clipped,Himawari-8,20200220,0030,2020_new_clip/NC_H08_20200220_0030_R21_FLDK.06001_06001_clipped.tif,mask/NC_H08_20200220_0030_R21_FLDK.06001_06001_clipped_mask.png,11606019,874,450,450,20,float32,LZW,0.02,0.02,119,36,4326,450,450,L,0;255,paired,1d7af6479628613480add34bbf1f16f73de34e7e71451d67276add5809cfe6b3,50ce57e14ef9504184f91cb587791f210e86bc95da0204f601470ea4c65e8eea
2020,NC_H08_20200220_0100_R21_FLDK.06001_06001_clipped,Himawari-8,20200220,0100,2020_new_clip/NC_H08_20200220_0100_R21_FLDK.06001_06001_clipped.tif,mask/NC_H08_20200220_0100_R21_FLDK.06001_06001_clipped_mask.png,11654236,869,450,450,20,float32,LZW,0.02,0.02,119,36,4326,450,450,L,0;255,paired,c7a23457be9cde13ecb4fd6e9f28e20c731fd737852ae7c9f8a1b5209ea40212,d8cea1e22963cd021eeef1e73a36fa6f501c2f51dd1cc0b8b32a69e78256214f
2020,NC_H08_20200220_0130_R21_FLDK.06001_06001_clipped,Himawari-8,20200220,0130,2020_new_clip/NC_H08_20200220_0130_R21_FLDK.06001_06001_clipped.tif,mask/NC_H08_20200220_0130_R21_FLDK.06001_06001_clipped_mask.png,11654953,721,450,450,20,float32,LZW,0.02,0.02,119,36,4326,450,450,L,0;255,paired,14fd5e376e90cf78d532750098390920c63e049bdb87b278fb8f3c4da59caa10,84a41c6704a77c278cd6a8b56e712bcb2717f193f555dabc0a0a333ed6275cb1
2020,NC_H08_20200220_0200_R21_FLDK.06001_06001_clipped,Himawari-8,20200220,0200,2020_new_clip/NC_H08_20200220_0200_R21_FLDK.06001_06001_clipped.tif,mask/NC_H08_20200220_0200_R21_FLDK.06001_06001_clipped_mask.png,11675412,685,450,450,20,float32,LZW,0.02,0.02,119,36,4326,450,450,L,0;255,paired,ba034dd615b2b1d9ecfa304de66858d15337fb35c50a4eef6bc7c906628e39f8,4c23bd6e269e02a642c90bd4430267af21e2805c8728dd0e7895b174daba6de7
2020,NC_H08_20200220_0230_R21_FLDK.06001_06001_clipped,Himawari-8,20200220,0230,2020_new_clip/NC_H08_20200220_0230_R21_FLDK.06001_06001_clipped.tif,mask/NC_H08_20200220_0230_R21_FLDK.06001_06001_clipped_mask.png,11553711,648,450,450,20,float32,LZW,0.02,0.02,119,36,4326,450,450,L,0;255,paired,f77a73f78836910a651a74b0ae04e23893c0a4fe01b6f9e671143ff40cceef15,3d4ec6f0b52db7120ca11fa718e033a9511937bfbc09a59d28a584b69346a439
2020,NC_H08_20200220_0300_R21_FLDK.06001_06001_clipped,Himawari-8,20200220,0300,2020_new_clip/NC_H08_20200220_0300_R21_FLDK.06001_06001_clipped.tif,mask/NC_H08_20200220_0300_R21_FLDK.06001_06001_clipped_mask.png,11628947,601,450,450,20,float32,LZW,0.02,0.02,119,36,4326,450,450,L,0;255,paired,1813534ecef0aed5e9d9eaefbe4234893e688e301b4bb0b78a26b28ca21bb2be,780ea625cb6df710127ab2bd08a358dbdd7c79430f2b304339293c630cfada16
2020,NC_H08_20200220_0330_R21_FLDK.06001_06001_clipped,Himawari-8,20200220,0330,2020_new_clip/NC_H08_20200220_0330_R21_FLDK.06001_06001_clipped.tif,mask/NC_H08_20200220_0330_R21_FLDK.06001_06001_clipped_mask.png,11484793,572,450,450,20,float32,LZW,0.02,0.02,119,36,4326,450,450,L,0;255,paired,4b1ca48277ad541e10bcdb6144641975b89d3263154d44bfb7a5f4154bf1d0f9,e74ad819ff9ec738eef28e055a78acd11418ad3311cba393dc6dee11ae31a443
2020,NC_H08_20200220_0400_R21_FLDK.06001_06001_clipped,Himawari-8,20200220,0400,2020_new_clip/NC_H08_20200220_0400_R21_FLDK.06001_06001_clipped.tif,mask/NC_H08_20200220_0400_R21_FLDK.06001_06001_clipped_mask.png,11220194,451,450,450,20,float32,LZW,0.02,0.02,119,36,4326,450,450,L,0;255,paired,564876f694459a46e5086bb784597bd34a72bc6be0a02289456375cc119b5ed8,e872f37c8586cbeda66c3f1f9acff474980242619dfdb7c4de72f9426ab390ad
2020,NC_H08_20200220_0430_R21_FLDK.06001_06001_clipped,Himawari-8,20200220,0430,2020_new_clip/NC_H08_20200220_0430_R21_FLDK.06001_06001_clipped.tif,mask/NC_H08_20200220_0430_R21_FLDK.06001_06001_clipped_mask.png,11475421,589,450,450,20,float32,LZW,0.02,0.02,119,36,4326,450,450,L,0;255,paired,992df8ab309c69bf0c0fad445d1aeacb18fc1f63da5832e636500f580c1bb62e,9c8df5ea082fa729cb3092203ce750c9fa42348f37810bf66685d69ca620ea72
2020,NC_H08_20200226_0000_R21_FLDK.06001_06001_clipped,Himawari-8,20200226,0000,2020_new_clip/NC_H08_20200226_0000_R21_FLDK.06001_06001_clipped.tif,mask/NC_H08_20200226_0000_R21_FLDK.06001_06001_clipped_mask.png,12285577,1762,450,450,20,float32,LZW,0.02,0.02,119,36,4326,450,450,L,0;255,paired,7f735a3cee1f272bb28c6d2b86c9ad6de955561ef0e4c91b3e01b96ebea8ddd5,df97faec081510dcc6fff11c22553e2c9dd0d7b1aa08a10555ac853e5d911ef1
2020,NC_H08_20200226_0030_R21_FLDK.06001_06001_clipped,Himawari-8,20200226,0030,2020_new_clip/NC_H08_20200226_0030_R21_FLDK.06001_06001_clipped.tif,mask/NC_H08_20200226_0030_R21_FLDK.06001_06001_clipped_mask.png,12419185,1742,450,450,20,float32,LZW,0.02,0.02,119,36,4326,450,450,L,0;255,paired,672264b2a8591dcc820ebe05a1bf10902e73d691ca0192475c65ed7b65beed00,7e4042d471695fb19b0a3358d42656cab94b9d00ffd56d158f07f9b90ef013d4
2020,NC_H08_20200226_0100_R21_FLDK.06001_06001_clipped,Himawari-8,20200226,0100,2020_new_clip/NC_H08_20200226_0100_R21_FLDK.06001_06001_clipped.tif,mask/NC_H08_20200226_0100_R21_FLDK.06001_06001_clipped_mask.png,12535311,1616,450,450,20,float32,LZW,0.02,0.02,119,36,4326,450,450,L,0;255,paired,c5718eb3b071d9734729aac6479fee993e0d0e15e380b7b253d58cc6152fddb4,e8f287cab295f0a42fe4d14f81c951edfafd80931cfb641a078e1827561e5c43
2020,NC_H08_20200226_0130_R21_FLDK.06001_06001_clipped,Himawari-8,20200226,0130,2020_new_clip/NC_H08_20200226_0130_R21_FLDK.06001_06001_clipped.tif,mask/NC_H08_20200226_0130_R21_FLDK.06001_06001_clipped_mask.png,12592884,1918,450,450,20,float32,LZW,0.02,0.02,119,36,4326,450,450,L,0;255,paired,c5e4519aa0b171e6d80ff79e5e3b43ad2c71a69c0034edafe659c2efca7ce285,cfd3983d21f354d5bf03e97e4f2ff170562af6f99831ea9f077cc046bf8a4ad3
2020,NC_H08_20200226_0200_R21_FLDK.06001_06001_clipped,Himawari-8,20200226,0200,2020_new_clip/NC_H08_20200226_0200_R21_FLDK.06001_06001_clipped.tif,mask/NC_H08_20200226_0200_R21_FLDK.06001_06001_clipped_mask.png,12646787,1731,450,450,20,float32,LZW,0.02,0.02,119,36,4326,450,450,L,0;255,paired,0b1629db50fe2d45c0f0bfe88c3f11e2d02b25c6c7685a0cfc08d6f29e5e8501,52690a5d1773741e61b1109669eabc93bacc48bee4bbb9f62aa86d16f5edb153
2020,NC_H08_20200226_0230_R21_FLDK.06001_06001_clipped,Himawari-8,20200226,0230,2020_new_clip/NC_H08_20200226_0230_R21_FLDK.06001_06001_clipped.tif,mask/NC_H08_20200226_0230_R21_FLDK.06001_06001_clipped_mask.png,12571451,1519,450,450,20,float32,LZW,0.02,0.02,119,36,4326,450,450,L,0;255,paired,758a21a1ea5b6bffb4c9ecacfc77b737251d6fd84126917fd95ff37319c986f3,b6976bf8d5f76025ef418088bef6499d1f6497f20514a83329396e461c72dbb0
2020,NC_H08_20200226_0300_R21_FLDK.06001_06001_clipped,Himawari-8,20200226,0300,2020_new_clip/NC_H08_20200226_0300_R21_FLDK.06001_06001_clipped.tif,mask/NC_H08_20200226_0300_R21_FLDK.06001_06001_clipped_mask.png,12697130,1415,450,450,20,float32,LZW,0.02,0.02,119,36,4326,450,450,L,0;255,paired,29eb51f2fcdef5e452c6e92de9628d8f53f15f476874dbd66c8e527057eec612,da7291bc908683ef03a2c789ab554336bc21045d7ea65dda673f7133aceceb25
2020,NC_H08_20200226_0330_R21_FLDK.06001_06001_clipped,Himawari-8,20200226,0330,2020_new_clip/NC_H08_20200226_0330_R21_FLDK.06001_06001_clipped.tif,mask/NC_H08_20200226_0330_R21_FLDK.06001_06001_clipped_mask.png,12574915,1376,450,450,20,float32,LZW,0.02,0.02,119,36,4326,450,450,L,0;255,paired,42cd600a5d2d10ad563599069a089d259bf4d83c22dd5f87ad50e4b1b8f1aab8,6de601647d892ec8276ef4402e3b58a05b8abce51d375e392d4b1ad52c7a3c59
2020,NC_H08_20200226_0400_R21_FLDK.06001_06001_clipped,Himawari-8,20200226,0400,2020_new_clip/NC_H08_20200226_0400_R21_FLDK.06001_06001_clipped.tif,mask/NC_H08_20200226_0400_R21_FLDK.06001_06001_clipped_mask.png,12325952,1585,450,450,20,float32,LZW,0.02,0.02,119,36,4326,450,450,L,0;255,paired,f49b6fa3de12e72206aab33788b90c64bb5bece992dbb7081e8810bc32725833,5cc3c9d1b2837711ec5015897ac49385a8dacc83dc8ac5943cb4c76e9e7c3c25
2020,NC_H08_20200226_0430_R21_FLDK.06001_06001_clipped,Himawari-8,20200226,0430,2020_new_clip/NC_H08_20200226_0430_R21_FLDK.06001_06001_clipped.tif,mask/NC_H08_20200226_0430_R21_FLDK.06001_06001_clipped_mask.png,12597298,1421,450,450,20,float32,LZW,0.02,0.02,119,36,4326,450,450,L,0;255,paired,1c605e4c413dd5acb6b4601d84fe0d0dc4edd268dcb0b7639c9cce0440257406,2bd4587a96d28a5e91159da2e255dd49bfdb7d8138b0f072b925a3882d570ca2
2020,NC_H08_20200226_0500_R21_FLDK.06001_06001_clipped,Himawari-8,20200226,0500,2020_new_clip/NC_H08_20200226_0500_R21_FLDK.06001_06001_clipped.tif,mask/NC_H08_20200226_0500_R21_FLDK.06001_06001_clipped_mask.png,12649516,1327,450,450,20,float32,LZW,0.02,0.02,119,36,4326,450,450,L,0;255,paired,a30482589ba2aadc397afa09abfb43311966a5063053f836682441c3c24dfdc7,708192b3e45df94a54242be8c20e30afc837d8f0252214e41c776d3108392ba4
2020,NC_H08_20200226_0530_R21_FLDK.06001_06001_clipped,Himawari-8,20200226,0530,2020_new_clip/NC_H08_20200226_0530_R21_FLDK.06001_06001_clipped.tif,mask/NC_H08_20200226_0530_R21_FLDK.06001_06001_clipped_mask.png,12599150,1272,450,450,20,float32,LZW,0.02,0.02,119,36,4326,450,450,L,0;255,paired,e406472188b2aaab9bf68d8731f08b0494d101bbe1fae1f5d90313d76f1fc00f,e7ede6cea61a887fac20ffdfbb855ffb58333c4dc6fa0335ba02d3e2d7ef81a8
2020,NC_H08_20200226_0600_R21_FLDK.06001_06001_clipped,Himawari-8,20200226,0600,2020_new_clip/NC_H08_20200226_0600_R21_FLDK.06001_06001_clipped.tif,mask/NC_H08_20200226_0600_R21_FLDK.06001_06001_clipped_mask.png,12543607,1407,450,450,20,float32,LZW,0.02,0.02,119,36,4326,450,450,L,0;255,paired,1f57913d0f4493fd538c646dc12ba199596df3002321329dddad67011ab50105,e9b31509cd3961038f43216afb082c62ee2ea2988fc84da53267537837fd6bea
2020,NC_H08_20200226_0630_R21_FLDK.06001_06001_clipped,Himawari-8,20200226,0630,2020_new_clip/NC_H08_20200226_0630_R21_FLDK.06001_06001_clipped.tif,mask/NC_H08_20200226_0630_R21_FLDK.06001_06001_clipped_mask.png,12461939,1164,450,450,20,float32,LZW,0.02,0.02,119,36,4326,450,450,L,0;255,paired,6f80bc76b2db05e6e9b9dd80d568d782fdb46a645596e52c9dac5a80542f025c,eb9ba256bb8400f6c263b4c81cdac15c28755e31bc1b6ca637d0095ffec4c60b
2020,NC_H08_20200226_0700_R21_FLDK.06001_06001_clipped,Himawari-8,20200226,0700,2020_new_clip/NC_H08_20200226_0700_R21_FLDK.06001_06001_clipped.tif,mask/NC_H08_20200226_0700_R21_FLDK.06001_06001_clipped_mask.png,12415667,1260,450,450,20,float32,LZW,0.02,0.02,119,36,4326,450,450,L,0;255,paired,2ff583c14cdfda2316570bd749cbe2f9b034a4409a98d5f55f04fc3d423dc40c,b5a44d5f79cb54c73f76f49b530662c440b41b62238f03718f20e8cd9f568d9c
2020,NC_H08_20200226_0730_R21_FLDK.06001_06001_clipped,Himawari-8,20200226,0730,2020_new_clip/NC_H08_20200226_0730_R21_FLDK.06001_06001_clipped.tif,mask/NC_H08_20200226_0730_R21_FLDK.06001_06001_clipped_mask.png,12309651,1217,450,450,20,float32,LZW,0.02,0.02,119,36,4326,450,450,L,0;255,paired,a5e44673bd02a0ed5a02c7e4840c7d96c4d7293a8ca480575363a1fd5b8a807d,5ab173c9fa5a79376e46fe3f5aaca41915a191ca6189b325d3ad37d9be588808
2020,NC_H08_20200226_0800_R21_FLDK.06001_06001_clipped,Himawari-8,20200226,0800,2020_new_clip/NC_H08_20200226_0800_R21_FLDK.06001_06001_clipped.tif,mask/NC_H08_20200226_0800_R21_FLDK.06001_06001_clipped_mask.png,12195180,1143,450,450,20,float32,LZW,0.02,0.02,119,36,4326,450,450,L,0;255,paired,935d758dc54821b4efd68fbb950f43db7acdfdb63593db2a20fc1d48ac3ec21d,1dc7d1d0294c385f34ddceff21ca40f0c2ac9ca73e58d4c62882bb553f61a44a
2020,NC_H08_20200226_0830_R21_FLDK.06001_06001_clipped,Himawari-8,20200226,0830,2020_new_clip/NC_H08_20200226_0830_R21_FLDK.06001_06001_clipped.tif,mask/NC_H08_20200226_0830_R21_FLDK.06001_06001_clipped_mask.png,12029138,1065,450,450,20,float32,LZW,0.02,0.02,119,36,4326,450,450,L,0;255,paired,42e8bf72dcb91738fb9360d8326b58b85900912b2d46d10bbb31e6a43b574483,d2c680c7390d3c607554cfa7a16957061bf55a55770cb088d8a885d2b65f174b
2020,NC_H08_20200226_0900_R21_FLDK.06001_06001_clipped,Himawari-8,20200226,0900,2020_new_clip/NC_H08_20200226_0900_R21_FLDK.06001_06001_clipped.tif,mask/NC_H08_20200226_0900_R21_FLDK.06001_06001_clipped_mask.png,11697952,779,450,450,20,float32,LZW,0.02,0.02,119,36,4326,450,450,L,0;255,paired,982ee1486d779ac9fdc8a1d7b2d244fb47684b0a0c22ad643958aec4124de506,6f6183d694642c2db86ed9c9d8a6edd01eb7dd271ee31e12758b973db040aa06
2020,NC_H08_20200511_0000_R21_FLDK.06001_06001_clipped,Himawari-8,20200511,0000,2020_new_clip/NC_H08_20200511_0000_R21_FLDK.06001_06001_clipped.tif,mask/NC_H08_20200511_0000_R21_FLDK.06001_06001_clipped_mask.png,11998191,1865,450,450,20,float32,LZW,0.02,0.02,119,36,4326,450,450,L,0;255,paired,a9050f11625850dd8e2fc0b04f1458a387b1a992e26e37674b76b1847bd372f0,701afac2760390962a19a5f80ffdd9e7f5dd70020d3178a8a637eeaefc205dc7
2020,NC_H08_20200511_0030_R21_FLDK.06001_06001_clipped,Himawari-8,20200511,0030,2020_new_clip/NC_H08_20200511_0030_R21_FLDK.06001_06001_clipped.tif,mask/NC_H08_20200511_0030_R21_FLDK.06001_06001_clipped_mask.png,12075982,1465,450,450,20,float32,LZW,0.02,0.02,119,36,4326,450,450,L,0;255,paired,21b6ffac37cc9714b50a6c1d165772497b73623d4351fb397c94489811f2f8ed,98f534ab912252a0f9f00f10ecf5223e0ceb19ab78ae26230b431dd56d0919a8
2020,NC_H08_20200511_0100_R21_FLDK.06001_06001_clipped,Himawari-8,20200511,0100,2020_new_clip/NC_H08_20200511_0100_R21_FLDK.06001_06001_clipped.tif,mask/NC_H08_20200511_0100_R21_FLDK.06001_06001_clipped_mask.png,12125698,1611,450,450,20,float32,LZW,0.02,0.02,119,36,4326,450,450,L,0;255,paired,77fb644647ff97b4d4921431530485312891a9a025c569fbaee54eaf29a3d5e0,37629dd0c51aa0cfe370bec1f09f28b4c67d3b0cd095c114506e1661521ab2da
2020,NC_H08_20200511_0130_R21_FLDK.06001_06001_clipped,Himawari-8,20200511,0130,2020_new_clip/NC_H08_20200511_0130_R21_FLDK.06001_06001_clipped.tif,mask/NC_H08_20200511_0130_R21_FLDK.06001_06001_clipped_mask.png,12206773,1410,450,450,20,float32,LZW,0.02,0.02,119,36,4326,450,450,L,0;255,paired,7c7fd7c952dfae25eedf3ffbc4487f55e4920f43d700cbac42ab08f170281508,94a968aa9bd2d11c71d0e9468688fffb43f1e795ec5d0f006a9695b793716933
2020,NC_H08_20200511_0200_R21_FLDK.06001_06001_clipped,Himawari-8,20200511,0200,2020_new_clip/NC_H08_20200511_0200_R21_FLDK.06001_06001_clipped.tif,mask/NC_H08_20200511_0200_R21_FLDK.06001_06001_clipped_mask.png,12266959,1473,450,450,20,float32,LZW,0.02,0.02,119,36,4326,450,450,L,0;255,paired,83c343514978a42fcebcc8c258b0d062dae4c7ef9c987ac6a23aba53fcafe454,8ce9ebc9444b0a58f6f9e6119c9b7f081ac640f634ca2263e22f441bbe67db4a
2020,NC_H08_20200511_0230_R21_FLDK.06001_06001_clipped,Himawari-8,20200511,0230,2020_new_clip/NC_H08_20200511_0230_R21_FLDK.06001_06001_clipped.tif,mask/NC_H08_20200511_0230_R21_FLDK.06001_06001_clipped_mask.png,12343081,1502,450,450,20,float32,LZW,0.02,0.02,119,36,4326,450,450,L,0;255,paired,3b9a336119e5939bd676307e47081a492ff7694002c5d9b465e684afdd22e273,e5f93461200bd313cb53180dcb517c980f9a4905ff5e4a1ddb25ae300d23aaf1
2020,NC_H08_20200511_0300_R21_FLDK.06001_06001_clipped,Himawari-8,20200511,0300,2020_new_clip/NC_H08_20200511_0300_R21_FLDK.06001_06001_clipped.tif,mask/NC_H08_20200511_0300_R21_FLDK.06001_06001_clipped_mask.png,12367102,1686,450,450,20,float32,LZW,0.02,0.02,119,36,4326,450,450,L,0;255,paired,9867ef38bc04bf98dc41e8b6ac07d879005c588556169e02539423cdeeebe9c8,d9ab0dbec972964bfbfb076f25b67d114fd3e104b9287e9276206cc2b3f38ff6
2020,NC_H08_20200511_0330_R21_FLDK.06001_06001_clipped,Himawari-8,20200511,0330,2020_new_clip/NC_H08_20200511_0330_R21_FLDK.06001_06001_clipped.tif,mask/NC_H08_20200511_0330_R21_FLDK.06001_06001_clipped_mask.png,12278580,1821,450,450,20,float32,LZW,0.02,0.02,119,36,4326,450,450,L,0;255,paired,79246f3379a4b9079d092e67ed086754e956e414435ecf969eab74bcdf89d66b,0af76e8f2c6ea816f65cb881f9f0772f7c39ef2bb51f7372dd81fed48937f622
2020,NC_H08_20200511_0400_R21_FLDK.06001_06001_clipped,Himawari-8,20200511,0400,2020_new_clip/NC_H08_20200511_0400_R21_FLDK.06001_06001_clipped.tif,mask/NC_H08_20200511_0400_R21_FLDK.06001_06001_clipped_mask.png,12416318,1736,450,450,20,float32,LZW,0.02,0.02,119,36,4326,450,450,L,0;255,paired,c8952fa5789e99c66bae8b4b2b63ce15022211be91036819720cf446b49e2f73,f86b5eae3dd8e10e3a9b6a9aa3b20bc65de901e50a81f09fe9adc9b4ed7bb801
2020,NC_H08_20200511_0430_R21_FLDK.06001_06001_clipped,Himawari-8,20200511,0430,2020_new_clip/NC_H08_20200511_0430_R21_FLDK.06001_06001_clipped.tif,mask/NC_H08_20200511_0430_R21_FLDK.06001_06001_clipped_mask.png,12526194,1701,450,450,20,float32,LZW,0.02,0.02,119,36,4326,450,450,L,0;255,paired,1d4a11079fd58688b822adbf635530ad84ab2afe75da0d5048ab5575a96a0eb3,a013876cef02162253b5c2ae11a59815975bf32db3a0951cf7495d6e9e07f42a
2020,NC_H08_20200511_0500_R21_FLDK.06001_06001_clipped,Himawari-8,20200511,0500,2020_new_clip/NC_H08_20200511_0500_R21_FLDK.06001_06001_clipped.tif,mask/NC_H08_20200511_0500_R21_FLDK.06001_06001_clipped_mask.png,12547572,1605,450,450,20,float32,LZW,0.02,0.02,119,36,4326,450,450,L,0;255,paired,f98d6294d5f274719d9c7bbd564400aaf4c3611b5a12455eb2de15b771cd0ca9,e95033623017b9e3002308dc4a39035a8bae5bef327a554f1a6f2c3f39622a14
2020,NC_H08_20200511_0530_R21_FLDK.06001_06001_clipped,Himawari-8,20200511,0530,2020_new_clip/NC_H08_20200511_0530_R21_FLDK.06001_06001_clipped.tif,mask/NC_H08_20200511_0530_R21_FLDK.06001_06001_clipped_mask.png,12582153,1628,450,450,20,float32,LZW,0.02,0.02,119,36,4326,450,450,L,0;255,paired,46ac1d45cee82920a70cda7a63754df2e8b70d330ebe15521ed90a30f6a421fa,5bf0dae5317fcb6ae5bcb73453012317043f206a56ef096124cbfa9a7f49b498
2020,NC_H08_20200511_0600_R21_FLDK.06001_06001_clipped,Himawari-8,20200511,0600,2020_new_clip/NC_H08_20200511_0600_R21_FLDK.06001_06001_clipped.tif,mask/NC_H08_20200511_0600_R21_FLDK.06001_06001_clipped_mask.png,12585023,1587,450,450,20,float32,LZW,0.02,0.02,119,36,4326,450,450,L,0;255,paired,da0c8dc99a21d4624009c84fcdd3c0c8aba16e0ff3b8a686895abf286e6c152f,c8fc8141b2a7e135a07e784c2a9565206716862e4ce289c6a55dce534d98405e
2020,NC_H08_20200511_0630_R21_FLDK.06001_06001_clipped,Himawari-8,20200511,0630,2020_new_clip/NC_H08_20200511_0630_R21_FLDK.06001_06001_clipped.tif,mask/NC_H08_20200511_0630_R21_FLDK.06001_06001_clipped_mask.png,12574300,1527,450,450,20,float32,LZW,0.02,0.02,119,36,4326,450,450,L,0;255,paired,1c469da62c9e7f5caafdc78ed983d31c65fa6d5ca1cf8173cbab5aa4e2a6278f,5677998cbde76ab8b8c968ccc5da82faa9b4bff9edf3ea3c3189ff6e41e9677b
2020,NC_H08_20200511_0700_R21_FLDK.06001_06001_clipped,Himawari-8,20200511,0700,2020_new_clip/NC_H08_20200511_0700_R21_FLDK.06001_06001_clipped.tif,mask/NC_H08_20200511_0700_R21_FLDK.06001_06001_clipped_mask.png,12613259,1526,450,450,20,float32,LZW,0.02,0.02,119,36,4326,450,450,L,0;255,paired,ca41d59a17ee6bcb9a93b0d2f048d6dda100dc408d4b003530db07c0fce923ff,a6d022292dd398249d85b759108eaf5cb49ae9f11091dd3e992482f97999f0be
2020,NC_H08_20200511_0730_R21_FLDK.06001_06001_clipped,Himawari-8,20200511,0730,2020_new_clip/NC_H08_20200511_0730_R21_FLDK.06001_06001_clipped.tif,mask/NC_H08_20200511_0730_R21_FLDK.06001_06001_clipped_mask.png,12672267,1618,450,450,20,float32,LZW,0.02,0.02,119,36,4326,450,450,L,0;255,paired,c37fd938c2bcfe16fda8e221e531b07d8225ae3df56d6606602516a1c6fe9cd0,3464c4a52389c5cd3599c4ef66df63f74c731f054f6525ebc82982f53bd6665c
2020,NC_H08_20200511_0800_R21_FLDK.06001_06001_clipped,Himawari-8,20200511,0800,2020_new_clip/NC_H08_20200511_0800_R21_FLDK.06001_06001_clipped.tif,mask/NC_H08_20200511_0800_R21_FLDK.06001_06001_clipped_mask.png,12681277,1358,450,450,20,float32,LZW,0.02,0.02,119,36,4326,450,450,L,0;255,paired,e750b9b540a162f2f75a40ac0e9d962ea3e56bceb48e533b15c0d533391dbb33,aeb1f51d69b0c000bfe095e1a57e2e0ffc559a04c231fe35bd247644d5c8364f
2020,NC_H08_20200511_0830_R21_FLDK.06001_06001_clipped,Himawari-8,20200511,0830,2020_new_clip/NC_H08_20200511_0830_R21_FLDK.06001_06001_clipped.tif,mask/NC_H08_20200511_0830_R21_FLDK.06001_06001_clipped_mask.png,12667494,1371,450,450,20,float32,LZW,0.02,0.02,119,36,4326,450,450,L,0;255,paired,3a4ed579a82764dbc772385a27175edb093c180e6f09a4b4a57327f4505dda98,506c099774a833fbd394832eb2fcfae1f270232d7b428a96e521bf89218a9a66
2020,NC_H08_20200511_0900_R21_FLDK.06001_06001_clipped,Himawari-8,20200511,0900,2020_new_clip/NC_H08_20200511_0900_R21_FLDK.06001_06001_clipped.tif,mask/NC_H08_20200511_0900_R21_FLDK.06001_06001_clipped_mask.png,12588555,1200,450,450,20,float32,LZW,0.02,0.02,119,36,4326,450,450,L,0;255,paired,17999c4cd814759e6c1260c41a5c09b606ffe330e760780751a514d279d52273,606b49eddc80fd95659e79fc7c2e762083b93f76d00052882839272b350cf920
2020,NC_H08_20200511_0930_R21_FLDK.06001_06001_clipped,Himawari-8,20200511,0930,2020_new_clip/NC_H08_20200511_0930_R21_FLDK.06001_06001_clipped.tif,mask/NC_H08_20200511_0930_R21_FLDK.06001_06001_clipped_mask.png,12441471,1295,450,450,20,float32,LZW,0.02,0.02,119,36,4326,450,450,L,0;255,paired,cbea31ae07363862e45997e6075bd397c6cb042510d8c254dd3d38486dc63582,16d77311e579e79dddc7c06845438e4145b742bb3f8f15558744aa6a8886bf64
2020,NC_H08_20200511_1000_R21_FLDK.06001_06001_clipped,Himawari-8,20200511,1000,2020_new_clip/NC_H08_20200511_1000_R21_FLDK.06001_06001_clipped.tif,mask/NC_H08_20200511_1000_R21_FLDK.06001_06001_clipped_mask.png,11957639,1163,450,450,20,float32,LZW,0.02,0.02,119,36,4326,450,450,L,0;255,paired,ccf551659aed4f36847943767c6b891a28041c31e6f566c33af65520ed802fd0,9d2af513671530373515fd7375286293a5c7ee14abeb7b7055c51b7f5bba7ec3
2020,NC_H08_20200515_0000_R21_FLDK.06001_06001_clipped,Himawari-8,20200515,0000,2020_new_clip/NC_H08_20200515_0000_R21_FLDK.06001_06001_clipped.tif,mask/NC_H08_20200515_0000_R21_FLDK.06001_06001_clipped_mask.png,13234410,792,450,450,20,float32,LZW,0.02,0.02,119,36,4326,450,450,L,0;255,paired,51b671935901d75a86131ac416c04cb9331a9d8e3fb3a039817b73a1227694b3,7d2fbf0fb7f97952e53871ec4fcc935b600207bfd42fb1f263ad79e35516b668
2020,NC_H08_20200515_0030_R21_FLDK.06001_06001_clipped,Himawari-8,20200515,0030,2020_new_clip/NC_H08_20200515_0030_R21_FLDK.06001_06001_clipped.tif,mask/NC_H08_20200515_0030_R21_FLDK.06001_06001_clipped_mask.png,13274472,707,450,450,20,float32,LZW,0.02,0.02,119,36,4326,450,450,L,0;255,paired,f71f5d1f9689fbf0a62d4dce1b8d58ad98ea22a5464cf9b16e269546eb294a5c,c64fd8ad8812957123e06b6af72decc631e5bd73797723262568d9be6e17b295
2020,NC_H08_20200515_0100_R21_FLDK.06001_06001_clipped,Himawari-8,20200515,0100,2020_new_clip/NC_H08_20200515_0100_R21_FLDK.06001_06001_clipped.tif,mask/NC_H08_20200515_0100_R21_FLDK.06001_06001_clipped_mask.png,13310260,608,450,450,20,float32,LZW,0.02,0.02,119,36,4326,450,450,L,0;255,paired,07ebd12dec7a7fb6389cbea5836c4f57bc9299d66e31e44cc1098ce85afccfe0,df26f4649ecb345d1f102743156ff03231e7f8fb2cfa53eeb7db64afa98c803b
2020,NC_H08_20200515_0130_R21_FLDK.06001_06001_clipped,Himawari-8,20200515,0130,2020_new_clip/NC_H08_20200515_0130_R21_FLDK.06001_06001_clipped.tif,mask/NC_H08_20200515_0130_R21_FLDK.06001_06001_clipped_mask.png,13345052,693,450,450,20,float32,LZW,0.02,0.02,119,36,4326,450,450,L,0;255,paired,1310a0c800fd42f0b86bd4745718ac5f0d2276974d6d9f5c8f11b89fb96dd0d4,9110a6f3556baff9aaa899aab29e4003b2c8bbcc0c589419351ec5bf53ba0a1b
2020,NC_H08_20200515_0200_R21_FLDK.06001_06001_clipped,Himawari-8,20200515,0200,2020_new_clip/NC_H08_20200515_0200_R21_FLDK.06001_06001_clipped.tif,mask/NC_H08_20200515_0200_R21_FLDK.06001_06001_clipped_mask.png,13375380,681,450,450,20,float32,LZW,0.02,0.02,119,36,4326,450,450,L,0;255,paired,16887b8777d808f87f5eb70ed45557d491c6724fffe249a4b27ecaf224e66965,3d77f374487971f676a2ec23133492e5d56c7a63b60eef766e7ec19c60c82dab
2020,NC_H08_20200515_0230_R21_FLDK.06001_06001_clipped,Himawari-8,20200515,0230,2020_new_clip/NC_H08_20200515_0230_R21_FLDK.06001_06001_clipped.tif,mask/NC_H08_20200515_0230_R21_FLDK.06001_06001_clipped_mask.png,13376979,878,450,450,20,float32,LZW,0.02,0.02,119,36,4326,450,450,L,0;255,paired,9f4854b7f88c8b820446d11bf2364a0ddec19f32ea75d81b81348cdd75251e46,062c8eb9a4a55df29c1b88cf262dd5e1f4f8e001be231bdecc042ddf3680bec9
2020,NC_H08_20200515_0300_R21_FLDK.06001_06001_clipped,Himawari-8,20200515,0300,2020_new_clip/NC_H08_20200515_0300_R21_FLDK.06001_06001_clipped.tif,mask/NC_H08_20200515_0300_R21_FLDK.06001_06001_clipped_mask.png,13369365,937,450,450,20,float32,LZW,0.02,0.02,119,36,4326,450,450,L,0;255,paired,a28ac583eabaa6fdd19e3e5625a7eed1e65b20c6da2a7a80119869c727cf8ea7,e5c84472a7c9003a3a004ba09ff54d04baf9a0fb0589232f382ba112f5dc89d1
2020,NC_H08_20200515_0330_R21_FLDK.06001_06001_clipped,Himawari-8,20200515,0330,2020_new_clip/NC_H08_20200515_0330_R21_FLDK.06001_06001_clipped.tif,mask/NC_H08_20200515_0330_R21_FLDK.06001_06001_clipped_mask.png,13231235,978,450,450,20,float32,LZW,0.02,0.02,119,36,4326,450,450,L,0;255,paired,d31ddec23190e256cd625f5db7e321643a5ea020b18702a5b39f24153bd27fad,bc5285b1f053ae448501761bc99436de10ca0901f104701bd6a921da16791a11
2020,NC_H08_20200515_0400_R21_FLDK.06001_06001_clipped,Himawari-8,20200515,0400,2020_new_clip/NC_H08_20200515_0400_R21_FLDK.06001_06001_clipped.tif,mask/NC_H08_20200515_0400_R21_FLDK.06001_06001_clipped_mask.png,13324008,1031,450,450,20,float32,LZW,0.02,0.02,119,36,4326,450,450,L,0;255,paired,92a5f9ec48e5c84c962b6edddc976790f09354663b74d14d594964ce49468938,f5f3072a07c2013b81d80c2511824cb12fcb23e8ac7c103b61a436b908fa3f8d
2020,NC_H08_20200515_0430_R21_FLDK.06001_06001_clipped,Himawari-8,20200515,0430,2020_new_clip/NC_H08_20200515_0430_R21_FLDK.06001_06001_clipped.tif,mask/NC_H08_20200515_0430_R21_FLDK.06001_06001_clipped_mask.png,13397547,830,450,450,20,float32,LZW,0.02,0.02,119,36,4326,450,450,L,0;255,paired,ea3f4dc13d695dcb69ba508300e871a29f8682ef5188c81ef507c3e036ed1e64,3fa045976e59c2a1c82790aaed861aa34e30c2b5a7ee7998bca32ed3cba1dafa
2020,NC_H08_20200515_0500_R21_FLDK.06001_06001_clipped,Himawari-8,20200515,0500,2020_new_clip/NC_H08_20200515_0500_R21_FLDK.06001_06001_clipped.tif,mask/NC_H08_20200515_0500_R21_FLDK.06001_06001_clipped_mask.png,13369833,897,450,450,20,float32,LZW,0.02,0.02,119,36,4326,450,450,L,0;255,paired,bb5c2dfce4f8b3341e0ba96d1a6f2b25e08c767471af8404f686369c413f9d13,794aa8df6560f8cb830fa9a6ba7bf46d038829dd8dc96102f024947a7032db5e
2020,NC_H08_20200515_0530_R21_FLDK.06001_06001_clipped,Himawari-8,20200515,0530,2020_new_clip/NC_H08_20200515_0530_R21_FLDK.06001_06001_clipped.tif,mask/NC_H08_20200515_0530_R21_FLDK.06001_06001_clipped_mask.png,13342411,948,450,450,20,float32,LZW,0.02,0.02,119,36,4326,450,450,L,0;255,paired,f169284883c0f4512bd56142374a98ead9b2accffb71af29d2a0679a82231e84,5e085829f6f58626225e8fd1ae19e08194d9db1d03352ec34880882949017795
2020,NC_H08_20200515_0600_R21_FLDK.06001_06001_clipped,Himawari-8,20200515,0600,2020_new_clip/NC_H08_20200515_0600_R21_FLDK.06001_06001_clipped.tif,mask/NC_H08_20200515_0600_R21_FLDK.06001_06001_clipped_mask.png,13285664,964,450,450,20,float32,LZW,0.02,0.02,119,36,4326,450,450,L,0;255,paired,c08a7c604236ef2e8d8289b0aa9a2bb20750ce76acf78ce47e4db120bcb4a9bc,ff2882e11728f074f89c275e713b4e0c537305d6f0a53372ddb4ece3665af9fe
2020,NC_H08_20200515_0630_R21_FLDK.06001_06001_clipped,Himawari-8,20200515,0630,2020_new_clip/NC_H08_20200515_0630_R21_FLDK.06001_06001_clipped.tif,mask/NC_H08_20200515_0630_R21_FLDK.06001_06001_clipped_mask.png,13246060,791,450,450,20,float32,LZW,0.02,0.02,119,36,4326,450,450,L,0;255,paired,090ea3537069eab843d2837705815632dbda7e859d0536b4507af83de750f321,c6a54cc822e4a03bfe449dc4a945eed81146776f32e065d54fb9ad18c16b9849
2020,NC_H08_20200515_0700_R21_FLDK.06001_06001_clipped,Himawari-8,20200515,0700,2020_new_clip/NC_H08_20200515_0700_R21_FLDK.06001_06001_clipped.tif,mask/NC_H08_20200515_0700_R21_FLDK.06001_06001_clipped_mask.png,13202733,721,450,450,20,float32,LZW,0.02,0.02,119,36,4326,450,450,L,0;255,paired,5012c6d241821bdc6c86bc33b10cf07a33e909259f84e5a7a518fd1880d7e08c,984e70be9ed94a5dabd81068ccae6f35ee0a52dc9da0a10bd0ac7069fb6992d2
2020,NC_H08_20200515_0730_R21_FLDK.06001_06001_clipped,Himawari-8,20200515,0730,2020_new_clip/NC_H08_20200515_0730_R21_FLDK.06001_06001_clipped.tif,mask/NC_H08_20200515_0730_R21_FLDK.06001_06001_clipped_mask.png,13143682,748,450,450,20,float32,LZW,0.02,0.02,119,36,4326,450,450,L,0;255,paired,2c87c1550cce5f7573b7ed28310cc441c3a399eb39f85c6c31e586778c91cc8f,bb227bf120e57fa6c6332864adf261ec4f3df603ed5c5b512b78a7feea949291
2020,NC_H08_20200515_0800_R21_FLDK.06001_06001_clipped,Himawari-8,20200515,0800,2020_new_clip/NC_H08_20200515_0800_R21_FLDK.06001_06001_clipped.tif,mask/NC_H08_20200515_0800_R21_FLDK.06001_06001_clipped_mask.png,13090959,833,450,450,20,float32,LZW,0.02,0.02,119,36,4326,450,450,L,0;255,paired,b039b9fefbdb18d3e2fb79aad026583bc404440448a8f0d39bd8f18d7ebf99a4,cd38c8b02097ccdc730a32545b0bb3cf9d7df5bd372821fe27df62704d3dae5c
2020,NC_H08_20200515_0830_R21_FLDK.06001_06001_clipped,Himawari-8,20200515,0830,2020_new_clip/NC_H08_20200515_0830_R21_FLDK.06001_06001_clipped.tif,mask/NC_H08_20200515_0830_R21_FLDK.06001_06001_clipped_mask.png,13004489,874,450,450,20,float32,LZW,0.02,0.02,119,36,4326,450,450,L,0;255,paired,c71bdf7e45cabe6457970ae5344dec94c694b56a35236c1c75ce61bb564bfcfb,fea7a441e217732dbe39d3d48c782beaaa7cbe9144eb9e0a0d0cc081af9efe74
2020,NC_H08_20200515_0900_R21_FLDK.06001_06001_clipped,Himawari-8,20200515,0900,2020_new_clip/NC_H08_20200515_0900_R21_FLDK.06001_06001_clipped.tif,mask/NC_H08_20200515_0900_R21_FLDK.06001_06001_clipped_mask.png,12930404,854,450,450,20,float32,LZW,0.02,0.02,119,36,4326,450,450,L,0;255,paired,270eb8903b9ec1f0c24892e0668a876eeaa8197aa8d595224affaad8ca522c85,5adb9ef26c2e84508a10830df98227a8d79b0f441da1c99ae029ee5fad63087f
2020,NC_H08_20200523_0000_R21_FLDK.06001_06001_clipped,Himawari-8,20200523,0000,2020_new_clip/NC_H08_20200523_0000_R21_FLDK.06001_06001_clipped.tif,mask/NC_H08_20200523_0000_R21_FLDK.06001_06001_clipped_mask.png,12983597,1418,450,450,20,float32,LZW,0.02,0.02,119,36,4326,450,450,L,0;255,paired,bbe53d8e5d2096410fa5c8971497a2d3709c24cc6f4c70972bb54b9c36b723b1,cdff3ed434ec14c143e4c6c40929ddccfa32243d3f0698f7a3f063224b10272f
2020,NC_H08_20200523_0030_R21_FLDK.06001_06001_clipped,Himawari-8,20200523,0030,2020_new_clip/NC_H08_20200523_0030_R21_FLDK.06001_06001_clipped.tif,mask/NC_H08_20200523_0030_R21_FLDK.06001_06001_clipped_mask.png,13000573,1365,450,450,20,float32,LZW,0.02,0.02,119,36,4326,450,450,L,0;255,paired,288d276fbb16c691a4ecf2c611aa5a29171a2344a41527c6a95d344db79354bd,2ecd16a0e6c23adf79565bb61f1209ec5e6331322ca5c4489bbf05a8dc1be716
2020,NC_H08_20200523_0100_R21_FLDK.06001_06001_clipped,Himawari-8,20200523,0100,2020_new_clip/NC_H08_20200523_0100_R21_FLDK.06001_06001_clipped.tif,mask/NC_H08_20200523_0100_R21_FLDK.06001_06001_clipped_mask.png,13011640,1297,450,450,20,float32,LZW,0.02,0.02,119,36,4326,450,450,L,0;255,paired,3ff0cbc5374e1168032fd173a6713db7bc5d43c2e7de97e9f442dbc7a7abc2e1,ca725cc6db33e1db868232b5bae479c15ae08384215324de863aaf2e31f83d62
2020,NC_H08_20200523_0130_R21_FLDK.06001_06001_clipped,Himawari-8,20200523,0130,2020_new_clip/NC_H08_20200523_0130_R21_FLDK.06001_06001_clipped.tif,mask/NC_H08_20200523_0130_R21_FLDK.06001_06001_clipped_mask.png,13039507,1237,450,450,20,float32,LZW,0.02,0.02,119,36,4326,450,450,L,0;255,paired,2aafc50e2c06af26a47dfd4c9938310c398d7d01e8ced54bfe2a1aa42d508f41,e9670030aec9935e7d67184ed697f5920e4266221501e705121c6ec8ed9ed25a
2020,NC_H08_20200523_0200_R21_FLDK.06001_06001_clipped,Himawari-8,20200523,0200,2020_new_clip/NC_H08_20200523_0200_R21_FLDK.06001_06001_clipped.tif,mask/NC_H08_20200523_0200_R21_FLDK.06001_06001_clipped_mask.png,13067712,1419,450,450,20,float32,LZW,0.02,0.02,119,36,4326,450,450,L,0;255,paired,d01b6eb20695e90f482ca61cb039de80cf6a35204bc6594d81765a501a0ae659,4129234dbecb057b2f9124e07f2cfd9b9321cf4db8f0b218edfcaa3dbcaed913
2020,NC_H08_20200523_0230_R21_FLDK.06001_06001_clipped,Himawari-8,20200523,0230,2020_new_clip/NC_H08_20200523_0230_R21_FLDK.06001_06001_clipped.tif,mask/NC_H08_20200523_0230_R21_FLDK.06001_06001_clipped_mask.png,13100614,1431,450,450,20,float32,LZW,0.02,0.02,119,36,4326,450,450,L,0;255,paired,3193adcbdf357b05a3fd48f34c6d9004d82686b3629e66dd787312e80d873f76,1fe1d0fb9a5f108fa5cbfc27bfdcaa151d77f05adc181808de452dee6bb7e60e
2020,NC_H08_20200523_0300_R21_FLDK.06001_06001_clipped,Himawari-8,20200523,0300,2020_new_clip/NC_H08_20200523_0300_R21_FLDK.06001_06001_clipped.tif,mask/NC_H08_20200523_0300_R21_FLDK.06001_06001_clipped_mask.png,13091314,1529,450,450,20,float32,LZW,0.02,0.02,119,36,4326,450,450,L,0;255,paired,8d84e5a2eb90194562ae461faa05880f2be4712a1d4848a6c46fc245882d7d15,0a2ea2c6b50bb61e8cc63093487a8c09a730ea20c39f5e47eecf26931a83c52a
2020,NC_H08_20200523_0330_R21_FLDK.06001_06001_clipped,Himawari-8,20200523,0330,2020_new_clip/NC_H08_20200523_0330_R21_FLDK.06001_06001_clipped.tif,mask/NC_H08_20200523_0330_R21_FLDK.06001_06001_clipped_mask.png,12959689,1248,450,450,20,float32,LZW,0.02,0.02,119,36,4326,450,450,L,0;255,paired,473039db918300b3cc1f01f93d35dd1acc49e9f7f559a0b28ef1297d81954130,823cf4ea75182fd471bf71f78a0ebfa99a918449e58e71a93be36be5933b91c0
2020,NC_H08_20200523_0400_R21_FLDK.06001_06001_clipped,Himawari-8,20200523,0400,2020_new_clip/NC_H08_20200523_0400_R21_FLDK.06001_06001_clipped.tif,mask/NC_H08_20200523_0400_R21_FLDK.06001_06001_clipped_mask.png,13059611,1111,450,450,20,float32,LZW,0.02,0.02,119,36,4326,450,450,L,0;255,paired,f51de2a0d4cdb6c431198c2addc165465e377c07e3e17db74d32b13080124457,2e4da9b01fc30a6f592b0cbb9a59ae3555f58baab33f795f072d8c84ace2ee14
2020,NC_H08_20200523_0430_R21_FLDK.06001_06001_clipped,Himawari-8,20200523,0430,2020_new_clip/NC_H08_20200523_0430_R21_FLDK.06001_06001_clipped.tif,mask/NC_H08_20200523_0430_R21_FLDK.06001_06001_clipped_mask.png,13109290,1232,450,450,20,float32,LZW,0.02,0.02,119,36,4326,450,450,L,0;255,paired,e792bc19c48325fd64f398573f3c50644068a7fde76e6f54a7bbf95d059cae70,e44dac3d24276d4a90f50666d548aac8f04a3b09d676bd23116cb960ae69d033
2020,NC_H08_20200523_0500_R21_FLDK.06001_06001_clipped,Himawari-8,20200523,0500,2020_new_clip/NC_H08_20200523_0500_R21_FLDK.06001_06001_clipped.tif,mask/NC_H08_20200523_0500_R21_FLDK.06001_06001_clipped_mask.png,13056504,1212,450,450,20,float32,LZW,0.02,0.02,119,36,4326,450,450,L,0;255,paired,649a7e2ef5affd8bcdfad028c24608e2feb6f8fa2c82ca2e0198bfdad586d04e,bd3a675a037c6c18e754dc1abecb9bfa81b60c0df890dbffa84ef918e40e465f
2020,NC_H08_20200523_0530_R21_FLDK.06001_06001_clipped,Himawari-8,20200523,0530,2020_new_clip/NC_H08_20200523_0530_R21_FLDK.06001_06001_clipped.tif,mask/NC_H08_20200523_0530_R21_FLDK.06001_06001_clipped_mask.png,13003071,1220,450,450,20,float32,LZW,0.02,0.02,119,36,4326,450,450,L,0;255,paired,8854210c4d09cc3dbce58724e46e5de69ec72276e32a98d8f75e3b38e4282da0,280d7d17c90d9e33228b9e90aef5c9a6f4e671667b1aa029214637740d9450fc
2020,NC_H08_20200523_0600_R21_FLDK.06001_06001_clipped,Himawari-8,20200523,0600,2020_new_clip/NC_H08_20200523_0600_R21_FLDK.06001_06001_clipped.tif,mask/NC_H08_20200523_0600_R21_FLDK.06001_06001_clipped_mask.png,12928707,1164,450,450,20,float32,LZW,0.02,0.02,119,36,4326,450,450,L,0;255,paired,f5647f0c7372df958660796f16737afae1be337d04a60bf347139697da652779,1958d6d132c362baef6fccd475e3ffc8ac0a568fbddec63aa0d71f9e3ac95b2a
2020,NC_H08_20200523_0630_R21_FLDK.06001_06001_clipped,Himawari-8,20200523,0630,2020_new_clip/NC_H08_20200523_0630_R21_FLDK.06001_06001_clipped.tif,mask/NC_H08_20200523_0630_R21_FLDK.06001_06001_clipped_mask.png,12829772,1045,450,450,20,float32,LZW,0.02,0.02,119,36,4326,450,450,L,0;255,paired,71415d4dd34fc462d91a3b393e9e34348732052ac9229f6ace975cfc780a5957,8321199fb7563e6b0ac6a80bda6e0ac4dd4d42ba559c7729d74947bdf4e8b5d0
2020,NC_H08_20200523_0700_R21_FLDK.06001_06001_clipped,Himawari-8,20200523,0700,2020_new_clip/NC_H08_20200523_0700_R21_FLDK.06001_06001_clipped.tif,mask/NC_H08_20200523_0700_R21_FLDK.06001_06001_clipped_mask.png,12749992,1152,450,450,20,float32,LZW,0.02,0.02,119,36,4326,450,450,L,0;255,paired,749616406899b8fcb82fb3eaba8a9420b7a6c6514b5b0622261e4b554bb522e6,d8cdfeb74fd3924fcd18e2840a5bb77fce6367e5d98f38cce038cc399c081bda
2020,NC_H08_20200523_0730_R21_FLDK.06001_06001_clipped,Himawari-8,20200523,0730,2020_new_clip/NC_H08_20200523_0730_R21_FLDK.06001_06001_clipped.tif,mask/NC_H08_20200523_0730_R21_FLDK.06001_06001_clipped_mask.png,12695746,1741,450,450,20,float32,LZW,0.02,0.02,119,36,4326,450,450,L,0;255,paired,b8a70e8bbc36b3995c7d754f9d18bc89ca40d529fd4a0761ded3ecf920de5076,4658033918602154ca7e701c0233cac177835ad45ff62842fa29ca655f4bb2d8
2020,NC_H08_20200523_0800_R21_FLDK.06001_06001_clipped,Himawari-8,20200523,0800,2020_new_clip/NC_H08_20200523_0800_R21_FLDK.06001_06001_clipped.tif,mask/NC_H08_20200523_0800_R21_FLDK.06001_06001_clipped_mask.png,12578603,1663,450,450,20,float32,LZW,0.02,0.02,119,36,4326,450,450,L,0;255,paired,2968ef6c8ac3b002c4d2a5eb9be5bbac8c9add4822ea0fbcbd504243f5231cdd,1fe790729c0f08b0877d2c9db14371c186707baabcb9a93ab80acab19f61611e
2020,NC_H08_20200523_0830_R21_FLDK.06001_06001_clipped,Himawari-8,20200523,0830,2020_new_clip/NC_H08_20200523_0830_R21_FLDK.06001_06001_clipped.tif,mask/NC_H08_20200523_0830_R21_FLDK.06001_06001_clipped_mask.png,12511062,832,450,450,20,float32,LZW,0.02,0.02,119,36,4326,450,450,L,0;255,paired,fe20d0bb40dc1f23d4e6f926ef85cc7104669a1cc7bbac8143e83625928eef58,d8e0d40e09c8d648030e0b2706e3405631fe574055985267c7a98466e0aac4e1
2020,NC_H08_20200523_0900_R21_FLDK.06001_06001_clipped,Himawari-8,20200523,0900,2020_new_clip/NC_H08_20200523_0900_R21_FLDK.06001_06001_clipped.tif,mask/NC_H08_20200523_0900_R21_FLDK.06001_06001_clipped_mask.png,12428256,539,450,450,20,float32,LZW,0.02,0.02,119,36,4326,450,450,L,0;255,paired,3fdfc9bca26307d99b132f75a8d457ba78cd83a03baa52ec41f67cb6e3d35b7e,0c3388e33867965977e448395365796f2eda06ae5f212c2d572ba2b7e47c52e9
2020,NC_H08_20201116_0000_R21_FLDK.06001_06001_clipped,Himawari-8,20201116,0000,2020_new_clip/NC_H08_20201116_0000_R21_FLDK.06001_06001_clipped.tif,mask/NC_H08_20201116_0000_R21_FLDK.06001_06001_clipped_mask.png,12445115,1604,450,450,20,float32,LZW,0.02,0.02,119,36,4326,450,450,L,0;255,paired,bb2fee4aed7555eadedf4ce070ef949dac989989b2fd0bddabc0e1c57b069855,fee113a57f003d3729081e8542fc56a8c03aaf904d99e59a5b4e93ac6930da4a
2020,NC_H08_20201116_0100_R21_FLDK.06001_06001_clipped,Himawari-8,20201116,0100,2020_new_clip/NC_H08_20201116_0100_R21_FLDK.06001_06001_clipped.tif,mask/NC_H08_20201116_0100_R21_FLDK.06001_06001_clipped_mask.png,12516503,1460,450,450,20,float32,LZW,0.02,0.02,119,36,4326,450,450,L,0;255,paired,338a061b65fedc525ed568fa863ba0b6f61a8c3aa9d97c05d6b172719903b1d6,9a7183b21e267fa1113ec3f8ae98291bb326b3642969bfdc5ff765a463fc8320
2020,NC_H08_20201116_0130_R21_FLDK.06001_06001_clipped,Himawari-8,20201116,0130,2020_new_clip/NC_H08_20201116_0130_R21_FLDK.06001_06001_clipped.tif,mask/NC_H08_20201116_0130_R21_FLDK.06001_06001_clipped_mask.png,12507689,1270,450,450,20,float32,LZW,0.02,0.02,119,36,4326,450,450,L,0;255,paired,da4864f0a7b3e3c7467ef1bb941b3504d0c7739a0188a9742da8b3905318e1e4,48718a9ce15f333c8d138bcd659a3b5389857ff173b50b5488131575bea3aba6
2020,NC_H08_20201116_0230_R21_FLDK.06001_06001_clipped,Himawari-8,20201116,0230,2020_new_clip/NC_H08_20201116_0230_R21_FLDK.06001_06001_clipped.tif,mask/NC_H08_20201116_0230_R21_FLDK.06001_06001_clipped_mask.png,12550128,955,450,450,20,float32,LZW,0.02,0.02,119,36,4326,450,450,L,0;255,paired,85c2691f7b9791c02daf2fccbc6f89ebe904f7232fef3516085b74e96731101a,5779cbe27857ea173c305ba7dfcd6f5600e103aec101c80240272b690d3781e2
2020,NC_H08_20201228_0000_R21_FLDK.06001_06001_clipped,Himawari-8,20201228,0000,2020_new_clip/NC_H08_20201228_0000_R21_FLDK.06001_06001_clipped.tif,mask/NC_H08_20201228_0000_R21_FLDK.06001_06001_clipped_mask.png,12080611,1598,450,450,20,float32,LZW,0.02,0.02,119,36,4326,450,450,L,0;255,paired,6bff2b2d9c585033f5f6ac444f2a0a78defc779cd858298227b575d3b62d8b07,32c441b6a76368593f224a38c1df1fc843171a4bd31e4aa6ceb8596558834d98
2020,NC_H08_20201228_0030_R21_FLDK.06001_06001_clipped,Himawari-8,20201228,0030,2020_new_clip/NC_H08_20201228_0030_R21_FLDK.06001_06001_clipped.tif,mask/NC_H08_20201228_0030_R21_FLDK.06001_06001_clipped_mask.png,12233928,1701,450,450,20,float32,LZW,0.02,0.02,119,36,4326,450,450,L,0;255,paired,5d5747e63626b3e60d7fa015ca05f0f08d3395bfff5cde8f71c9ecb6012715d5,b3cc73f37add3b9e2e434dc5e81311c5649a83c45802cee674bd9a0daa0a30cb
2020,NC_H08_20201228_0100_R21_FLDK.06001_06001_clipped,Himawari-8,20201228,0100,2020_new_clip/NC_H08_20201228_0100_R21_FLDK.06001_06001_clipped.tif,mask/NC_H08_20201228_0100_R21_FLDK.06001_06001_clipped_mask.png,12303366,1793,450,450,20,float32,LZW,0.02,0.02,119,36,4326,450,450,L,0;255,paired,fcbe9fdfd0edf632265461dc9053e31c64fd1e375f13ffe90eb6ae14d8fc56d0,90c1118ec4a4060de57ebedc23ef2235466918705009aa97ac635ba656ce8b6e
2020,NC_H08_20201228_0130_R21_FLDK.06001_06001_clipped,Himawari-8,20201228,0130,2020_new_clip/NC_H08_20201228_0130_R21_FLDK.06001_06001_clipped.tif,mask/NC_H08_20201228_0130_R21_FLDK.06001_06001_clipped_mask.png,12306857,1608,450,450,20,float32,LZW,0.02,0.02,119,36,4326,450,450,L,0;255,paired,e8049390a65501ee128110d2523681a4ba0115828b8120baa6f0c64b035ff2d5,552881d1d75487ce1163034e44aa299787d842f3fdb0e8c2aeda66cfd550609f
2020,NC_H08_20201228_0200_R21_FLDK.06001_06001_clipped,Himawari-8,20201228,0200,2020_new_clip/NC_H08_20201228_0200_R21_FLDK.06001_06001_clipped.tif,mask/NC_H08_20201228_0200_R21_FLDK.06001_06001_clipped_mask.png,12284162,1455,450,450,20,float32,LZW,0.02,0.02,119,36,4326,450,450,L,0;255,paired,1e7c0bb546d35886081ee01fb1ffbcbffbd68d2ca90562ff6ac98cbd815aa8d3,d293255a8d165e84cde72a2d3a75f7997411831db043887d63cacc0134d1be8a
2020,NC_H08_20201228_0230_R21_FLDK.06001_06001_clipped,Himawari-8,20201228,0230,2020_new_clip/NC_H08_20201228_0230_R21_FLDK.06001_06001_clipped.tif,mask/NC_H08_20201228_0230_R21_FLDK.06001_06001_clipped_mask.png,12335145,1573,450,450,20,float32,LZW,0.02,0.02,119,36,4326,450,450,L,0;255,paired,130201de7f05178b0568d1ea2533f7c22a43fa3fa9454b4049ee48b006d74d31,2e6a481ed474315af3b285187a9a6530193c3a44a7a84424ab3a90ce36f4ab0e
2020,NC_H08_20201228_0300_R21_FLDK.06001_06001_clipped,Himawari-8,20201228,0300,2020_new_clip/NC_H08_20201228_0300_R21_FLDK.06001_06001_clipped.tif,mask/NC_H08_20201228_0300_R21_FLDK.06001_06001_clipped_mask.png,12242288,1497,450,450,20,float32,LZW,0.02,0.02,119,36,4326,450,450,L,0;255,paired,531745a71f300f734ad1158dfb63260b980693b1bc50a26636e1adffe428ce18,5fd4dfaf89765c3c6b201a94e0183cda369c23ad4e328e3913adbe0d18f8004d
2020,NC_H08_20201228_0330_R21_FLDK.06001_06001_clipped,Himawari-8,20201228,0330,2020_new_clip/NC_H08_20201228_0330_R21_FLDK.06001_06001_clipped.tif,mask/NC_H08_20201228_0330_R21_FLDK.06001_06001_clipped_mask.png,11951496,1341,450,450,20,float32,LZW,0.02,0.02,119,36,4326,450,450,L,0;255,paired,a1b7ebc42ce8b434ef98eb66f53738366d487745680823d189a0cd1ad4b0d13b,46f48f3e7f30b6782b6dc98d82adc32ab283b0404475e5ad70e06ff4dd60f703
2020,NC_H08_20201228_0400_R21_FLDK.06001_06001_clipped,Himawari-8,20201228,0400,2020_new_clip/NC_H08_20201228_0400_R21_FLDK.06001_06001_clipped.tif,mask/NC_H08_20201228_0400_R21_FLDK.06001_06001_clipped_mask.png,11945465,1389,450,450,20,float32,LZW,0.02,0.02,119,36,4326,450,450,L,0;255,paired,c53b3a7a51d921826a7199b03d28986ceafda5cf73c7e4f2b36b78fc217d5fbf,42fe27082ad807276b792a36d225a142be041ce5426638cb1a740e9c56741348
2020,NC_H08_20201228_0430_R21_FLDK.06001_06001_clipped,Himawari-8,20201228,0430,2020_new_clip/NC_H08_20201228_0430_R21_FLDK.06001_06001_clipped.tif,mask/NC_H08_20201228_0430_R21_FLDK.06001_06001_clipped_mask.png,12260109,1378,450,450,20,float32,LZW,0.02,0.02,119,36,4326,450,450,L,0;255,paired,0a941c5aa002bad0443284f0ff0c7e1231d6606bc873a9ae643bd9cdd123838b,56dc87bc692a14172781522531777000e8283c44c7d360395b794c2402bda930
2020,NC_H08_20201228_0500_R21_FLDK.06001_06001_clipped,Himawari-8,20201228,0500,2020_new_clip/NC_H08_20201228_0500_R21_FLDK.06001_06001_clipped.tif,mask/NC_H08_20201228_0500_R21_FLDK.06001_06001_clipped_mask.png,12313448,1400,450,450,20,float32,LZW,0.02,0.02,119,36,4326,450,450,L,0;255,paired,aa4f1c3775a719e7ba3d7ff8b0833c156f92ed753a877af9be95a01df10010bf,6fe74a45aa2481b30772f914a82df38b0c2811413b70b08ec2ec04f089a1b9a1
2020,NC_H08_20201228_0530_R21_FLDK.06001_06001_clipped,Himawari-8,20201228,0530,2020_new_clip/NC_H08_20201228_0530_R21_FLDK.06001_06001_clipped.tif,mask/NC_H08_20201228_0530_R21_FLDK.06001_06001_clipped_mask.png,12258487,1245,450,450,20,float32,LZW,0.02,0.02,119,36,4326,450,450,L,0;255,paired,d1c06122f66e5f24503c9676d8cc7c4c41d2eb614fc1a7adecda896bad865e4c,6cafbf11143a611b961a8d8df13afa5d1c6931b6fb6a8015c0ab323bdb765874
2020,NC_H08_20201228_0600_R21_FLDK.06001_06001_clipped,Himawari-8,20201228,0600,2020_new_clip/NC_H08_20201228_0600_R21_FLDK.06001_06001_clipped.tif,mask/NC_H08_20201228_0600_R21_FLDK.06001_06001_clipped_mask.png,12177097,1229,450,450,20,float32,LZW,0.02,0.02,119,36,4326,450,450,L,0;255,paired,10681fd24e8b7c7697616a6ec242d3dcf5b45260255eb28ad91c4b0bd6aa19d5,91684ff72c2858ff7aabbb86a07b97460c57bea1f805adfb569752935ecf6f63
2020,NC_H08_20201228_0630_R21_FLDK.06001_06001_clipped,Himawari-8,20201228,0630,2020_new_clip/NC_H08_20201228_0630_R21_FLDK.06001_06001_clipped.tif,mask/NC_H08_20201228_0630_R21_FLDK.06001_06001_clipped_mask.png,12118565,1250,450,450,20,float32,LZW,0.02,0.02,119,36,4326,450,450,L,0;255,paired,53bd2353c608e910aa1bdc61814b38a21f59030a902376e9187178a0cfc3b0a8,25464395428184dae6b4542011c1aff1d959569af57436265239ecdc970b4e57
2020,NC_H08_20201228_0700_R21_FLDK.06001_06001_clipped,Himawari-8,20201228,0700,2020_new_clip/NC_H08_20201228_0700_R21_FLDK.06001_06001_clipped.tif,mask/NC_H08_20201228_0700_R21_FLDK.06001_06001_clipped_mask.png,12018984,1325,450,450,20,float32,LZW,0.02,0.02,119,36,4326,450,450,L,0;255,paired,933ffc6f6feada49aea6a963d430cc6b5fb81824db220d84454d2a8b45b9501c,c38c3299b10b580693c30c32da62c2afe38a4519272e7c72bd70362bcc01b6bf
2020,NC_H08_20201228_0730_R21_FLDK.06001_06001_clipped,Himawari-8,20201228,0730,2020_new_clip/NC_H08_20201228_0730_R21_FLDK.06001_06001_clipped.tif,mask/NC_H08_20201228_0730_R21_FLDK.06001_06001_clipped_mask.png,11946477,1161,450,450,20,float32,LZW,0.02,0.02,119,36,4326,450,450,L,0;255,paired,c3dc5b745673a8bcb49ea0a31903da8498f798f024e28e6c41b085d8b59dfb4e,7775ae3416004b359a40f84aacc5b99de267e4ecf39cdb9cedd12139facb79e1
2020,NC_H08_20201228_0800_R21_FLDK.06001_06001_clipped,Himawari-8,20201228,0800,2020_new_clip/NC_H08_20201228_0800_R21_FLDK.06001_06001_clipped.tif,mask/NC_H08_20201228_0800_R21_FLDK.06001_06001_clipped_mask.png,11749755,1246,450,450,20,float32,LZW,0.02,0.02,119,36,4326,450,450,L,0;255,paired,2427e307ce7d65e4f5394f5381dd16cd18b8c44270086b621dd2739379020ce6,442c20603d8ab66e252745bf1ff72a6d6b728ca21633f9395ca0b94a42f7337b
2020,NC_H08_20201228_0830_R21_FLDK.06001_06001_clipped,Himawari-8,20201228,0830,2020_new_clip/NC_H08_20201228_0830_R21_FLDK.06001_06001_clipped.tif,mask/NC_H08_20201228_0830_R21_FLDK.06001_06001_clipped_mask.png,11082294,623,450,450,20,float32,LZW,0.02,0.02,119,36,4326,450,450,L,0;255,paired,2a8e104ade51ce7dfc61f19c257d6287a2711b3c44a1370ffce0bd8ea67cdb5d,7c4e84b62bb0b34917c35203ed443bea3e8439bdb3d3160d4f2a1aa7aa3b17af
2020,NC_H08_20201228_0900_R21_FLDK.06001_06001_clipped,Himawari-8,20201228,0900,2020_new_clip/NC_H08_20201228_0900_R21_FLDK.06001_06001_clipped.tif,mask/NC_H08_20201228_0900_R21_FLDK.06001_06001_clipped_mask.png,9455788,556,450,450,20,float32,LZW,0.02,0.02,119,36,4326,450,450,L,0;255,paired,dee5b8a0121f84fb9bebb69fc7c158d93234ad01376f2750ae2d6bb8c9df22b9,1145bb80d75f3c99a48ccc3adc475a4a9c00ccbb2440441a03ac40706745f8e2
2020,NC_H08_20201228_0930_R21_FLDK.06001_06001_clipped,Himawari-8,20201228,0930,2020_new_clip/NC_H08_20201228_0930_R21_FLDK.06001_06001_clipped.tif,mask/NC_H08_20201228_0930_R21_FLDK.06001_06001_clipped_mask.png,8632227,556,450,450,20,float32,LZW,0.02,0.02,119,36,4326,450,450,L,0;255,paired,3e3e9b3030bdb527c1002d38b5e19cbd6466c174f780caffad384f57781d3bb2,df1352bc993fd14aade0545dd5ee759a63d5e885de9a4cf62a5ca6b06f54cff5
2021,NC_H08_20210121_0000_R21_FLDK.06001_06001_clipped,Himawari-8,20210121,0000,2021_new_clip/NC_H08_20210121_0000_R21_FLDK.06001_06001_clipped.tif,mask/NC_H08_20210121_0000_R21_FLDK.06001_06001_clipped_mask.png,12464849,973,450,450,20,float32,LZW,0.02,0.02,119,36,4326,450,450,L,0;255,paired,9fafc338824d77b795627296504c9a94bcf5b1628f376c9691c6858f8167367a,c27c5b201dd1a2701a3cf198d78e3b80c23d5e0c5f4d75802dd057370fd4bced
2021,NC_H08_20210121_0030_R21_FLDK.06001_06001_clipped,Himawari-8,20210121,0030,2021_new_clip/NC_H08_20210121_0030_R21_FLDK.06001_06001_clipped.tif,mask/NC_H08_20210121_0030_R21_FLDK.06001_06001_clipped_mask.png,12586330,967,450,450,20,float32,LZW,0.02,0.02,119,36,4326,450,450,L,0;255,paired,955a9899c57d199b0340dfa4f05a51117e6295bcf6c28249d5849280be4b1306,e74102c5269f062c9aaccd084e92dba4bb63f4570f2eb1a4b8a0c7503b281b44
2021,NC_H08_20210121_0100_R21_FLDK.06001_06001_clipped,Himawari-8,20210121,0100,2021_new_clip/NC_H08_20210121_0100_R21_FLDK.06001_06001_clipped.tif,mask/NC_H08_20210121_0100_R21_FLDK.06001_06001_clipped_mask.png,12637105,935,450,450,20,float32,LZW,0.02,0.02,119,36,4326,450,450,L,0;255,paired,1af433912375106cb49719e3c1f4b9b0390ca95e25fa300e7b9ca14b2d1b5bd0,4f28d8aede56ca6a22e9b5e389b54c42aba3611be2c251c802d0327c43c64d95
2021,NC_H08_20210121_0200_R21_FLDK.06001_06001_clipped,Himawari-8,20210121,0200,2021_new_clip/NC_H08_20210121_0200_R21_FLDK.06001_06001_clipped.tif,mask/NC_H08_20210121_0200_R21_FLDK.06001_06001_clipped_mask.png,12690519,934,450,450,20,float32,LZW,0.02,0.02,119,36,4326,450,450,L,0;255,paired,5b6755501a6d72b10ab71f7aa0e9d0f9dc46ed8d2c4fdcaef6d337381de21f16,c7d68c4884793172302b73b10f5aa0ef08d2cd4430275c55be43e9a9af47b395
2021,NC_H08_20210121_0230_R21_FLDK.06001_06001_clipped,Himawari-8,20210121,0230,2021_new_clip/NC_H08_20210121_0230_R21_FLDK.06001_06001_clipped.tif,mask/NC_H08_20210121_0230_R21_FLDK.06001_06001_clipped_mask.png,12774750,892,450,450,20,float32,LZW,0.02,0.02,119,36,4326,450,450,L,0;255,paired,7121b6632f202e6c19fa4a4cb489650c3425082b6465a0c3d6c47313760f425c,96bde469fdab8dc62e9aad45178be4f5fa8676eca57c62f13c8bbbe7dc097534
2021,NC_H08_20210121_0300_R21_FLDK.06001_06001_clipped,Himawari-8,20210121,0300,2021_new_clip/NC_H08_20210121_0300_R21_FLDK.06001_06001_clipped.tif,mask/NC_H08_20210121_0300_R21_FLDK.06001_06001_clipped_mask.png,12790007,979,450,450,20,float32,LZW,0.02,0.02,119,36,4326,450,450,L,0;255,paired,e6e334ed1c7b90959ba24790db26bd2c79e306e89bfe183194f90ac336cedbd5,fa1efeed18f655ab8d84ab8d221ec741311a9f57ce63c9dea16772d37e36c75c
2021,NC_H08_20210121_0330_R21_FLDK.06001_06001_clipped,Himawari-8,20210121,0330,2021_new_clip/NC_H08_20210121_0330_R21_FLDK.06001_06001_clipped.tif,mask/NC_H08_20210121_0330_R21_FLDK.06001_06001_clipped_mask.png,12595944,694,450,450,20,float32,LZW,0.02,0.02,119,36,4326,450,450,L,0;255,paired,2896c7d5db96e2a8c07a618f3649c90270d0d544e4ba236771b31e9c2dab1c02,49e20e963001d330f204907458eb86864bc6688683479fcbdd1375bc9880c79c
2021,NC_H08_20210121_0400_R21_FLDK.06001_06001_clipped,Himawari-8,20210121,0400,2021_new_clip/NC_H08_20210121_0400_R21_FLDK.06001_06001_clipped.tif,mask/NC_H08_20210121_0400_R21_FLDK.06001_06001_clipped_mask.png,12370296,797,450,450,20,float32,LZW,0.02,0.02,119,36,4326,450,450,L,0;255,paired,f6ca966c94f5b4df70ac7fcdc13d4fd66186acfb0c4fc1f178a2e28b5d837d6d,cbd83b976d85a15fff62e37ee730bc0bdc005f4050aeb6f208c312a3979be344
2021,NC_H08_20210121_0500_R21_FLDK.06001_06001_clipped,Himawari-8,20210121,0500,2021_new_clip/NC_H08_20210121_0500_R21_FLDK.06001_06001_clipped.tif,mask/NC_H08_20210121_0500_R21_FLDK.06001_06001_clipped_mask.png,12778012,721,450,450,20,float32,LZW,0.02,0.02,119,36,4326,450,450,L,0;255,paired,80dade9791dace5257cce87092f9238d9398ca2a183129274f9d6faa0f417e31,6f001fbb4042498210e8a9e8868df863a176bc9540fbd41e029bbea430b010f4
2021,NC_H08_20210121_0630_R21_FLDK.06001_06001_clipped,Himawari-8,20210121,0630,2021_new_clip/NC_H08_20210121_0630_R21_FLDK.06001_06001_clipped.tif,mask/NC_H08_20210121_0630_R21_FLDK.06001_06001_clipped_mask.png,12646010,753,450,450,20,float32,LZW,0.02,0.02,119,36,4326,450,450,L,0;255,paired,64f544d68f50ac5bc841e2dd688166cb26f94389cc35dde380862f914aae3c24,7fd8fc43088e865f857d543bbce6f1b4986884ddbf8915279f789401704f25bd
2021,NC_H08_20210121_0700_R21_FLDK.06001_06001_clipped,Himawari-8,20210121,0700,2021_new_clip/NC_H08_20210121_0700_R21_FLDK.06001_06001_clipped.tif,mask/NC_H08_20210121_0700_R21_FLDK.06001_06001_clipped_mask.png,12598487,975,450,450,20,float32,LZW,0.02,0.02,119,36,4326,450,450,L,0;255,paired,cb81091ac9476b64951020a7ddc1b787739cc103679e52acc9519169829af225,6616d770d1f0470fb17741a0fcb83efe7fcdd33f215a5a6df932585dae67e8f0
2021,NC_H08_20210121_0900_R21_FLDK.06001_06001_clipped,Himawari-8,20210121,0900,2021_new_clip/NC_H08_20210121_0900_R21_FLDK.06001_06001_clipped.tif,mask/NC_H08_20210121_0900_R21_FLDK.06001_06001_clipped_mask.png,10779263,1027,450,450,20,float32,LZW,0.02,0.02,119,36,4326,450,450,L,0;255,paired,11b5b5fd69a1b80ba7e6accc7893331d0ee89e6f26cfaf27cf601b30280fe1f7,84e89ffc10d31c0069a14a555d76c299c0f6b9551c81f8c5cd4ba306fa920601
2021,NC_H08_20210122_0000_R21_FLDK.06001_06001_clipped,Himawari-8,20210122,0000,2021_new_clip/NC_H08_20210122_0000_R21_FLDK.06001_06001_clipped.tif,mask/NC_H08_20210122_0000_R21_FLDK.06001_06001_clipped_mask.png,12613626,1128,450,450,20,float32,LZW,0.02,0.02,119,36,4326,450,450,L,0;255,paired,fe3526838c91c612e9e3847656854e9474623af5c3dcd303f0bb95c2f144ccf4,10a3363fe4c84f35aa4478027683c8083c0bfa1f1d2dffb9dd279e3f624b872f
2021,NC_H08_20210122_0030_R21_FLDK.06001_06001_clipped,Himawari-8,20210122,0030,2021_new_clip/NC_H08_20210122_0030_R21_FLDK.06001_06001_clipped.tif,mask/NC_H08_20210122_0030_R21_FLDK.06001_06001_clipped_mask.png,12680347,1535,450,450,20,float32,LZW,0.02,0.02,119,36,4326,450,450,L,0;255,paired,774953abfbb0df7b11dccece20ba1f8f7b6085c1ecefe12210ea79c65d398e77,10df362661e55d81c6e6ecf7a838f3371457bf5dd1c6430e80dce93c37b457d8
2021,NC_H08_20210122_0100_R21_FLDK.06001_06001_clipped,Himawari-8,20210122,0100,2021_new_clip/NC_H08_20210122_0100_R21_FLDK.06001_06001_clipped.tif,mask/NC_H08_20210122_0100_R21_FLDK.06001_06001_clipped_mask.png,12707430,1028,450,450,20,float32,LZW,0.02,0.02,119,36,4326,450,450,L,0;255,paired,0fdea7495d095a0a092c17dde2fb920046ed0e6566df7a53078a6691901b2186,2a1046521c57853be4cd7e671b0fade28a9bace44709211b6383d79f52cc944e
2021,NC_H08_20210122_0300_R21_FLDK.06001_06001_clipped,Himawari-8,20210122,0300,2021_new_clip/NC_H08_20210122_0300_R21_FLDK.06001_06001_clipped.tif,mask/NC_H08_20210122_0300_R21_FLDK.06001_06001_clipped_mask.png,12816832,697,450,450,20,float32,LZW,0.02,0.02,119,36,4326,450,450,L,0;255,paired,1accef165feacf92fce8cbfb099542b2079c20508d129f1ea6fad5b109160726,f871d4698c8bf56b6c5a3cf989d5307837e0b47857159279d0387c93ec6b8153
2021,NC_H08_20210122_0330_R21_FLDK.06001_06001_clipped,Himawari-8,20210122,0330,2021_new_clip/NC_H08_20210122_0330_R21_FLDK.06001_06001_clipped.tif,mask/NC_H08_20210122_0330_R21_FLDK.06001_06001_clipped_mask.png,12619111,623,450,450,20,float32,LZW,0.02,0.02,119,36,4326,450,450,L,0;255,paired,3acf90e43c67b9a51ecb74ef334dc601164a3a1e0e0b2d27cca04d7ee39cdd32,8990e57f1e8e1790145e5597e8fa0bbf9bafdbbd2c211ac96a95a0cc560db758
2021,NC_H08_20210122_0500_R21_FLDK.06001_06001_clipped,Himawari-8,20210122,0500,2021_new_clip/NC_H08_20210122_0500_R21_FLDK.06001_06001_clipped.tif,mask/NC_H08_20210122_0500_R21_FLDK.06001_06001_clipped_mask.png,12840286,950,450,450,20,float32,LZW,0.02,0.02,119,36,4326,450,450,L,0;255,paired,ae4a7a48ad5eb5ba20efeb4cbea80af4d47bc733b996265c378e97d82a35c823,dc418704baeb0494399141415a95013e561f38dbf04b2bcff23c88a2dc9a22b4
2021,NC_H08_20210122_0630_R21_FLDK.06001_06001_clipped,Himawari-8,20210122,0630,2021_new_clip/NC_H08_20210122_0630_R21_FLDK.06001_06001_clipped.tif,mask/NC_H08_20210122_0630_R21_FLDK.06001_06001_clipped_mask.png,12825192,795,450,450,20,float32,LZW,0.02,0.02,119,36,4326,450,450,L,0;255,paired,2d3a9d566514237928c271340e98a595850a3ab1c082d08c6131d71c201e5a92,010f81b08b4396be112eb423d98f3bb84a8b8201fa79a90d3cc07d4727cb10f3
2021,NC_H08_20210123_0600_R21_FLDK.06001_06001_clipped,Himawari-8,20210123,0600,2021_new_clip/NC_H08_20210123_0600_R21_FLDK.06001_06001_clipped.tif,mask/NC_H08_20210123_0600_R21_FLDK.06001_06001_clipped_mask.png,12925776,1012,450,450,20,float32,LZW,0.02,0.02,119,36,4326,450,450,L,0;255,paired,adfb068dd45788e328a67cf8f9032aefe9bb0ca8504676ff9089533f5cb9bf3f,ce884d17f0f009708fdad95804da1d3c61207d7c889c64fef7516b5e0590e75d
2021,NC_H08_20210123_0630_R21_FLDK.06001_06001_clipped,Himawari-8,20210123,0630,2021_new_clip/NC_H08_20210123_0630_R21_FLDK.06001_06001_clipped.tif,mask/NC_H08_20210123_0630_R21_FLDK.06001_06001_clipped_mask.png,12903393,836,450,450,20,float32,LZW,0.02,0.02,119,36,4326,450,450,L,0;255,paired,aa838c95555a39f4305efaababfda36238aef6fae3a601d48d436f9c191e2212,aa50698fa661ad85f39a09c5de24d865ae4fbec952699228f2afe46ab05e4dbf
2021,NC_H08_20210123_0700_R21_FLDK.06001_06001_clipped,Himawari-8,20210123,0700,2021_new_clip/NC_H08_20210123_0700_R21_FLDK.06001_06001_clipped.tif,mask/NC_H08_20210123_0700_R21_FLDK.06001_06001_clipped_mask.png,12896866,916,450,450,20,float32,LZW,0.02,0.02,119,36,4326,450,450,L,0;255,paired,2bff7c58603bec352a49645475f5d075e3923f1651329fdffb827b88e67f72cc,d8cb238546cf2cc5e2882130af8da5c2f0ac9ea45b6686f0d180c213dc445c75
2021,NC_H08_20210124_0000_R21_FLDK.06001_06001_clipped,Himawari-8,20210124,0000,2021_new_clip/NC_H08_20210124_0000_R21_FLDK.06001_06001_clipped.tif,mask/NC_H08_20210124_0000_R21_FLDK.06001_06001_clipped_mask.png,12104684,460,450,450,20,float32,LZW,0.02,0.02,119,36,4326,450,450,L,0;255,paired,8583c104b5ca87953d8a6c38fadb9f210fa63a8c65c652c7cf3c4591a284ee28,82e923af373b9fba8949ce62bc8f456b68ad2d4dcd24674d26f4ac5b0ca06740
2021,NC_H08_20210126_0000_R21_FLDK.06001_06001_clipped,Himawari-8,20210126,0000,2021_new_clip/NC_H08_20210126_0000_R21_FLDK.06001_06001_clipped.tif,mask/NC_H08_20210126_0000_R21_FLDK.06001_06001_clipped_mask.png,12341871,786,450,450,20,float32,LZW,0.02,0.02,119,36,4326,450,450,L,0;255,paired,a0e27a083e33cb581614d6f3361db8fce88c965c3a09c194c76e0f569784faa6,564675a491573329f635f1e58801df11ffa7b1d316febdbd3c3a9c0d33e52d1a
2021,NC_H08_20210126_0030_R21_FLDK.06001_06001_clipped,Himawari-8,20210126,0030,2021_new_clip/NC_H08_20210126_0030_R21_FLDK.06001_06001_clipped.tif,mask/NC_H08_20210126_0030_R21_FLDK.06001_06001_clipped_mask.png,12379597,659,450,450,20,float32,LZW,0.02,0.02,119,36,4326,450,450,L,0;255,paired,05578cb5840990a61e172557e8b9e7e6096b5f2a7a68c0111c1ecb0491cced3a,5bf10e1f7bd252802140bf7f5a0b06d936f485598b13e681bbb5f1146be9aa19
2021,NC_H08_20210401_0000_R21_FLDK.06001_06001_clipped,Himawari-8,20210401,0000,2021_new_clip/NC_H08_20210401_0000_R21_FLDK.06001_06001_clipped.tif,mask/NC_H08_20210401_0000_R21_FLDK.06001_06001_clipped_mask.png,12928328,1228,450,450,20,float32,LZW,0.02,0.02,119,36,4326,450,450,L,0;255,paired,2b65a90e3f355ff601db6bcee29ec44641d99d78417545091d07b4b4bbd815b2,82b76f53a515fa71408428d0e17464ce11916f335b03b8c03dd2efb66f4f7b4c
2021,NC_H08_20210401_0030_R21_FLDK.06001_06001_clipped,Himawari-8,20210401,0030,2021_new_clip/NC_H08_20210401_0030_R21_FLDK.06001_06001_clipped.tif,mask/NC_H08_20210401_0030_R21_FLDK.06001_06001_clipped_mask.png,12990635,1390,450,450,20,float32,LZW,0.02,0.02,119,36,4326,450,450,L,0;255,paired,0916f80c20d0e4d2c8fff240c4f36f0d2cffe8369d3e87b46b3b65fd66032de1,b74a39e20be00b2bed2c406d78a3b797bcae35c289e79621941d710a87db6816
2021,NC_H08_20210401_0100_R21_FLDK.06001_06001_clipped,Himawari-8,20210401,0100,2021_new_clip/NC_H08_20210401_0100_R21_FLDK.06001_06001_clipped.tif,mask/NC_H08_20210401_0100_R21_FLDK.06001_06001_clipped_mask.png,13063602,1415,450,450,20,float32,LZW,0.02,0.02,119,36,4326,450,450,L,0;255,paired,7493d9a2a3a47c0ee050c65b0be68349704ed021765f6ae09b6826ab3441a3c6,ff86df873d0b251ea1b81cabb75c11dd0d1ee76d6690d74fb3029c6fa38d37d5
2021,NC_H08_20210401_0130_R21_FLDK.06001_06001_clipped,Himawari-8,20210401,0130,2021_new_clip/NC_H08_20210401_0130_R21_FLDK.06001_06001_clipped.tif,mask/NC_H08_20210401_0130_R21_FLDK.06001_06001_clipped_mask.png,13100225,1118,450,450,20,float32,LZW,0.02,0.02,119,36,4326,450,450,L,0;255,paired,ba7c4b6cd96bfac5c1c1c9c4e929e17e99e7f6e5e132a0954467302896985426,e03d7cea76d2960f6ca1378ed9a53b2b26cf88885b598e686e9d6cb26e2a1276
2021,NC_H08_20210401_0200_R21_FLDK.06001_06001_clipped,Himawari-8,20210401,0200,2021_new_clip/NC_H08_20210401_0200_R21_FLDK.06001_06001_clipped.tif,mask/NC_H08_20210401_0200_R21_FLDK.06001_06001_clipped_mask.png,13100890,1030,450,450,20,float32,LZW,0.02,0.02,119,36,4326,450,450,L,0;255,paired,a68349dc7ebe63a97eb856bab68dc73a0a772cd0a39c258b2fc1f8c13b3af8de,1848ef82340d00af033086d4fcfe941605fd49d88bc6523b7942c7ce912b2a2d
2021,NC_H08_20210401_0230_R21_FLDK.06001_06001_clipped,Himawari-8,20210401,0230,2021_new_clip/NC_H08_20210401_0230_R21_FLDK.06001_06001_clipped.tif,mask/NC_H08_20210401_0230_R21_FLDK.06001_06001_clipped_mask.png,13100325,1037,450,450,20,float32,LZW,0.02,0.02,119,36,4326,450,450,L,0;255,paired,d74a853d07ee01733e47b3c291aca6ecda87d186873117708e33b09335cb05d2,a95a15df6025cb4b3650d0e95b816e3b5fd5eadcf93f2c61db9311414155c63a
2021,NC_H08_20210401_0300_R21_FLDK.06001_06001_clipped,Himawari-8,20210401,0300,2021_new_clip/NC_H08_20210401_0300_R21_FLDK.06001_06001_clipped.tif,mask/NC_H08_20210401_0300_R21_FLDK.06001_06001_clipped_mask.png,13135053,938,450,450,20,float32,LZW,0.02,0.02,119,36,4326,450,450,L,0;255,paired,654862508eded1561c48d6f6a7c3a6e8c668b1e0d61f9023e506f6c45c572379,c5920fe9b0b309c1f99254517ad2abfcd339d00991bd5de1559cb0fa86b8e4c3
2021,NC_H08_20210401_0330_R21_FLDK.06001_06001_clipped,Himawari-8,20210401,0330,2021_new_clip/NC_H08_20210401_0330_R21_FLDK.06001_06001_clipped.tif,mask/NC_H08_20210401_0330_R21_FLDK.06001_06001_clipped_mask.png,12961900,1125,450,450,20,float32,LZW,0.02,0.02,119,36,4326,450,450,L,0;255,paired,691c552e17c2b9d78569399672f1e1ef068e7b34c4888ceaa287c56caa7fb88b,02ba34e789c7ba341fe70379192ff6f7588aa6720ba1f79e6e121e4930ed750c
2021,NC_H08_20210401_0400_R21_FLDK.06001_06001_clipped,Himawari-8,20210401,0400,2021_new_clip/NC_H08_20210401_0400_R21_FLDK.06001_06001_clipped.tif,mask/NC_H08_20210401_0400_R21_FLDK.06001_06001_clipped_mask.png,12897230,936,450,450,20,float32,LZW,0.02,0.02,119,36,4326,450,450,L,0;255,paired,b6e7fcc22e4cd5cee350cdc551f336b024ee3d492c97d3c10135a3bb637de9b7,2c86fa6145d5b4ca37da34d71845bbf351c320125ece0743e07925d59337bba8
2021,NC_H08_20210401_0430_R21_FLDK.06001_06001_clipped,Himawari-8,20210401,0430,2021_new_clip/NC_H08_20210401_0430_R21_FLDK.06001_06001_clipped.tif,mask/NC_H08_20210401_0430_R21_FLDK.06001_06001_clipped_mask.png,13134482,1023,450,450,20,float32,LZW,0.02,0.02,119,36,4326,450,450,L,0;255,paired,14ffe8d42e7c7af8b90a8ff0d932157d38caa880d76143c5bef004959bc30bdd,7ec08c1fd1a96cfabc789d107d822ad50e10badbf09f9ce069bd7f4e2e717809
2021,NC_H08_20210401_0500_R21_FLDK.06001_06001_clipped,Himawari-8,20210401,0500,2021_new_clip/NC_H08_20210401_0500_R21_FLDK.06001_06001_clipped.tif,mask/NC_H08_20210401_0500_R21_FLDK.06001_06001_clipped_mask.png,13133705,1216,450,450,20,float32,LZW,0.02,0.02,119,36,4326,450,450,L,0;255,paired,c46d615cf9f499ab90b9c9199a27fbeaebe7d9654bd02294f8ec6697ce57819d,d225cd2af08196e21ab05de8df36e0aa0820fb8c4c89ccc209cc8935daed9697
2021,NC_H08_20210401_0530_R21_FLDK.06001_06001_clipped,Himawari-8,20210401,0530,2021_new_clip/NC_H08_20210401_0530_R21_FLDK.06001_06001_clipped.tif,mask/NC_H08_20210401_0530_R21_FLDK.06001_06001_clipped_mask.png,13121318,1256,450,450,20,float32,LZW,0.02,0.02,119,36,4326,450,450,L,0;255,paired,43a7dd0ab0280ac9ec566e3d2451991192924a22f61640f409c5442461489297,5630269402a724376c5b7f31cf930148203ed99f677ea86cb51d20551912457d
2021,NC_H08_20210401_0600_R21_FLDK.06001_06001_clipped,Himawari-8,20210401,0600,2021_new_clip/NC_H08_20210401_0600_R21_FLDK.06001_06001_clipped.tif,mask/NC_H08_20210401_0600_R21_FLDK.06001_06001_clipped_mask.png,13119582,873,450,450,20,float32,LZW,0.02,0.02,119,36,4326,450,450,L,0;255,paired,7c09b1806dcc6ae4f59b58e6c668ff116baad699968458e83e1c58b2dab994a4,a30c7034c93b5a93c29f3796035a7baf4b914e90ee440fed13374ff6187cb7b7
2021,NC_H08_20210401_0630_R21_FLDK.06001_06001_clipped,Himawari-8,20210401,0630,2021_new_clip/NC_H08_20210401_0630_R21_FLDK.06001_06001_clipped.tif,mask/NC_H08_20210401_0630_R21_FLDK.06001_06001_clipped_mask.png,13126660,1432,450,450,20,float32,LZW,0.02,0.02,119,36,4326,450,450,L,0;255,paired,7f34701192586a4100cb61cf1d92e4b304b84552fe37a2af939061251b20683d,56245e0dddbcc46c9b4729311029bcbe8fa0db3597facb195e5c5fed499f831d
2021,NC_H08_20210401_0700_R21_FLDK.06001_06001_clipped,Himawari-8,20210401,0700,2021_new_clip/NC_H08_20210401_0700_R21_FLDK.06001_06001_clipped.tif,mask/NC_H08_20210401_0700_R21_FLDK.06001_06001_clipped_mask.png,13109706,1674,450,450,20,float32,LZW,0.02,0.02,119,36,4326,450,450,L,0;255,paired,204587be69f41f5aec19b780fc2cf63bf3fe98ae23ad9e908cd2481aa04d3ffa,a7c50784d1be4b1903a97594d811cca975d8ab8b76b33bd9e57bab662251cd82
2021,NC_H08_20210401_0730_R21_FLDK.06001_06001_clipped,Himawari-8,20210401,0730,2021_new_clip/NC_H08_20210401_0730_R21_FLDK.06001_06001_clipped.tif,mask/NC_H08_20210401_0730_R21_FLDK.06001_06001_clipped_mask.png,13068460,1387,450,450,20,float32,LZW,0.02,0.02,119,36,4326,450,450,L,0;255,paired,1ae5a74b5e5bc4937beab6bc5f9ac7fab64650a80ef6469867023fdc3538bc2c,b31ad48ba72d4885c029fd9feb604140dbb0a445521ef504581fe3cc9055de8f
2021,NC_H08_20210401_0800_R21_FLDK.06001_06001_clipped,Himawari-8,20210401,0800,2021_new_clip/NC_H08_20210401_0800_R21_FLDK.06001_06001_clipped.tif,mask/NC_H08_20210401_0800_R21_FLDK.06001_06001_clipped_mask.png,13031915,1355,450,450,20,float32,LZW,0.02,0.02,119,36,4326,450,450,L,0;255,paired,91a17b996d1edcbf1c03aef73c43926960786f6c6c451e4a83427302d4fc86d0,3db339f62b56f183558cbb623ced41b9121d90e41574744a812858dca17e3c58
2021,NC_H08_20210401_0830_R21_FLDK.06001_06001_clipped,Himawari-8,20210401,0830,2021_new_clip/NC_H08_20210401_0830_R21_FLDK.06001_06001_clipped.tif,mask/NC_H08_20210401_0830_R21_FLDK.06001_06001_clipped_mask.png,13016366,1349,450,450,20,float32,LZW,0.02,0.02,119,36,4326,450,450,L,0;255,paired,c3fd05dca05e1865de2d18920b147536739e386833544095dde2d7233cbae357,e84324c09008466a25e9d70fedf01cca89eee2c44f6e0633a1b38c03992c46b9
2021,NC_H08_20210401_0900_R21_FLDK.06001_06001_clipped,Himawari-8,20210401,0900,2021_new_clip/NC_H08_20210401_0900_R21_FLDK.06001_06001_clipped.tif,mask/NC_H08_20210401_0900_R21_FLDK.06001_06001_clipped_mask.png,12945190,1283,450,450,20,float32,LZW,0.02,0.02,119,36,4326,450,450,L,0;255,paired,f295c40448eab61f944b85786467afce80b7d8e8129ac45030d185eb3ba19fec,523704ed856f2abeb1e12e15a7070290627d62c04e154a2d33275f25028b8385
2021,NC_H08_20210401_0930_R21_FLDK.06001_06001_clipped,Himawari-8,20210401,0930,2021_new_clip/NC_H08_20210401_0930_R21_FLDK.06001_06001_clipped.tif,mask/NC_H08_20210401_0930_R21_FLDK.06001_06001_clipped_mask.png,12672784,1005,450,450,20,float32,LZW,0.02,0.02,119,36,4326,450,450,L,0;255,paired,39b1b95626a7cf32776b64b719144720ca782ac66e25b1d78055237fa7a66a9f,d6f89d09c68da06cea68d56934a78ed9df56ead055ab64fa62b972bf5cc65c57
2021,NC_H08_20210402_0000_R21_FLDK.06001_06001_clipped,Himawari-8,20210402,0000,2021_new_clip/NC_H08_20210402_0000_R21_FLDK.06001_06001_clipped.tif,mask/NC_H08_20210402_0000_R21_FLDK.06001_06001_clipped_mask.png,12903433,3248,450,450,20,float32,LZW,0.02,0.02,119,36,4326,450,450,L,0;255,paired,8b1fd1e39dc8c10d32f655b74cd962debecc83d261631a26977cff769eb63d6d,9d8d8431ffb7d4f4b7c2faed490434b5cdf562c5317ad8c4741c63c33672703d
2021,NC_H08_20210402_0030_R21_FLDK.06001_06001_clipped,Himawari-8,20210402,0030,2021_new_clip/NC_H08_20210402_0030_R21_FLDK.06001_06001_clipped.tif,mask/NC_H08_20210402_0030_R21_FLDK.06001_06001_clipped_mask.png,12893715,3019,450,450,20,float32,LZW,0.02,0.02,119,36,4326,450,450,L,0;255,paired,5dffa776ab7d8be79efd7bf91c7e80ac734b07a7f510a0e56013280979654b95,3a6079deae739055594e974f162f00f874855bc5873fd10f23c3829300be6b80
2021,NC_H08_20210402_0100_R21_FLDK.06001_06001_clipped,Himawari-8,20210402,0100,2021_new_clip/NC_H08_20210402_0100_R21_FLDK.06001_06001_clipped.tif,mask/NC_H08_20210402_0100_R21_FLDK.06001_06001_clipped_mask.png,12904637,2797,450,450,20,float32,LZW,0.02,0.02,119,36,4326,450,450,L,0;255,paired,17e092255ab34c9a3fbe0cbdc0cf5ecab54b24b81a8628354e3de163b187b08d,99a1432418a8eaf108adb16845fbf3dcf26717ae83f3fe14c63df268ff4fd12d
2021,NC_H08_20210402_0130_R21_FLDK.06001_06001_clipped,Himawari-8,20210402,0130,2021_new_clip/NC_H08_20210402_0130_R21_FLDK.06001_06001_clipped.tif,mask/NC_H08_20210402_0130_R21_FLDK.06001_06001_clipped_mask.png,12927292,3306,450,450,20,float32,LZW,0.02,0.02,119,36,4326,450,450,L,0;255,paired,c4117097ebd50f099fee6cbc4949d7b416d0ac77e0c696ff60f87acbc4cd672f,cb7bda8e8e60182cecfdda13e01bdf93378a45cc65b8669af5eb226a3263a2dc
2021,NC_H08_20210402_0200_R21_FLDK.06001_06001_clipped,Himawari-8,20210402,0200,2021_new_clip/NC_H08_20210402_0200_R21_FLDK.06001_06001_clipped.tif,mask/NC_H08_20210402_0200_R21_FLDK.06001_06001_clipped_mask.png,12931026,3175,450,450,20,float32,LZW,0.02,0.02,119,36,4326,450,450,L,0;255,paired,28b27a9ca7fb44353c2d6cd5046682353222bfecea464b41a01e88c09a7c2eb3,2a37c2d30f67a68fd63ecd6a649684bf3281a0ede499ca06cc2425fd851286ae
2021,NC_H08_20210402_0230_R21_FLDK.06001_06001_clipped,Himawari-8,20210402,0230,2021_new_clip/NC_H08_20210402_0230_R21_FLDK.06001_06001_clipped.tif,mask/NC_H08_20210402_0230_R21_FLDK.06001_06001_clipped_mask.png,12942549,2398,450,450,20,float32,LZW,0.02,0.02,119,36,4326,450,450,L,0;255,paired,4ecf237d4edca8c80d94899c8556a2df365ce0618d3910dfacbdb8844c4b9b06,94ae719e79864fbaa2f3f696be8536f9e311c03d0d35fde45bb0b0f6a2f078c8
2021,NC_H08_20210402_0300_R21_FLDK.06001_06001_clipped,Himawari-8,20210402,0300,2021_new_clip/NC_H08_20210402_0300_R21_FLDK.06001_06001_clipped.tif,mask/NC_H08_20210402_0300_R21_FLDK.06001_06001_clipped_mask.png,12951001,2799,450,450,20,float32,LZW,0.02,0.02,119,36,4326,450,450,L,0;255,paired,2b713a603ba0094b0e3bb3286f4db480bf4075032d39dcbdab2cd9034425c59b,ce63b446d7727138d55d1188190403a64447c483a29624eec057029c2528a76b
2021,NC_H08_20210402_0330_R21_FLDK.06001_06001_clipped,Himawari-8,20210402,0330,2021_new_clip/NC_H08_20210402_0330_R21_FLDK.06001_06001_clipped.tif,mask/NC_H08_20210402_0330_R21_FLDK.06001_06001_clipped_mask.png,12787769,3000,450,450,20,float32,LZW,0.02,0.02,119,36,4326,450,450,L,0;255,paired,a6a5e0e99579e18b223df7df8e4633a1e0957942248c113f33402c2cfd9b3d89,0cb6706b8b86bc0c6cf13a1a87840bff48e19deaa0fab806f12b5c6480061329
2021,NC_H08_20210402_0400_R21_FLDK.06001_06001_clipped,Himawari-8,20210402,0400,2021_new_clip/NC_H08_20210402_0400_R21_FLDK.06001_06001_clipped.tif,mask/NC_H08_20210402_0400_R21_FLDK.06001_06001_clipped_mask.png,12708635,2716,450,450,20,float32,LZW,0.02,0.02,119,36,4326,450,450,L,0;255,paired,e43718ec791ba833444765ec566ec9e2fb94f46aca68f74da351ffb596a44002,8051df5c1f3cefe68f47194bd2cf999dcd5507142686d1a302cf6a210333a09a
2021,NC_H08_20210402_0430_R21_FLDK.06001_06001_clipped,Himawari-8,20210402,0430,2021_new_clip/NC_H08_20210402_0430_R21_FLDK.06001_06001_clipped.tif,mask/NC_H08_20210402_0430_R21_FLDK.06001_06001_clipped_mask.png,12922342,2856,450,450,20,float32,LZW,0.02,0.02,119,36,4326,450,450,L,0;255,paired,e1b3a84d704dc6d350eb4aca52c38f73ce169cf76bde36d984a2982d6ec2753e,7136c1e2a15f67533e5d49efcfb1cbd3feb1b1e4ce8aa46736de6d2992b9368e
2021,NC_H08_20210402_0500_R21_FLDK.06001_06001_clipped,Himawari-8,20210402,0500,2021_new_clip/NC_H08_20210402_0500_R21_FLDK.06001_06001_clipped.tif,mask/NC_H08_20210402_0500_R21_FLDK.06001_06001_clipped_mask.png,12972004,2735,450,450,20,float32,LZW,0.02,0.02,119,36,4326,450,450,L,0;255,paired,7df589cd15232783b9edfe292ed6c10089baac9c9130978f2fc6efbbcac1fd61,663d19055dd357dff7f42b5aa8d05b17d77d1ae7998fc53fc2c02e1db231df9f
2021,NC_H08_20210402_0530_R21_FLDK.06001_06001_clipped,Himawari-8,20210402,0530,2021_new_clip/NC_H08_20210402_0530_R21_FLDK.06001_06001_clipped.tif,mask/NC_H08_20210402_0530_R21_FLDK.06001_06001_clipped_mask.png,12988516,2057,450,450,20,float32,LZW,0.02,0.02,119,36,4326,450,450,L,0;255,paired,b361ee5b7b7bc7e1ecb72bc6a6bed4bfd331ab5e8adf633ed85a960cbe1dceb0,5a7a3bff123af4b92fc74b108f19b3ec6d416fb1b9fb78c68afd6e90714b3a7a
2021,NC_H08_20210402_0600_R21_FLDK.06001_06001_clipped,Himawari-8,20210402,0600,2021_new_clip/NC_H08_20210402_0600_R21_FLDK.06001_06001_clipped.tif,mask/NC_H08_20210402_0600_R21_FLDK.06001_06001_clipped_mask.png,12993671,2094,450,450,20,float32,LZW,0.02,0.02,119,36,4326,450,450,L,0;255,paired,a4074218dbff3b1e3e8de3c52456e122e7e6d575fbd9bd3e84410e2c33b0481b,b0c8a7197647a02da870fb254a4029495c6906e4f1282f5f6ae838a27e1164f1
2021,NC_H08_20210402_0630_R21_FLDK.06001_06001_clipped,Himawari-8,20210402,0630,2021_new_clip/NC_H08_20210402_0630_R21_FLDK.06001_06001_clipped.tif,mask/NC_H08_20210402_0630_R21_FLDK.06001_06001_clipped_mask.png,12973648,1986,450,450,20,float32,LZW,0.02,0.02,119,36,4326,450,450,L,0;255,paired,daa1ff94c71889ac97e63e893217bff25e91365ae1e3e1a7a2efb3ee23da190d,ea1e1c436dc6407f6c1baa9375bed3ea69e9b6e8a5a9e16045ec505a7c6c9c4e
2021,NC_H08_20210402_0700_R21_FLDK.06001_06001_clipped,Himawari-8,20210402,0700,2021_new_clip/NC_H08_20210402_0700_R21_FLDK.06001_06001_clipped.tif,mask/NC_H08_20210402_0700_R21_FLDK.06001_06001_clipped_mask.png,12956364,2055,450,450,20,float32,LZW,0.02,0.02,119,36,4326,450,450,L,0;255,paired,d1f31409cfd0285e792f6d07ef710adf41e34b987f77130acbdbac5bcf6f0021,145ab1a7f14d4bcd0b845201f95b84f1b3ed00a2c8eaef8733bcb79ba4c2a59a
2021,NC_H08_20210402_0730_R21_FLDK.06001_06001_clipped,Himawari-8,20210402,0730,2021_new_clip/NC_H08_20210402_0730_R21_FLDK.06001_06001_clipped.tif,mask/NC_H08_20210402_0730_R21_FLDK.06001_06001_clipped_mask.png,12936369,2226,450,450,20,float32,LZW,0.02,0.02,119,36,4326,450,450,L,0;255,paired,4a09f5dd40b2cb8b324f7481c62381209adf293ece37e7d8106507c016f82597,5ff0ec0c9d490db7983e9505b41c867aa7a0457c885a1974b608b3d99e9ab29b
2021,NC_H08_20210402_0800_R21_FLDK.06001_06001_clipped,Himawari-8,20210402,0800,2021_new_clip/NC_H08_20210402_0800_R21_FLDK.06001_06001_clipped.tif,mask/NC_H08_20210402_0800_R21_FLDK.06001_06001_clipped_mask.png,12881379,2360,450,450,20,float32,LZW,0.02,0.02,119,36,4326,450,450,L,0;255,paired,6420628276511d888fac4d1a1848a168282c7a31d79d29c2f3f533c25bdf56b3,fd9438756d86c867fe9831f6cb195ae07b5826fe29f80774f9d31e4ee8e51268
2021,NC_H08_20210402_0830_R21_FLDK.06001_06001_clipped,Himawari-8,20210402,0830,2021_new_clip/NC_H08_20210402_0830_R21_FLDK.06001_06001_clipped.tif,mask/NC_H08_20210402_0830_R21_FLDK.06001_06001_clipped_mask.png,12782798,2444,450,450,20,float32,LZW,0.02,0.02,119,36,4326,450,450,L,0;255,paired,04849fb5decdfaa465ff9d0860c42ac6413a5f01b211ba489340625910156215,2c25039abe5ee14b0f5c377f95b4d0338c85a15e8416c9a545192b87a499b7e6
2021,NC_H08_20210402_0900_R21_FLDK.06001_06001_clipped,Himawari-8,20210402,0900,2021_new_clip/NC_H08_20210402_0900_R21_FLDK.06001_06001_clipped.tif,mask/NC_H08_20210402_0900_R21_FLDK.06001_06001_clipped_mask.png,12650520,2455,450,450,20,float32,LZW,0.02,0.02,119,36,4326,450,450,L,0;255,paired,9eceb6351a9ec178a26d83e010f806c7520fa6158670ea7097005369b10054a4,758178a6a90bb658500ef2b4490b47dcfc894bfee90b163e4058617762420b6f
2021,NC_H08_20210402_0930_R21_FLDK.06001_06001_clipped,Himawari-8,20210402,0930,2021_new_clip/NC_H08_20210402_0930_R21_FLDK.06001_06001_clipped.tif,mask/NC_H08_20210402_0930_R21_FLDK.06001_06001_clipped_mask.png,12261562,2356,450,450,20,float32,LZW,0.02,0.02,119,36,4326,450,450,L,0;255,paired,3728c4d2b03fe38db7a13ffcb1adaacf8bb5fc79ae48a6fb9aa90f2075945908,be50ea98d09c84ea2a1af361370aae6ac1d4ed680e57861e7f483d0bf82abfd0
2021,NC_H08_20210428_0000_R21_FLDK.06001_06001_clipped,Himawari-8,20210428,0000,2021_new_clip/NC_H08_20210428_0000_R21_FLDK.06001_06001_clipped.tif,mask/NC_H08_20210428_0000_R21_FLDK.06001_06001_clipped_mask.png,12858155,1904,450,450,20,float32,LZW,0.02,0.02,119,36,4326,450,450,L,0;255,paired,345f35da0baebd4e23083d9b0e5bb1db636ac11b48b3b1bb0cb8570444586665,ba30f61cb515d1ec264b4f140dc31784345030b5911de4fd485c3ae65be2617f
2021,NC_H08_20210428_0030_R21_FLDK.06001_06001_clipped,Himawari-8,20210428,0030,2021_new_clip/NC_H08_20210428_0030_R21_FLDK.06001_06001_clipped.tif,mask/NC_H08_20210428_0030_R21_FLDK.06001_06001_clipped_mask.png,12944235,1937,450,450,20,float32,LZW,0.02,0.02,119,36,4326,450,450,L,0;255,paired,b15bc93c1fa47c730b7bea4925a7da3e7200668f011c7b920cb0935831ff86fb,0b169a0787443233f33a5982786a44a6cbda28b7d7d5a111d6e627df8a6f22ba
2021,NC_H08_20210428_0100_R21_FLDK.06001_06001_clipped,Himawari-8,20210428,0100,2021_new_clip/NC_H08_20210428_0100_R21_FLDK.06001_06001_clipped.tif,mask/NC_H08_20210428_0100_R21_FLDK.06001_06001_clipped_mask.png,13006723,1717,450,450,20,float32,LZW,0.02,0.02,119,36,4326,450,450,L,0;255,paired,45953ca65c09bcefb39ea66e4430570ea750b7aa92977850bb4a8242ad0dbf34,2681c12449c2e37e090ac5526b69c07814459adf11899d8e26d1853f3a059b4f
2021,NC_H08_20210428_0130_R21_FLDK.06001_06001_clipped,Himawari-8,20210428,0130,2021_new_clip/NC_H08_20210428_0130_R21_FLDK.06001_06001_clipped.tif,mask/NC_H08_20210428_0130_R21_FLDK.06001_06001_clipped_mask.png,13037071,1725,450,450,20,float32,LZW,0.02,0.02,119,36,4326,450,450,L,0;255,paired,2cbd8386675b0970de2f9993e2415cf4be2bb6ff87102db97508d9c01526ea3f,ac208ff8c2c07a62db840d6ce76acc84dc2f3f82f5d02455628a380358f4004a
2021,NC_H08_20210428_0200_R21_FLDK.06001_06001_clipped,Himawari-8,20210428,0200,2021_new_clip/NC_H08_20210428_0200_R21_FLDK.06001_06001_clipped.tif,mask/NC_H08_20210428_0200_R21_FLDK.06001_06001_clipped_mask.png,13046815,1855,450,450,20,float32,LZW,0.02,0.02,119,36,4326,450,450,L,0;255,paired,92df963290a923b3e84085a0e54c90d11de8e093928e3d9fc51492b9af922844,69680e1213b197a53671acf538dfa05dec07db7538ffc89ce94c1d369e3e4769
2021,NC_H08_20210428_0230_R21_FLDK.06001_06001_clipped,Himawari-8,20210428,0230,2021_new_clip/NC_H08_20210428_0230_R21_FLDK.06001_06001_clipped.tif,mask/NC_H08_20210428_0230_R21_FLDK.06001_06001_clipped_mask.png,13056530,1764,450,450,20,float32,LZW,0.02,0.02,119,36,4326,450,450,L,0;255,paired,e640531c21a99edd111fe411143d9ebe2e2aa0c6db07caaf626db772120aee57,50ba4ee4d5e1f2e588039c65374df1e1330ba8fb325d703949a1879877f00201
2021,NC_H08_20210428_0300_R21_FLDK.06001_06001_clipped,Himawari-8,20210428,0300,2021_new_clip/NC_H08_20210428_0300_R21_FLDK.06001_06001_clipped.tif,mask/NC_H08_20210428_0300_R21_FLDK.06001_06001_clipped_mask.png,13018756,1629,450,450,20,float32,LZW,0.02,0.02,119,36,4326,450,450,L,0;255,paired,adbd64dbc5ac28acd832dd386905e67d2a5de742b856f1e41d0ba353f88117ba,69c8c26431271a3451145b2540fd9e7ee755a8c8e41d618205c1caa85e99aff4
2021,NC_H08_20210428_0330_R21_FLDK.06001_06001_clipped,Himawari-8,20210428,0330,2021_new_clip/NC_H08_20210428_0330_R21_FLDK.06001_06001_clipped.tif,mask/NC_H08_20210428_0330_R21_FLDK.06001_06001_clipped_mask.png,12903931,1591,450,450,20,float32,LZW,0.02,0.02,119,36,4326,450,450,L,0;255,paired,e3d6ebfee1dd4fffb538d71bad526a1716ef10e259c403f820ace59f65a1a41a,e1f81077ffbfe3355539e36b1698f3efac1dd8e887e1611d7628cbb299f40ab7
2021,NC_H08_20210428_0400_R21_FLDK.06001_06001_clipped,Himawari-8,20210428,0400,2021_new_clip/NC_H08_20210428_0400_R21_FLDK.06001_06001_clipped.tif,mask/NC_H08_20210428_0400_R21_FLDK.06001_06001_clipped_mask.png,13005108,1732,450,450,20,float32,LZW,0.02,0.02,119,36,4326,450,450,L,0;255,paired,b8755bca94f57b3245c560aeeacbce6bb31469fbbc7d950eaf4ab7cd706f5689,d4f338cfbd10036b61d7fa45fced56b824f898eabd2a3e58ab70073593bb2b7d
2021,NC_H08_20210428_0430_R21_FLDK.06001_06001_clipped,Himawari-8,20210428,0430,2021_new_clip/NC_H08_20210428_0430_R21_FLDK.06001_06001_clipped.tif,mask/NC_H08_20210428_0430_R21_FLDK.06001_06001_clipped_mask.png,13145713,1408,450,450,20,float32,LZW,0.02,0.02,119,36,4326,450,450,L,0;255,paired,da04c7f659d530571a1507c3214436f1d24d1cd123829126ebd024b2bb35d4b7,32e324a40a75e8e2ae3b8d4ae9c20a2c4f63c973b428e10052e069e82a56f046
2021,NC_H08_20210428_0500_R21_FLDK.06001_06001_clipped,Himawari-8,20210428,0500,2021_new_clip/NC_H08_20210428_0500_R21_FLDK.06001_06001_clipped.tif,mask/NC_H08_20210428_0500_R21_FLDK.06001_06001_clipped_mask.png,13170778,1613,450,450,20,float32,LZW,0.02,0.02,119,36,4326,450,450,L,0;255,paired,71d52f01ba16ccc4557a3b442ab216462cc97f1e6d596d40ebf013c4dc35e575,ccfb124c715bf9470cb52604f839e8f1206ed9f26c77567d400f0f7ab3e95822
2021,NC_H08_20210509_0000_R21_FLDK.06001_06001_clipped,Himawari-8,20210509,0000,2021_new_clip/NC_H08_20210509_0000_R21_FLDK.06001_06001_clipped.tif,mask/NC_H08_20210509_0000_R21_FLDK.06001_06001_clipped_mask.png,11952041,2623,450,450,20,float32,LZW,0.02,0.02,119,36,4326,450,450,L,0;255,paired,d7ec9c91cbd7f896b203dd8255cb56bd4a73cfaa7cec68f85082523bfc996a9c,900c0190ada1e7a5cdb165e4ad724b651369829344587ce4885eff5b1c1d6346
2021,NC_H08_20210509_0030_R21_FLDK.06001_06001_clipped,Himawari-8,20210509,0030,2021_new_clip/NC_H08_20210509_0030_R21_FLDK.06001_06001_clipped.tif,mask/NC_H08_20210509_0030_R21_FLDK.06001_06001_clipped_mask.png,12000537,2484,450,450,20,float32,LZW,0.02,0.02,119,36,4326,450,450,L,0;255,paired,2ffdad255fa79188d2406a93a1526e852a175d3b6cd736823c1a5cd23add3493,76fc1e729fedc6c03522ded5923ce02a5085222da2d1dffbf314b1edb3d7c770
2021,NC_H08_20210509_0100_R21_FLDK.06001_06001_clipped,Himawari-8,20210509,0100,2021_new_clip/NC_H08_20210509_0100_R21_FLDK.06001_06001_clipped.tif,mask/NC_H08_20210509_0100_R21_FLDK.06001_06001_clipped_mask.png,12018100,2389,450,450,20,float32,LZW,0.02,0.02,119,36,4326,450,450,L,0;255,paired,70a23e91dde7251d45ab90d058e6b5bbbfa85295c8c973094028138736ba69df,99fe5e009f295b6c5e4dde76602f1778452078db0c1d295aca5b7c0728433691
2021,NC_H08_20210509_0130_R21_FLDK.06001_06001_clipped,Himawari-8,20210509,0130,2021_new_clip/NC_H08_20210509_0130_R21_FLDK.06001_06001_clipped.tif,mask/NC_H08_20210509_0130_R21_FLDK.06001_06001_clipped_mask.png,12055328,1868,450,450,20,float32,LZW,0.02,0.02,119,36,4326,450,450,L,0;255,paired,5fe7494b2205e5b762342435ce7ccbee25ea93ea296204abf17fd76171527595,6a38219cd89e3b082fb10e888f1eaa65ae81b6ff4a0fd9432777d2e671ba564c
2021,NC_H08_20210509_0200_R21_FLDK.06001_06001_clipped,Himawari-8,20210509,0200,2021_new_clip/NC_H08_20210509_0200_R21_FLDK.06001_06001_clipped.tif,mask/NC_H08_20210509_0200_R21_FLDK.06001_06001_clipped_mask.png,12088914,1774,450,450,20,float32,LZW,0.02,0.02,119,36,4326,450,450,L,0;255,paired,c9db24bb4c37adf87710384a2115617c531eb8e6e06c1310c2cc3a9248f1773d,26ef14c09553826057a906aa4fde0d70a04548e92fe397a736af5198ac55528f
2021,NC_H08_20210509_0230_R21_FLDK.06001_06001_clipped,Himawari-8,20210509,0230,2021_new_clip/NC_H08_20210509_0230_R21_FLDK.06001_06001_clipped.tif,mask/NC_H08_20210509_0230_R21_FLDK.06001_06001_clipped_mask.png,12083729,1729,450,450,20,float32,LZW,0.02,0.02,119,36,4326,450,450,L,0;255,paired,62c6a7068ac5546ea8a7ea8367bbb8f0cfe39ce919d18b193b0b3dbdceee9ab4,eb74fec9c6e9ed2a21d1ee0bc372642d21009f357809079d6d57a1f3c75be4ea
2021,NC_H08_20210509_0300_R21_FLDK.06001_06001_clipped,Himawari-8,20210509,0300,2021_new_clip/NC_H08_20210509_0300_R21_FLDK.06001_06001_clipped.tif,mask/NC_H08_20210509_0300_R21_FLDK.06001_06001_clipped_mask.png,12032837,1614,450,450,20,float32,LZW,0.02,0.02,119,36,4326,450,450,L,0;255,paired,63b7836d45d400aae600ab37142bcb97acc4aa9256387cba53e644c83a6cc951,c81f32ec69b2ec5855287842c9e205205b396637f1db19ef9ab37169730b2e80
2021,NC_H08_20210509_0330_R21_FLDK.06001_06001_clipped,Himawari-8,20210509,0330,2021_new_clip/NC_H08_20210509_0330_R21_FLDK.06001_06001_clipped.tif,mask/NC_H08_20210509_0330_R21_FLDK.06001_06001_clipped_mask.png,11880725,1638,450,450,20,float32,LZW,0.02,0.02,119,36,4326,450,450,L,0;255,paired,47fc7ddd6909a87f82379f7b5c8564fd6a5fa6b5db16dee28b7670bbd3ff1a54,6fdcb113fadc4644bbf5dfcc55a1fa4ed6ad5a90a80ef2bb928617dd355ea7cd
2021,NC_H08_20210509_0400_R21_FLDK.06001_06001_clipped,Himawari-8,20210509,0400,2021_new_clip/NC_H08_20210509_0400_R21_FLDK.06001_06001_clipped.tif,mask/NC_H08_20210509_0400_R21_FLDK.06001_06001_clipped_mask.png,12021178,1547,450,450,20,float32,LZW,0.02,0.02,119,36,4326,450,450,L,0;255,paired,a1eb14da2ed86349c4f0ffc679eb4f06c229fea3e777d3147d5484fa2d011217,103f0027b0b351aeef7a9625b63cd7fdfc2f9c84b7df512303a9bcde634ef62a
2021,NC_H08_20210509_0430_R21_FLDK.06001_06001_clipped,Himawari-8,20210509,0430,2021_new_clip/NC_H08_20210509_0430_R21_FLDK.06001_06001_clipped.tif,mask/NC_H08_20210509_0430_R21_FLDK.06001_06001_clipped_mask.png,12140381,1532,450,450,20,float32,LZW,0.02,0.02,119,36,4326,450,450,L,0;255,paired,78299f9df9c6ff2599ed930e66b365b1b4dfdc24a12fe98159b45d15338917af,bb557b40b5d1005ad19488518af6ef291c071de3ad47b055655a5aa923aa5b14
2021,NC_H08_20210509_0500_R21_FLDK.06001_06001_clipped,Himawari-8,20210509,0500,2021_new_clip/NC_H08_20210509_0500_R21_FLDK.06001_06001_clipped.tif,mask/NC_H08_20210509_0500_R21_FLDK.06001_06001_clipped_mask.png,12161775,1847,450,450,20,float32,LZW,0.02,0.02,119,36,4326,450,450,L,0;255,paired,0ab0a8dcca5d33b0c597fe75bae047156677d897df653732198d9fe7bb4c4244,5439b0174d89d6f2ab5c8927d8072ae3e137461b770e0aee89d8d2934aa0fc13
2021,NC_H08_20210509_0530_R21_FLDK.06001_06001_clipped,Himawari-8,20210509,0530,2021_new_clip/NC_H08_20210509_0530_R21_FLDK.06001_06001_clipped.tif,mask/NC_H08_20210509_0530_R21_FLDK.06001_06001_clipped_mask.png,12155767,1581,450,450,20,float32,LZW,0.02,0.02,119,36,4326,450,450,L,0;255,paired,77f3440a2ae38794801a0c4b4ffd0b6290f3c35f6c3f1c0ec3c2ce1cc025ba31,3a8f4a3f2505a35e493d25a141ed3b066c5469dccdf751c6d6b53d511ad4da8e
2021,NC_H08_20210509_0600_R21_FLDK.06001_06001_clipped,Himawari-8,20210509,0600,2021_new_clip/NC_H08_20210509_0600_R21_FLDK.06001_06001_clipped.tif,mask/NC_H08_20210509_0600_R21_FLDK.06001_06001_clipped_mask.png,12140326,1735,450,450,20,float32,LZW,0.02,0.02,119,36,4326,450,450,L,0;255,paired,a9108228771517117d26fd26eb85c64ca315ed6cf7b74288f66fcb93cb0f768e,ab33c729be6f27dcf9ad322b0c455d65a393284a579da27dac8d76b446df71c2
2021,NC_H08_20210509_0630_R21_FLDK.06001_06001_clipped,Himawari-8,20210509,0630,2021_new_clip/NC_H08_20210509_0630_R21_FLDK.06001_06001_clipped.tif,mask/NC_H08_20210509_0630_R21_FLDK.06001_06001_clipped_mask.png,12111138,1592,450,450,20,float32,LZW,0.02,0.02,119,36,4326,450,450,L,0;255,paired,495b09dabcafa509a3f7b0b539028436a03ad78b2d4c671c2f81be9435514768,982ce0945539070df574477fff1547bd028be72d5212c8ed2d0d491af72b7d13
2021,NC_H08_20210509_0700_R21_FLDK.06001_06001_clipped,Himawari-8,20210509,0700,2021_new_clip/NC_H08_20210509_0700_R21_FLDK.06001_06001_clipped.tif,mask/NC_H08_20210509_0700_R21_FLDK.06001_06001_clipped_mask.png,12075058,1386,450,450,20,float32,LZW,0.02,0.02,119,36,4326,450,450,L,0;255,paired,db3050c47345b579d9266b61c667e9cfcf19f9cbeb9859fb567281327be31422,f601bac135388d38f62eca14480d023f7488d1df3d653091050f9a8a2a55f363
2021,NC_H08_20210509_0730_R21_FLDK.06001_06001_clipped,Himawari-8,20210509,0730,2021_new_clip/NC_H08_20210509_0730_R21_FLDK.06001_06001_clipped.tif,mask/NC_H08_20210509_0730_R21_FLDK.06001_06001_clipped_mask.png,12024175,1777,450,450,20,float32,LZW,0.02,0.02,119,36,4326,450,450,L,0;255,paired,8546ac9e0f717432bc4eb1a1be30f255c48b484cc3bf4d1cc8819b6246acb1b1,50fb05e4e5940ecc1817d10243777cda3aa1df482e847693e34feac8dfe68fb2
2021,NC_H08_20210509_0800_R21_FLDK.06001_06001_clipped,Himawari-8,20210509,0800,2021_new_clip/NC_H08_20210509_0800_R21_FLDK.06001_06001_clipped.tif,mask/NC_H08_20210509_0800_R21_FLDK.06001_06001_clipped_mask.png,11947850,1606,450,450,20,float32,LZW,0.02,0.02,119,36,4326,450,450,L,0;255,paired,123611366f11ed8dc54d15a06d3db975b94ce2f607024a5fa1d037c56672854f,08162e8e8c4c9b1c45c7201257581473ff931120a044cb2e11590186f6f3c8fc
2021,NC_H08_20210509_0830_R21_FLDK.06001_06001_clipped,Himawari-8,20210509,0830,2021_new_clip/NC_H08_20210509_0830_R21_FLDK.06001_06001_clipped.tif,mask/NC_H08_20210509_0830_R21_FLDK.06001_06001_clipped_mask.png,11857235,1812,450,450,20,float32,LZW,0.02,0.02,119,36,4326,450,450,L,0;255,paired,54ef651fd050f7c97206fb6bd7ce41ebfed8a74323867e315ca3eb3f14f149dd,ee4278988391b593fdef885b461850af40eb183ecbdc6babe41e80828a63e250
2021,NC_H08_20210509_0900_R21_FLDK.06001_06001_clipped,Himawari-8,20210509,0900,2021_new_clip/NC_H08_20210509_0900_R21_FLDK.06001_06001_clipped.tif,mask/NC_H08_20210509_0900_R21_FLDK.06001_06001_clipped_mask.png,11708834,1782,450,450,20,float32,LZW,0.02,0.02,119,36,4326,450,450,L,0;255,paired,2efc7d02233356f47d20bb6ea0fcfac36b60f8c238d25feb558f292059dd19a1,a0be22bb4931e8f569eafbfc04081f9fedf8d9ec42099c25b3ff0a74fb8de47e
2021,NC_H08_20210509_0930_R21_FLDK.06001_06001_clipped,Himawari-8,20210509,0930,2021_new_clip/NC_H08_20210509_0930_R21_FLDK.06001_06001_clipped.tif,mask/NC_H08_20210509_0930_R21_FLDK.06001_06001_clipped_mask.png,11514605,1915,450,450,20,float32,LZW,0.02,0.02,119,36,4326,450,450,L,0;255,paired,0f30818588d154195ff89d0bb336a2ec91fde711d9a107f6468fc7077b33917d,34e0802263d67c498e1492e2cb9a5e36831e5371689810c6a54cbd2e1c8d35cf
2021,NC_H08_20210510_0000_R21_FLDK.06001_06001_clipped,Himawari-8,20210510,0000,2021_new_clip/NC_H08_20210510_0000_R21_FLDK.06001_06001_clipped.tif,mask/NC_H08_20210510_0000_R21_FLDK.06001_06001_clipped_mask.png,12465980,3120,450,450,20,float32,LZW,0.02,0.02,119,36,4326,450,450,L,0;255,paired,a11cc66c7a26d2ffd4452b09507361d7bc1fadba609ad85d9e6773bde9f4a857,d023d2c8b71ed4c61c1a503de2b1ac9beeae5430877e4ffc68fd7f7d70176087
2021,NC_H08_20210510_0030_R21_FLDK.06001_06001_clipped,Himawari-8,20210510,0030,2021_new_clip/NC_H08_20210510_0030_R21_FLDK.06001_06001_clipped.tif,mask/NC_H08_20210510_0030_R21_FLDK.06001_06001_clipped_mask.png,12509748,2542,450,450,20,float32,LZW,0.02,0.02,119,36,4326,450,450,L,0;255,paired,9925c5c1421c8d7f179fd9b556713e24764d5d74eff4dd45bf9c2b99d81ac043,c109fcdfac401159147e5837cc43ec737d2b4319b2d9afcd88cf3c09aa01df0e
2021,NC_H08_20210510_0100_R21_FLDK.06001_06001_clipped,Himawari-8,20210510,0100,2021_new_clip/NC_H08_20210510_0100_R21_FLDK.06001_06001_clipped.tif,mask/NC_H08_20210510_0100_R21_FLDK.06001_06001_clipped_mask.png,12544474,2436,450,450,20,float32,LZW,0.02,0.02,119,36,4326,450,450,L,0;255,paired,1b2a65c38d4cd52f91732000bd67efd68cdc9c749389934c53f7ea7c6e22461e,b2052bd62975432c4cea51eac16886859d9c04ec8749a27986a5a23f5df92958
2021,NC_H08_20210510_0130_R21_FLDK.06001_06001_clipped,Himawari-8,20210510,0130,2021_new_clip/NC_H08_20210510_0130_R21_FLDK.06001_06001_clipped.tif,mask/NC_H08_20210510_0130_R21_FLDK.06001_06001_clipped_mask.png,12576342,2217,450,450,20,float32,LZW,0.02,0.02,119,36,4326,450,450,L,0;255,paired,5b410283e54898010b2edb3088ccbc274384cceccb027f3e96431b1250034806,769558646a4c11de5926a0f31e5e6bc9d8866870a94ebf411824b3d389c32da6
2021,NC_H08_20210510_0200_R21_FLDK.06001_06001_clipped,Himawari-8,20210510,0200,2021_new_clip/NC_H08_20210510_0200_R21_FLDK.06001_06001_clipped.tif,mask/NC_H08_20210510_0200_R21_FLDK.06001_06001_clipped_mask.png,12626829,1842,450,450,20,float32,LZW,0.02,0.02,119,36,4326,450,450,L,0;255,paired,3de80b0117d01193066f27883204706b3dda61b6450854720809b23810bd9e59,2ebf52259df05fbc39e9440ceed81396c761d337b867318e00e6627d6af7728c
2021,NC_H08_20210510_0230_R21_FLDK.06001_06001_clipped,Himawari-8,20210510,0230,2021_new_clip/NC_H08_20210510_0230_R21_FLDK.06001_06001_clipped.tif,mask/NC_H08_20210510_0230_R21_FLDK.06001_06001_clipped_mask.png,12654567,1797,450,450,20,float32,LZW,0.02,0.02,119,36,4326,450,450,L,0;255,paired,36c690f43d469fb832fd5ef4471a2ce7c7853f6ef92a717c6f237c6a2b27e970,3e9f72931631b3512240d66ec80569ae69a76b4c605059cb187a31dc050178d8
2021,NC_H08_20210510_0300_R21_FLDK.06001_06001_clipped,Himawari-8,20210510,0300,2021_new_clip/NC_H08_20210510_0300_R21_FLDK.06001_06001_clipped.tif,mask/NC_H08_20210510_0300_R21_FLDK.06001_06001_clipped_mask.png,12676241,1874,450,450,20,float32,LZW,0.02,0.02,119,36,4326,450,450,L,0;255,paired,df9c6eb3f005e712696638397165094089f3447703c9ba61f40c8d4561aba693,44016917755f02156525e6b9680ddffe5e8fb24ffd7ecae42eac354c346ce1de
2021,NC_H08_20210510_0330_R21_FLDK.06001_06001_clipped,Himawari-8,20210510,0330,2021_new_clip/NC_H08_20210510_0330_R21_FLDK.06001_06001_clipped.tif,mask/NC_H08_20210510_0330_R21_FLDK.06001_06001_clipped_mask.png,12569253,1712,450,450,20,float32,LZW,0.02,0.02,119,36,4326,450,450,L,0;255,paired,0c68f7477a0ad066c3d73d6a73f463f5768c80542d56d37be4c9b2b2d6ca958e,edde0291261c60c5a049d57bd32ccd2a40b250b941b04331939487a8afbc40fd
2021,NC_H08_20210510_0400_R21_FLDK.06001_06001_clipped,Himawari-8,20210510,0400,2021_new_clip/NC_H08_20210510_0400_R21_FLDK.06001_06001_clipped.tif,mask/NC_H08_20210510_0400_R21_FLDK.06001_06001_clipped_mask.png,12714510,1976,450,450,20,float32,LZW,0.02,0.02,119,36,4326,450,450,L,0;255,paired,3947982fcb56d1023db7adc60d14ca7e81eb74f7d665aa851cfd6ff1405b506c,93f0e182b4ff68b3adc9494b9420928e82225b577131258624d665034b4e4545
2021,NC_H08_20210510_0430_R21_FLDK.06001_06001_clipped,Himawari-8,20210510,0430,2021_new_clip/NC_H08_20210510_0430_R21_FLDK.06001_06001_clipped.tif,mask/NC_H08_20210510_0430_R21_FLDK.06001_06001_clipped_mask.png,12795482,2204,450,450,20,float32,LZW,0.02,0.02,119,36,4326,450,450,L,0;255,paired,ffd9f8415e166c27a47ba8191dc70c3d46b77e86de7d761e43fb8fef6db1ced6,0e7819d73f7f81cfc0dc619bc60bacc701211a13f3f2b19798e21f5fc9bd0636
2021,NC_H08_20210510_0500_R21_FLDK.06001_06001_clipped,Himawari-8,20210510,0500,2021_new_clip/NC_H08_20210510_0500_R21_FLDK.06001_06001_clipped.tif,mask/NC_H08_20210510_0500_R21_FLDK.06001_06001_clipped_mask.png,12764249,2321,450,450,20,float32,LZW,0.02,0.02,119,36,4326,450,450,L,0;255,paired,a0daf4bf717c7f00b7c06c6df95513b71a4225b5ef76b0e079020b0fbe3a8e3b,c888066c656697e13cbd5e5e06e5313c599645ca7431faf34e9299e7184bb075
2021,NC_H08_20210510_0530_R21_FLDK.06001_06001_clipped,Himawari-8,20210510,0530,2021_new_clip/NC_H08_20210510_0530_R21_FLDK.06001_06001_clipped.tif,mask/NC_H08_20210510_0530_R21_FLDK.06001_06001_clipped_mask.png,12768243,2325,450,450,20,float32,LZW,0.02,0.02,119,36,4326,450,450,L,0;255,paired,5e93de98f983969ce9c4a84b14202dd320891ef366189e0cb7adc2c3cdd01f27,1dd6bec90261e4184ce5740f896c715ced8c3819afc42ee6658c0e7a45c73f1c
2021,NC_H08_20210510_0630_R21_FLDK.06001_06001_clipped,Himawari-8,20210510,0630,2021_new_clip/NC_H08_20210510_0630_R21_FLDK.06001_06001_clipped.tif,mask/NC_H08_20210510_0630_R21_FLDK.06001_06001_clipped_mask.png,12700718,2244,450,450,20,float32,LZW,0.02,0.02,119,36,4326,450,450,L,0;255,paired,28976273f76cc5e894715210b22d1cfaea43e94956695ee298da069669a0d450,4f8c5980a48c6ee364c6a45013291f74b5f51518fb0db26c923e309e2990d036
2021,NC_H08_20210510_0700_R21_FLDK.06001_06001_clipped,Himawari-8,20210510,0700,2021_new_clip/NC_H08_20210510_0700_R21_FLDK.06001_06001_clipped.tif,mask/NC_H08_20210510_0700_R21_FLDK.06001_06001_clipped_mask.png,12695224,2224,450,450,20,float32,LZW,0.02,0.02,119,36,4326,450,450,L,0;255,paired,a7e5f357cf9cf0f47ed15806a808561b93da70ec608a4be348ec78bcfbaa296e,37cdab0aab1154119b7a1980d768ca23236510445588818b6a488a2b21e6b386
2021,NC_H08_20210510_0730_R21_FLDK.06001_06001_clipped,Himawari-8,20210510,0730,2021_new_clip/NC_H08_20210510_0730_R21_FLDK.06001_06001_clipped.tif,mask/NC_H08_20210510_0730_R21_FLDK.06001_06001_clipped_mask.png,12703471,2389,450,450,20,float32,LZW,0.02,0.02,119,36,4326,450,450,L,0;255,paired,6419e4633ab60185690d64db4569010a7a2c16950539dde6d39e1bc00780c715,3b1c51cba10affb230a5a38c8a00ccc5d90780dc7e19851da978d3160227fcfa
2021,NC_H08_20210510_0800_R21_FLDK.06001_06001_clipped,Himawari-8,20210510,0800,2021_new_clip/NC_H08_20210510_0800_R21_FLDK.06001_06001_clipped.tif,mask/NC_H08_20210510_0800_R21_FLDK.06001_06001_clipped_mask.png,12720356,2214,450,450,20,float32,LZW,0.02,0.02,119,36,4326,450,450,L,0;255,paired,d77232b5ec559623a49a58b3bc5408b6e85d81f4d6608f0f287def0540c98937,11a941946edc33cf7203702085b80f406229a9494f4c915e5d9b8a2123d31059
2021,NC_H08_20210510_0830_R21_FLDK.06001_06001_clipped,Himawari-8,20210510,0830,2021_new_clip/NC_H08_20210510_0830_R21_FLDK.06001_06001_clipped.tif,mask/NC_H08_20210510_0830_R21_FLDK.06001_06001_clipped_mask.png,12690944,2372,450,450,20,float32,LZW,0.02,0.02,119,36,4326,450,450,L,0;255,paired,6cca4284771e58fb6946789b700029a7885a77b75754e424d25f95943469694d,5b8e3e35b8cf506091b745b82c802bebd4ccee6986ed4c0d3aca211a25052fab
2021,NC_H08_20210510_0900_R21_FLDK.06001_06001_clipped,Himawari-8,20210510,0900,2021_new_clip/NC_H08_20210510_0900_R21_FLDK.06001_06001_clipped.tif,mask/NC_H08_20210510_0900_R21_FLDK.06001_06001_clipped_mask.png,12625956,2390,450,450,20,float32,LZW,0.02,0.02,119,36,4326,450,450,L,0;255,paired,75cf436ffe14c0a17046fd01f0ae652806c546e3a0b697a0955f04d9395811f3,5f26437cb57cf5e6bfe0f90351ca601f03e600dd91786ed5d03dad79d0b0e07d
2021,NC_H08_20210510_0930_R21_FLDK.06001_06001_clipped,Himawari-8,20210510,0930,2021_new_clip/NC_H08_20210510_0930_R21_FLDK.06001_06001_clipped.tif,mask/NC_H08_20210510_0930_R21_FLDK.06001_06001_clipped_mask.png,12478830,2259,450,450,20,float32,LZW,0.02,0.02,119,36,4326,450,450,L,0;255,paired,966ddd5de79fa81a3de492d4d3cd47007360319b6d01fe76d8f5a43a4f94ec63,3368865881c190b520173d528ac0d7d64192ea812cd54543519f96a915eb5351
2021,NC_H08_20210510_1000_R21_FLDK.06001_06001_clipped,Himawari-8,20210510,1000,2021_new_clip/NC_H08_20210510_1000_R21_FLDK.06001_06001_clipped.tif,mask/NC_H08_20210510_1000_R21_FLDK.06001_06001_clipped_mask.png,11947388,1595,450,450,20,float32,LZW,0.02,0.02,119,36,4326,450,450,L,0;255,paired,4320ca95a4f681ed63a72f39fb2f53d9e7b4aa423e64f2eea70a5b5a53ad9c38,777bb27edd4f2f75c973ab42bdc89f362a72683154eb537778020227a937f25f
2021,NC_H08_20210515_0000_R21_FLDK.06001_06001_clipped,Himawari-8,20210515,0000,2021_new_clip/NC_H08_20210515_0000_R21_FLDK.06001_06001_clipped.tif,mask/NC_H08_20210515_0000_R21_FLDK.06001_06001_clipped_mask.png,13231355,963,450,450,20,float32,LZW,0.02,0.02,119,36,4326,450,450,L,0;255,paired,60eab38398d564ea65f9231ed9759090d43cffc0e01509fc9b00df7afd27fb5d,2a57aabc2064f0fc485d401a469183c1fc734172fdba70a5a6c34711958bb83a
2021,NC_H08_20210515_0030_R21_FLDK.06001_06001_clipped,Himawari-8,20210515,0030,2021_new_clip/NC_H08_20210515_0030_R21_FLDK.06001_06001_clipped.tif,mask/NC_H08_20210515_0030_R21_FLDK.06001_06001_clipped_mask.png,13258545,1065,450,450,20,float32,LZW,0.02,0.02,119,36,4326,450,450,L,0;255,paired,3deedffa403a6ea74c435ab010254071de3b0ce245b6ca84d05d926dd868b921,f6f522515486d9cab9ea1d7061b62249845b971fe6032437b8dca3f401396da2
2021,NC_H08_20210515_0100_R21_FLDK.06001_06001_clipped,Himawari-8,20210515,0100,2021_new_clip/NC_H08_20210515_0100_R21_FLDK.06001_06001_clipped.tif,mask/NC_H08_20210515_0100_R21_FLDK.06001_06001_clipped_mask.png,13278985,1067,450,450,20,float32,LZW,0.02,0.02,119,36,4326,450,450,L,0;255,paired,65aeef618e84beb87027f2e48b428aa3deec233395eb7e330a70cca55d650c0a,290190cfa70c311e6642d0935746e2368c122f019df75f4a2c7fa747f4ef50ce
2021,NC_H08_20210611_0000_R21_FLDK.06001_06001_clipped,Himawari-8,20210611,0000,2021_new_clip/NC_H08_20210611_0000_R21_FLDK.06001_06001_clipped.tif,mask/NC_H08_20210611_0000_R21_FLDK.06001_06001_clipped_mask.png,13170797,1797,450,450,20,float32,LZW,0.02,0.02,119,36,4326,450,450,L,0;255,paired,885ce457b22111bbb49c319082136c2f42b059dca88e6a0ee8b194086194b6ff,0b812edb8361838453cb411ff371f4f11be0d6e7e7ad9b6595591c21d4ddfc56
2021,NC_H08_20210611_0030_R21_FLDK.06001_06001_clipped,Himawari-8,20210611,0030,2021_new_clip/NC_H08_20210611_0030_R21_FLDK.06001_06001_clipped.tif,mask/NC_H08_20210611_0030_R21_FLDK.06001_06001_clipped_mask.png,13217824,1908,450,450,20,float32,LZW,0.02,0.02,119,36,4326,450,450,L,0;255,paired,8a435e44ab7b74c8770d39ef514db9e0772bd978d149eb5ddbf2eace4a00a770,2d35426e924c95eb87b20861d1aa57d51a217f5d90079551d2649806aec648ea
2021,NC_H08_20210611_0100_R21_FLDK.06001_06001_clipped,Himawari-8,20210611,0100,2021_new_clip/NC_H08_20210611_0100_R21_FLDK.06001_06001_clipped.tif,mask/NC_H08_20210611_0100_R21_FLDK.06001_06001_clipped_mask.png,13253614,1735,450,450,20,float32,LZW,0.02,0.02,119,36,4326,450,450,L,0;255,paired,c60c0dc0c25c99b42de43ebeaf62729c391c57afc2609dfb25f2e6e8606977e1,6eaee6f08b49d4861e0ff3fa257c91fa60c34f3b689b6a1e2e99bf35cca02d8f
2021,NC_H08_20210611_0130_R21_FLDK.06001_06001_clipped,Himawari-8,20210611,0130,2021_new_clip/NC_H08_20210611_0130_R21_FLDK.06001_06001_clipped.tif,mask/NC_H08_20210611_0130_R21_FLDK.06001_06001_clipped_mask.png,13324006,1728,450,450,20,float32,LZW,0.02,0.02,119,36,4326,450,450,L,0;255,paired,56b636965623ae2f52529dfdc78cd1aa7b30644c8a94cd91aec17bf3a2232861,2604b7dd026db38f12d7cdda22183d4805e484b2853cad7db6ac2f0a1de55b52
2021,NC_H08_20210611_0200_R21_FLDK.06001_06001_clipped,Himawari-8,20210611,0200,2021_new_clip/NC_H08_20210611_0200_R21_FLDK.06001_06001_clipped.tif,mask/NC_H08_20210611_0200_R21_FLDK.06001_06001_clipped_mask.png,13369505,1842,450,450,20,float32,LZW,0.02,0.02,119,36,4326,450,450,L,0;255,paired,e07b9c115b9e9427aa9dc1b73353a818b4828448ac66f14b1ad78c4712ce388f,c4a2b8f4046bb25fa8bec7854a6c32f46a437d6d8b864b1501790a2f65162846
2021,NC_H08_20210611_0230_R21_FLDK.06001_06001_clipped,Himawari-8,20210611,0230,2021_new_clip/NC_H08_20210611_0230_R21_FLDK.06001_06001_clipped.tif,mask/NC_H08_20210611_0230_R21_FLDK.06001_06001_clipped_mask.png,13398279,1830,450,450,20,float32,LZW,0.02,0.02,119,36,4326,450,450,L,0;255,paired,61d8f6736a633de53f8f060adbf86c6a914c4e0117fd380993e101e6080d64fc,4553a61fe7764c55d5194e9069bab84a9615f5b3b7f484c7c49a04f5fb569637
2021,NC_H08_20210611_0300_R21_FLDK.06001_06001_clipped,Himawari-8,20210611,0300,2021_new_clip/NC_H08_20210611_0300_R21_FLDK.06001_06001_clipped.tif,mask/NC_H08_20210611_0300_R21_FLDK.06001_06001_clipped_mask.png,13412764,1714,450,450,20,float32,LZW,0.02,0.02,119,36,4326,450,450,L,0;255,paired,218ddb5abe29d610f713e1a74a5a0e215553b24220a428888369c85e503d9a14,ae93e6543c4f3aee0b8490e5f7d5d7128300891e341a2f9ba49aa5b969af0ade
2021,NC_H08_20210611_0330_R21_FLDK.06001_06001_clipped,Himawari-8,20210611,0330,2021_new_clip/NC_H08_20210611_0330_R21_FLDK.06001_06001_clipped.tif,mask/NC_H08_20210611_0330_R21_FLDK.06001_06001_clipped_mask.png,13290918,1825,450,450,20,float32,LZW,0.02,0.02,119,36,4326,450,450,L,0;255,paired,4ca03aa02f8f5b56d50157a5948f9a2cde239af5e49d695519e476ef6a5d7bd5,b9a1ba987308075f985b3573ccaa28964d743916088b29c5d70271fba16b23d5
2021,NC_H08_20210611_0400_R21_FLDK.06001_06001_clipped,Himawari-8,20210611,0400,2021_new_clip/NC_H08_20210611_0400_R21_FLDK.06001_06001_clipped.tif,mask/NC_H08_20210611_0400_R21_FLDK.06001_06001_clipped_mask.png,13322742,1931,450,450,20,float32,LZW,0.02,0.02,119,36,4326,450,450,L,0;255,paired,b68ce6f94aca8f4087cf473bcfb04864909f31b04ec6fa2fb8de5cc3c8c9c72e,aa5427c9d9e07035b7aeb69c40bb4a47135c4700192ba345500a46ae31a4e88f
2021,NC_H08_20210611_0430_R21_FLDK.06001_06001_clipped,Himawari-8,20210611,0430,2021_new_clip/NC_H08_20210611_0430_R21_FLDK.06001_06001_clipped.tif,mask/NC_H08_20210611_0430_R21_FLDK.06001_06001_clipped_mask.png,13376859,1801,450,450,20,float32,LZW,0.02,0.02,119,36,4326,450,450,L,0;255,paired,94aeb7fec5e63cad38a7fc47d9809f0ea44905298f3caaac320618e597331313,12f642b490ca80ad8626ff800b91e5bd946ecce9ca5ccbc49361e7e7d866b650
2021,NC_H08_20210611_0500_R21_FLDK.06001_06001_clipped,Himawari-8,20210611,0500,2021_new_clip/NC_H08_20210611_0500_R21_FLDK.06001_06001_clipped.tif,mask/NC_H08_20210611_0500_R21_FLDK.06001_06001_clipped_mask.png,13325938,1998,450,450,20,float32,LZW,0.02,0.02,119,36,4326,450,450,L,0;255,paired,fa2b8d187b73d969e0c5b7c2379351e72792fe98242fde5f82f50e797b58286d,5c998fc567eba33b6f8b08773c3a2e135b60f855ad3a6e28cabe8d2d186874af
2021,NC_H08_20210611_0530_R21_FLDK.06001_06001_clipped,Himawari-8,20210611,0530,2021_new_clip/NC_H08_20210611_0530_R21_FLDK.06001_06001_clipped.tif,mask/NC_H08_20210611_0530_R21_FLDK.06001_06001_clipped_mask.png,13293371,1795,450,450,20,float32,LZW,0.02,0.02,119,36,4326,450,450,L,0;255,paired,2f80472ec7a1c4ed90e1432b5fbbe1f71ecb9e4e67bef52ca6d71fb2e1aebb43,565b50f070537bbb6c6e1bf3090fc33209de4b5beb95e1441d05510f46e3f34d
2021,NC_H08_20210611_0630_R21_FLDK.06001_06001_clipped,Himawari-8,20210611,0630,2021_new_clip/NC_H08_20210611_0630_R21_FLDK.06001_06001_clipped.tif,mask/NC_H08_20210611_0630_R21_FLDK.06001_06001_clipped_mask.png,13150816,1550,450,450,20,float32,LZW,0.02,0.02,119,36,4326,450,450,L,0;255,paired,cffd3ded8632f47d40b75a2a8ae54dad88a5d623169738539f0d61272a024d5c,e8d9589cf81527a453ce9f0b643baf7dad25511d38779c447fe4b5acc2a7ff61
2021,NC_H08_20210611_0700_R21_FLDK.06001_06001_clipped,Himawari-8,20210611,0700,2021_new_clip/NC_H08_20210611_0700_R21_FLDK.06001_06001_clipped.tif,mask/NC_H08_20210611_0700_R21_FLDK.06001_06001_clipped_mask.png,13065167,2567,450,450,20,float32,LZW,0.02,0.02,119,36,4326,450,450,L,0;255,paired,4ed92ba1716dc7b86a232f35eef4f782fd14ebedd7308641705655afbd98ce66,270cecec0020e5108a6dbacacf8432dd917a806f656320950970b43c0f587a75
2021,NC_H08_20210611_0730_R21_FLDK.06001_06001_clipped,Himawari-8,20210611,0730,2021_new_clip/NC_H08_20210611_0730_R21_FLDK.06001_06001_clipped.tif,mask/NC_H08_20210611_0730_R21_FLDK.06001_06001_clipped_mask.png,13019937,2007,450,450,20,float32,LZW,0.02,0.02,119,36,4326,450,450,L,0;255,paired,7d7825cd7072656700604ab6a4e3984b81bcf48212803f9feb9c0f61a49d3e6c,fb84189572434a2e447c5f8548b21dc17537fc528a6db9b55c00887b8bfceb01
2021,NC_H08_20210611_0800_R21_FLDK.06001_06001_clipped,Himawari-8,20210611,0800,2021_new_clip/NC_H08_20210611_0800_R21_FLDK.06001_06001_clipped.tif,mask/NC_H08_20210611_0800_R21_FLDK.06001_06001_clipped_mask.png,12993042,1825,450,450,20,float32,LZW,0.02,0.02,119,36,4326,450,450,L,0;255,paired,c825e7b84e71a8424f553dca3e56a20b083220128df7d32b4a20ec56c5901fbb,30c5395a3f0069220a331ac43ac3962d14ee6d205ba1b36f025739ef67db37c9
2021,NC_H08_20210611_0830_R21_FLDK.06001_06001_clipped,Himawari-8,20210611,0830,2021_new_clip/NC_H08_20210611_0830_R21_FLDK.06001_06001_clipped.tif,mask/NC_H08_20210611_0830_R21_FLDK.06001_06001_clipped_mask.png,12938545,1755,450,450,20,float32,LZW,0.02,0.02,119,36,4326,450,450,L,0;255,paired,840df145f02a8d490915b937409965f9586dcbf69bf346fabe93bf3eb97b2df5,b7e1e91bb280fe39182b4950bad3739b17de791904ff146cc60e2164382829b4
2021,NC_H08_20210611_0930_R21_FLDK.06001_06001_clipped,Himawari-8,20210611,0930,2021_new_clip/NC_H08_20210611_0930_R21_FLDK.06001_06001_clipped.tif,mask/NC_H08_20210611_0930_R21_FLDK.06001_06001_clipped_mask.png,12748950,2189,450,450,20,float32,LZW,0.02,0.02,119,36,4326,450,450,L,0;255,paired,3f2a0bde973583cb1165f4b2b97e967e22532ee45bdff2656d9b9d10ca806769,6f9eade0e647c1b3d23cd583cd3ba33fefd09b8ed52e9bb9eb50710d85673d6f
2021,NC_H08_20211114_0000_R21_FLDK.06001_06001_clipped,Himawari-8,20211114,0000,2021_new_clip/NC_H08_20211114_0000_R21_FLDK.06001_06001_clipped.tif,mask/NC_H08_20211114_0000_R21_FLDK.06001_06001_clipped_mask.png,11502621,1299,450,450,20,float32,LZW,0.02,0.02,119,36,4326,450,450,L,0;255,paired,2a75338b83f0bb18b49e88ea4e44473b93badf41f4216552a63fd79601abcdae,3526e86428c0540bb196574a4eb0da4b3192530822c8ecef33962c322c13348d
2021,NC_H08_20211114_0030_R21_FLDK.06001_06001_clipped,Himawari-8,20211114,0030,2021_new_clip/NC_H08_20211114_0030_R21_FLDK.06001_06001_clipped.tif,mask/NC_H08_20211114_0030_R21_FLDK.06001_06001_clipped_mask.png,11512534,1116,450,450,20,float32,LZW,0.02,0.02,119,36,4326,450,450,L,0;255,paired,6fcfac121dabf18d5fb783427640f3c283f84f1bbd87299d9220ec516fdfcc12,92d50a0184dbbe8f52fd9bf39b9b6a23c213a510046e421e7cae0aa19f16a9b1
2021,NC_H08_20211216_0000_R21_FLDK.06001_06001_clipped,Himawari-8,20211216,0000,2021_new_clip/NC_H08_20211216_0000_R21_FLDK.06001_06001_clipped.tif,mask/NC_H08_20211216_0000_R21_FLDK.06001_06001_clipped_mask.png,12718098,1256,450,450,20,float32,LZW,0.02,0.02,119,36,4326,450,450,L,0;255,paired,ef1f1a3319840bff1d275e63192dfadfd4b716ca64d35aae4bd74009454d7919,ea96f5a0c19141e612c084cc63e4c0a5328d8cd586fccbb9182f5b967c270566
2021,NC_H08_20211216_0030_R21_FLDK.06001_06001_clipped,Himawari-8,20211216,0030,2021_new_clip/NC_H08_20211216_0030_R21_FLDK.06001_06001_clipped.tif,mask/NC_H08_20211216_0030_R21_FLDK.06001_06001_clipped_mask.png,12759884,908,450,450,20,float32,LZW,0.02,0.02,119,36,4326,450,450,L,0;255,paired,c1f3967423202f02f4ce9b4ca5deb95e281183fa8069c2c40c604b8e2c613bb5,852f83bb4dabf1426f4fda9df7d3d44a9f641aec03dbe038d76da87feee055d1
2022,NC_H08_20220104_0000_R21_FLDK.06001_06001_clipped,Himawari-8,20220104,0000,2022_new_clip/NC_H08_20220104_0000_R21_FLDK.06001_06001_clipped.tif,mask/NC_H08_20220104_0000_R21_FLDK.06001_06001_clipped_mask.png,12167778,580,450,450,20,float32,LZW,0.02,0.02,119,36,4326,450,450,L,0;255,paired,4ff61e638fc685ec5b2bc51f33345bea7045a94f91ac9459f574192fade1e1c4,1b0605783f65ce51736d156e232bbb55da706ec60e8186e89b50af4db8724232
2022,NC_H08_20220104_0030_R21_FLDK.06001_06001_clipped,Himawari-8,20220104,0030,2022_new_clip/NC_H08_20220104_0030_R21_FLDK.06001_06001_clipped.tif,mask/NC_H08_20220104_0030_R21_FLDK.06001_06001_clipped_mask.png,12348858,471,450,450,20,float32,LZW,0.02,0.02,119,36,4326,450,450,L,0;255,paired,0c16c07cf3139d949212ef1e266d9930cf3f1c9ff351f133fba9c51c97f74f7d,1b14368d841eda1197efe9a4d04aa5aaeb7a9cf85c0491eacffce196cc6df5e9
2022,NC_H08_20220104_0100_R21_FLDK.06001_06001_clipped,Himawari-8,20220104,0100,2022_new_clip/NC_H08_20220104_0100_R21_FLDK.06001_06001_clipped.tif,mask/NC_H08_20220104_0100_R21_FLDK.06001_06001_clipped_mask.png,12472881,498,450,450,20,float32,LZW,0.02,0.02,119,36,4326,450,450,L,0;255,paired,2457f1fd322b41203cce05a49e1da937c66a8f5c52ce4a8346db6e23f1904939,cec5fa7127946605befba8400e196179e18aa35db29cba5e8e35f05702f81659
2022,NC_H08_20220104_0130_R21_FLDK.06001_06001_clipped,Himawari-8,20220104,0130,2022_new_clip/NC_H08_20220104_0130_R21_FLDK.06001_06001_clipped.tif,mask/NC_H08_20220104_0130_R21_FLDK.06001_06001_clipped_mask.png,12578513,398,450,450,20,float32,LZW,0.02,0.02,119,36,4326,450,450,L,0;255,paired,8f0904fe5d70508183a2742381b966ccaacd3c486e259b8cc3ccda33dda7a3f8,4fdec0c4b6778457209a06d8557e1334d4674d75cbcd700ebbd70b456525e0ad
2022,NC_H08_20220310_0000_R21_FLDK.06001_06001_clipped,Himawari-8,20220310,0000,2022_new_clip/NC_H08_20220310_0000_R21_FLDK.06001_06001_clipped.tif,mask/NC_H08_20220310_0000_R21_FLDK.06001_06001_clipped_mask.png,12232264,2038,450,450,20,float32,LZW,0.02,0.02,119,36,4326,450,450,L,0;255,paired,33ece66b1be2db9f6b9ca56481b5ffac78043b72089d244a42ffe37fa6100020,278a3a72519332f9a45ca3eb38bda400ae88e774ffb7639dc34bc1cc8534300f
2022,NC_H08_20220310_0030_R21_FLDK.06001_06001_clipped,Himawari-8,20220310,0030,2022_new_clip/NC_H08_20220310_0030_R21_FLDK.06001_06001_clipped.tif,mask/NC_H08_20220310_0030_R21_FLDK.06001_06001_clipped_mask.png,12344172,2180,450,450,20,float32,LZW,0.02,0.02,119,36,4326,450,450,L,0;255,paired,5d64027bcdfc0d7fd99e2de78572915fb00b787a3d1b43c96d2ac0b3b584a615,c707d5ce3b775af6fbb2687003f7529362dc8c3da7d584e2b2aaa80b65197eae
2022,NC_H08_20220310_0100_R21_FLDK.06001_06001_clipped,Himawari-8,20220310,0100,2022_new_clip/NC_H08_20220310_0100_R21_FLDK.06001_06001_clipped.tif,mask/NC_H08_20220310_0100_R21_FLDK.06001_06001_clipped_mask.png,12416840,1751,450,450,20,float32,LZW,0.02,0.02,119,36,4326,450,450,L,0;255,paired,7b2886f26bb5a72f748cd4995d287fd281bff35ecbed5b19cea21f0225fbab24,0fd6b814850f0d167a2d176746c33fbca313ee0869848a81b085bbba415db2b9
2022,NC_H08_20220310_0130_R21_FLDK.06001_06001_clipped,Himawari-8,20220310,0130,2022_new_clip/NC_H08_20220310_0130_R21_FLDK.06001_06001_clipped.tif,mask/NC_H08_20220310_0130_R21_FLDK.06001_06001_clipped_mask.png,12449739,1384,450,450,20,float32,LZW,0.02,0.02,119,36,4326,450,450,L,0;255,paired,a57355598b1872059dc872888d4d69d38fa285ae3162d7788c58e8975e2c3ba9,3d4bb4382705aee303a0ab1b29e7625c1d1f8cd50cf5e9739e4d6a13c700aeef
2022,NC_H08_20220310_0200_R21_FLDK.06001_06001_clipped,Himawari-8,20220310,0200,2022_new_clip/NC_H08_20220310_0200_R21_FLDK.06001_06001_clipped.tif,mask/NC_H08_20220310_0200_R21_FLDK.06001_06001_clipped_mask.png,12547819,1397,450,450,20,float32,LZW,0.02,0.02,119,36,4326,450,450,L,0;255,paired,7143c73a6dac2e2e7416794f889aa6275ec0ebf9f4e624df72213931bea6756f,83f92e90dddfd7621bdd74f570c607887adf49768970b83c9a9059a6c940fba9
2022,NC_H08_20220310_0230_R21_FLDK.06001_06001_clipped,Himawari-8,20220310,0230,2022_new_clip/NC_H08_20220310_0230_R21_FLDK.06001_06001_clipped.tif,mask/NC_H08_20220310_0230_R21_FLDK.06001_06001_clipped_mask.png,12630024,1265,450,450,20,float32,LZW,0.02,0.02,119,36,4326,450,450,L,0;255,paired,25093fe5ececc815fe5b8f6dee4a768e40fd18e51f541ef08f6719a19a1f001a,a68046574751e91755f0df7d9274020f2ee4238bcd66022256c6dce8b2be866b
2022,NC_H08_20220310_0300_R21_FLDK.06001_06001_clipped,Himawari-8,20220310,0300,2022_new_clip/NC_H08_20220310_0300_R21_FLDK.06001_06001_clipped.tif,mask/NC_H08_20220310_0300_R21_FLDK.06001_06001_clipped_mask.png,12716380,1057,450,450,20,float32,LZW,0.02,0.02,119,36,4326,450,450,L,0;255,paired,2c19d953ab46897fd77ae90e68a5b3100fc46bf3ccf8ec8dd9ade9bf24e5e048,696aaad9169f86708c03164759e5e7139c45ab8d4e7008ea226a52349193a121
2022,NC_H08_20220310_0330_R21_FLDK.06001_06001_clipped,Himawari-8,20220310,0330,2022_new_clip/NC_H08_20220310_0330_R21_FLDK.06001_06001_clipped.tif,mask/NC_H08_20220310_0330_R21_FLDK.06001_06001_clipped_mask.png,12657953,1070,450,450,20,float32,LZW,0.02,0.02,119,36,4326,450,450,L,0;255,paired,359a20170c0e9da46438517e9409810090e00bcb02c1910033972cda1c319d23,c9b5cfae5cf8eece3c95557c7f4601d460b097425bd710e6fb8a07552bb7befa
2022,NC_H08_20220310_0400_R21_FLDK.06001_06001_clipped,Himawari-8,20220310,0400,2022_new_clip/NC_H08_20220310_0400_R21_FLDK.06001_06001_clipped.tif,mask/NC_H08_20220310_0400_R21_FLDK.06001_06001_clipped_mask.png,12520673,1048,450,450,20,float32,LZW,0.02,0.02,119,36,4326,450,450,L,0;255,paired,9f5e1321791c3073e0dd8db8ff713d9ea727ecf307d9ae756aa0459ad856bc88,6d972a9a72aefdbaa169ba8f0f7a5e4252ad1951339b4fa262b731685fb5458c
2022,NC_H08_20220310_0430_R21_FLDK.06001_06001_clipped,Himawari-8,20220310,0430,2022_new_clip/NC_H08_20220310_0430_R21_FLDK.06001_06001_clipped.tif,mask/NC_H08_20220310_0430_R21_FLDK.06001_06001_clipped_mask.png,12865524,719,450,450,20,float32,LZW,0.02,0.02,119,36,4326,450,450,L,0;255,paired,2f8bf2cfcbd97a227c296d5443db05672ff2c4b1a9696bca34d405eb67608115,61a9d4e7000f543c8cbf73cb9a8eab94c77d4fabab19e1fd8b80544f86d960b4
2022,NC_H08_20220310_0500_R21_FLDK.06001_06001_clipped,Himawari-8,20220310,0500,2022_new_clip/NC_H08_20220310_0500_R21_FLDK.06001_06001_clipped.tif,mask/NC_H08_20220310_0500_R21_FLDK.06001_06001_clipped_mask.png,12967297,653,450,450,20,float32,LZW,0.02,0.02,119,36,4326,450,450,L,0;255,paired,800f81d63de35d08eb80de73b3b831438b3c5c2dbeb443fafe447e2910faee54,e69ced9fd8f9b4d6be7fbc7f0a1f498e3edbd9670359abaecf625e2237ca66ca
2022,NC_H08_20220310_0530_R21_FLDK.06001_06001_clipped,Himawari-8,20220310,0530,2022_new_clip/NC_H08_20220310_0530_R21_FLDK.06001_06001_clipped.tif,mask/NC_H08_20220310_0530_R21_FLDK.06001_06001_clipped_mask.png,13019247,837,450,450,20,float32,LZW,0.02,0.02,119,36,4326,450,450,L,0;255,paired,05ce520fad2328d6fd7dc7bb17061f9f0b4d26301d2819d66ea4db3399c54260,98abb84a6c8fc1317f53ba605155b58cd798d5966d4da56e051f1dfee4731c21
2022,NC_H08_20220311_0000_R21_FLDK.06001_06001_clipped,Himawari-8,20220311,0000,2022_new_clip/NC_H08_20220311_0000_R21_FLDK.06001_06001_clipped.tif,mask/NC_H08_20220311_0000_R21_FLDK.06001_06001_clipped_mask.png,12525952,1098,450,450,20,float32,LZW,0.02,0.02,119,36,4326,450,450,L,0;255,paired,c2d46c200ea0a24a9db1c7a06554fd01d4941fed79932d5fd1e0bb02785b6d33,38ad326df01744e78e97892c358ddeb7ab9d7974a5f5d4057f707cd316923046
2022,NC_H08_20220311_0030_R21_FLDK.06001_06001_clipped,Himawari-8,20220311,0030,2022_new_clip/NC_H08_20220311_0030_R21_FLDK.06001_06001_clipped.tif,mask/NC_H08_20220311_0030_R21_FLDK.06001_06001_clipped_mask.png,12589414,1205,450,450,20,float32,LZW,0.02,0.02,119,36,4326,450,450,L,0;255,paired,5f7d6aa6757aa0e42af8a09fe7af3395c9f5786cf4d1ac6d98ba00707e24914d,d44639706decd6d187fa6b5dccb881c1e8526000ab9d54189079759e03496cd9
2022,NC_H08_20220311_0100_R21_FLDK.06001_06001_clipped,Himawari-8,20220311,0100,2022_new_clip/NC_H08_20220311_0100_R21_FLDK.06001_06001_clipped.tif,mask/NC_H08_20220311_0100_R21_FLDK.06001_06001_clipped_mask.png,12607438,1216,450,450,20,float32,LZW,0.02,0.02,119,36,4326,450,450,L,0;255,paired,5383844f7e4ac96c71121b78a1eb656fb91540bf1e2bcbb5fc10cf7afcfc35a0,a4c365fa3719667c9cf52e529999b47bb9d16b5d4cf1133fc691d368e86e3ae2
2022,NC_H08_20220311_0130_R21_FLDK.06001_06001_clipped,Himawari-8,20220311,0130,2022_new_clip/NC_H08_20220311_0130_R21_FLDK.06001_06001_clipped.tif,mask/NC_H08_20220311_0130_R21_FLDK.06001_06001_clipped_mask.png,12602925,1143,450,450,20,float32,LZW,0.02,0.02,119,36,4326,450,450,L,0;255,paired,15284ae43097cf2259b5de34d3ec0abeb1331bc51fab44f4c5446209cd8d57ee,c10b9dcf08a06ec4465798ded37d6502c7e1dc8420c25b24a80cd4b995d2e095
2022,NC_H08_20220311_0200_R21_FLDK.06001_06001_clipped,Himawari-8,20220311,0200,2022_new_clip/NC_H08_20220311_0200_R21_FLDK.06001_06001_clipped.tif,mask/NC_H08_20220311_0200_R21_FLDK.06001_06001_clipped_mask.png,12591827,1257,450,450,20,float32,LZW,0.02,0.02,119,36,4326,450,450,L,0;255,paired,e72468d22e07b72db7795f57716cb57866165767b0d1545f8950d0460cf980bc,96b683912dfe10aa296c439dee8befd6547f88e72dc09d9f5bf9f816245cb2ce
2022,NC_H08_20220311_0230_R21_FLDK.06001_06001_clipped,Himawari-8,20220311,0230,2022_new_clip/NC_H08_20220311_0230_R21_FLDK.06001_06001_clipped.tif,mask/NC_H08_20220311_0230_R21_FLDK.06001_06001_clipped_mask.png,12583231,1391,450,450,20,float32,LZW,0.02,0.02,119,36,4326,450,450,L,0;255,paired,f15baa21acd52559930ece6811b3af371f6bd920f9f0511f1b68e18adb2d8d3c,81a90d2b5d33f166917d7f63d4f9e3a1a127907e0e021d39ed4584750b6fb846
2022,NC_H08_20220311_0300_R21_FLDK.06001_06001_clipped,Himawari-8,20220311,0300,2022_new_clip/NC_H08_20220311_0300_R21_FLDK.06001_06001_clipped.tif,mask/NC_H08_20220311_0300_R21_FLDK.06001_06001_clipped_mask.png,12594984,1403,450,450,20,float32,LZW,0.02,0.02,119,36,4326,450,450,L,0;255,paired,d07b435a9f43293b07fb036e6aaeaf5be7e28f7ff56c7004e21002bb713f00c1,d11c699cf28868d00685d3f1af6fc10ac5118800221fbee2b3b3a4e44c1313bc
2022,NC_H08_20220311_0330_R21_FLDK.06001_06001_clipped,Himawari-8,20220311,0330,2022_new_clip/NC_H08_20220311_0330_R21_FLDK.06001_06001_clipped.tif,mask/NC_H08_20220311_0330_R21_FLDK.06001_06001_clipped_mask.png,12475059,1341,450,450,20,float32,LZW,0.02,0.02,119,36,4326,450,450,L,0;255,paired,64fa723eb0b308fb25bfe35c28e5d471d1a13587354e51bbcf6f2f88ae308a46,4e4cdd7dd8a85da4634792fafb92bd688fc4c1694ebe2418da1cc171602f3650
2022,NC_H08_20220311_0400_R21_FLDK.06001_06001_clipped,Himawari-8,20220311,0400,2022_new_clip/NC_H08_20220311_0400_R21_FLDK.06001_06001_clipped.tif,mask/NC_H08_20220311_0400_R21_FLDK.06001_06001_clipped_mask.png,12274883,1375,450,450,20,float32,LZW,0.02,0.02,119,36,4326,450,450,L,0;255,paired,5b246631a4200a01b8076c44d4740f36a7faa7010f5a01be1cf44111a13e5a33,ee99581691f838685912f7ed5f4dff91f3ac3309c58e2287072cdab3f4ac59fe
2022,NC_H08_20220311_0430_R21_FLDK.06001_06001_clipped,Himawari-8,20220311,0430,2022_new_clip/NC_H08_20220311_0430_R21_FLDK.06001_06001_clipped.tif,mask/NC_H08_20220311_0430_R21_FLDK.06001_06001_clipped_mask.png,12556739,1432,450,450,20,float32,LZW,0.02,0.02,119,36,4326,450,450,L,0;255,paired,4170637d3119d40c08c6282f8ac622dc898cfce5bfc4a252d0e5a39be856471c,6cb4b6fbd165dc9db9e693b3e1cab03a95ebd208c6ee414f14b0fde22bec8478
2022,NC_H08_20220311_0500_R21_FLDK.06001_06001_clipped,Himawari-8,20220311,0500,2022_new_clip/NC_H08_20220311_0500_R21_FLDK.06001_06001_clipped.tif,mask/NC_H08_20220311_0500_R21_FLDK.06001_06001_clipped_mask.png,12588257,1425,450,450,20,float32,LZW,0.02,0.02,119,36,4326,450,450,L,0;255,paired,bd81ecd5ca982818adb245ebbdd3224b36928e7f255498931ff7ad251a2279b8,25b3156fa08fb9450a740dd0c1a4461f9478e5d60fcc55987249f8270838b223
2022,NC_H08_20220311_0530_R21_FLDK.06001_06001_clipped,Himawari-8,20220311,0530,2022_new_clip/NC_H08_20220311_0530_R21_FLDK.06001_06001_clipped.tif,mask/NC_H08_20220311_0530_R21_FLDK.06001_06001_clipped_mask.png,12551346,1470,450,450,20,float32,LZW,0.02,0.02,119,36,4326,450,450,L,0;255,paired,933c6e417910c11c853f6394d67f239859791c1cb40fcea9887adcb71a8e0920,475f37613847dfb9d7054320ebf358dfa912459ad6de1d50608b823544baceaa
2022,NC_H08_20220311_0600_R21_FLDK.06001_06001_clipped,Himawari-8,20220311,0600,2022_new_clip/NC_H08_20220311_0600_R21_FLDK.06001_06001_clipped.tif,mask/NC_H08_20220311_0600_R21_FLDK.06001_06001_clipped_mask.png,12505458,1590,450,450,20,float32,LZW,0.02,0.02,119,36,4326,450,450,L,0;255,paired,8f8e252aa2c62dbdbea19881a05fe9b3833f394b12a135c65d68dbc4155a9bca,5a79f4feac54816b279bbb3afc5b537a7dafcece5ee7d4921c0c35b4c3475ba7
2022,NC_H08_20220311_0630_R21_FLDK.06001_06001_clipped,Himawari-8,20220311,0630,2022_new_clip/NC_H08_20220311_0630_R21_FLDK.06001_06001_clipped.tif,mask/NC_H08_20220311_0630_R21_FLDK.06001_06001_clipped_mask.png,12467299,1504,450,450,20,float32,LZW,0.02,0.02,119,36,4326,450,450,L,0;255,paired,2b4e8e5c02bade90413d37bdcb47b9e431e219bacfa708890bb375d572c46650,eaf5f866adc8a5b4c5f0c60e2e773d51dede1a4efd9dce82f262e0feb4783240
2022,NC_H08_20220311_0700_R21_FLDK.06001_06001_clipped,Himawari-8,20220311,0700,2022_new_clip/NC_H08_20220311_0700_R21_FLDK.06001_06001_clipped.tif,mask/NC_H08_20220311_0700_R21_FLDK.06001_06001_clipped_mask.png,12412800,1290,450,450,20,float32,LZW,0.02,0.02,119,36,4326,450,450,L,0;255,paired,e8902565750bd84530e436b9ab93fcbfc1dcace24085c22425bf94894f7069ef,c522b8fabef1d5bf6d275a04cd78cc91bfb36fdae5bb9c521c99a3ec532bf219
2022,NC_H08_20220311_0730_R21_FLDK.06001_06001_clipped,Himawari-8,20220311,0730,2022_new_clip/NC_H08_20220311_0730_R21_FLDK.06001_06001_clipped.tif,mask/NC_H08_20220311_0730_R21_FLDK.06001_06001_clipped_mask.png,12339631,1692,450,450,20,float32,LZW,0.02,0.02,119,36,4326,450,450,L,0;255,paired,b8047ea7a11d2becd6c6d854d40ad2708ecd16f128684f0265f0d717bb36681c,445ae9311ac8b31ff335942715ed8837191ef0d5dc20d453e344a6858d6ce56a
2022,NC_H08_20220311_0830_R21_FLDK.06001_06001_clipped,Himawari-8,20220311,0830,2022_new_clip/NC_H08_20220311_0830_R21_FLDK.06001_06001_clipped.tif,mask/NC_H08_20220311_0830_R21_FLDK.06001_06001_clipped_mask.png,12032308,1435,450,450,20,float32,LZW,0.02,0.02,119,36,4326,450,450,L,0;255,paired,250ebd90de580717e28058663b86722c0bfaf2bfd859fe5da6f01440ae53fadb,b528816db37169e0b07f30162e182ecb0ec19d2c7d686ecfca09e58f2b85a8d0
2022,NC_H08_20220311_0900_R21_FLDK.06001_06001_clipped,Himawari-8,20220311,0900,2022_new_clip/NC_H08_20220311_0900_R21_FLDK.06001_06001_clipped.tif,mask/NC_H08_20220311_0900_R21_FLDK.06001_06001_clipped_mask.png,11741872,1759,450,450,20,float32,LZW,0.02,0.02,119,36,4326,450,450,L,0;255,paired,0dcac5101e18b363827ebaf4a81d92d7a10ec7e7e5dfcc226f1054455a06fac3,2a78b1f2578285ff87170eea4308e9f2f7caeef07fd1bb9d85808e9a372fdc61
2022,NC_H08_20220313_0000_R21_FLDK.06001_06001_clipped,Himawari-8,20220313,0000,2022_new_clip/NC_H08_20220313_0000_R21_FLDK.06001_06001_clipped.tif,mask/NC_H08_20220313_0000_R21_FLDK.06001_06001_clipped_mask.png,12570620,1522,450,450,20,float32,LZW,0.02,0.02,119,36,4326,450,450,L,0;255,paired,fca295cf81ebdea2d36f13d252a76571f101c4a5ca5dcdc7b69350533f0b91f4,d6fca077045698272b6cee89d6978dd83665b48c911737da13a40399a3b33bb2
2022,NC_H08_20220313_0030_R21_FLDK.06001_06001_clipped,Himawari-8,20220313,0030,2022_new_clip/NC_H08_20220313_0030_R21_FLDK.06001_06001_clipped.tif,mask/NC_H08_20220313_0030_R21_FLDK.06001_06001_clipped_mask.png,12619948,1694,450,450,20,float32,LZW,0.02,0.02,119,36,4326,450,450,L,0;255,paired,21ce23d254f8e1581b254ef2bb64575fdfef51e56629243a7900aee36c0c0627,09ba81e171645f0f493c518f0bc7086c6e568d714ab04ede0b31bf26a3a62e20
2022,NC_H08_20220313_0100_R21_FLDK.06001_06001_clipped,Himawari-8,20220313,0100,2022_new_clip/NC_H08_20220313_0100_R21_FLDK.06001_06001_clipped.tif,mask/NC_H08_20220313_0100_R21_FLDK.06001_06001_clipped_mask.png,12648107,1485,450,450,20,float32,LZW,0.02,0.02,119,36,4326,450,450,L,0;255,paired,d7517b1cdcfdb7799188c9ac396e34cb697772167170d68726e138c98b237091,ae5c7aae38991bb1ead3e2530c39b32cda54e926b4e3dd12d469daf478ca606a
2022,NC_H08_20220313_0130_R21_FLDK.06001_06001_clipped,Himawari-8,20220313,0130,2022_new_clip/NC_H08_20220313_0130_R21_FLDK.06001_06001_clipped.tif,mask/NC_H08_20220313_0130_R21_FLDK.06001_06001_clipped_mask.png,12602739,1722,450,450,20,float32,LZW,0.02,0.02,119,36,4326,450,450,L,0;255,paired,cc0ebdd317c569c2ddc1f6be9ed9e2d72b6bd2850cf972820ffaa6423822e6aa,4fa556a4dce31cab22597cd96f85ca9276c6f4b5baee310fbbeefc1782397309
2022,NC_H08_20220313_0200_R21_FLDK.06001_06001_clipped,Himawari-8,20220313,0200,2022_new_clip/NC_H08_20220313_0200_R21_FLDK.06001_06001_clipped.tif,mask/NC_H08_20220313_0200_R21_FLDK.06001_06001_clipped_mask.png,12570978,1784,450,450,20,float32,LZW,0.02,0.02,119,36,4326,450,450,L,0;255,paired,d92c2b5d435313956ab89f5482b97d8e0136d0493713e9d4cd9b1ebbe618aa98,2f7282f11709ba861e488de4b1cfe5cc40e1ad992c35cfa701d99fe8e6c0e412
2022,NC_H08_20220313_0230_R21_FLDK.06001_06001_clipped,Himawari-8,20220313,0230,2022_new_clip/NC_H08_20220313_0230_R21_FLDK.06001_06001_clipped.tif,mask/NC_H08_20220313_0230_R21_FLDK.06001_06001_clipped_mask.png,12573862,1905,450,450,20,float32,LZW,0.02,0.02,119,36,4326,450,450,L,0;255,paired,3661346103e339daede9c4cd782f4a87ad8cc756d2c945bf3e75021742a40a8b,9fd36358d8ecf5b17759d165deacde5d39438c8fa4c83e4590dd4a6da0ea1206
2022,NC_H08_20220313_0300_R21_FLDK.06001_06001_clipped,Himawari-8,20220313,0300,2022_new_clip/NC_H08_20220313_0300_R21_FLDK.06001_06001_clipped.tif,mask/NC_H08_20220313_0300_R21_FLDK.06001_06001_clipped_mask.png,12572194,1856,450,450,20,float32,LZW,0.02,0.02,119,36,4326,450,450,L,0;255,paired,f5e1b5d7806ef397237247ea5c01638ff4cc11091a0095eb8b0baba1112eee6c,1166e04946966dffcf3c99ded0373dafc0f74ff2f4aaee3618e67d44c3f6bf6a
2022,NC_H08_20220313_0330_R21_FLDK.06001_06001_clipped,Himawari-8,20220313,0330,2022_new_clip/NC_H08_20220313_0330_R21_FLDK.06001_06001_clipped.tif,mask/NC_H08_20220313_0330_R21_FLDK.06001_06001_clipped_mask.png,12477629,2226,450,450,20,float32,LZW,0.02,0.02,119,36,4326,450,450,L,0;255,paired,da30b7f785aa36360bf759ea3443276fa7ecbc5b6a5a693921e5bdc19fa7304f,592c43af6f1a9c36ecc83b792d6823241d617b54071ad48a3df12d05d4cdbd4f
2022,NC_H08_20220313_0400_R21_FLDK.06001_06001_clipped,Himawari-8,20220313,0400,2022_new_clip/NC_H08_20220313_0400_R21_FLDK.06001_06001_clipped.tif,mask/NC_H08_20220313_0400_R21_FLDK.06001_06001_clipped_mask.png,12319317,2373,450,450,20,float32,LZW,0.02,0.02,119,36,4326,450,450,L,0;255,paired,e9db2a164a177a28b1a8de68f4495464ea3925b91e8cba20ba7f5b0e5263182b,1609f5de7b20172d9679a783b76b1aa692acf2079f33d30aa087eee70b33b8cf
2022,NC_H08_20220313_0430_R21_FLDK.06001_06001_clipped,Himawari-8,20220313,0430,2022_new_clip/NC_H08_20220313_0430_R21_FLDK.06001_06001_clipped.tif,mask/NC_H08_20220313_0430_R21_FLDK.06001_06001_clipped_mask.png,12599389,2379,450,450,20,float32,LZW,0.02,0.02,119,36,4326,450,450,L,0;255,paired,e611ab5ac35f30ded9ee04b05fb99e5a4cc2e4db3052004ef117ede949fdd425,d52c61323fb606511f654563209ed6946c3b0d47ecd855283722cb9a20bb41ef
2022,NC_H08_20220313_0500_R21_FLDK.06001_06001_clipped,Himawari-8,20220313,0500,2022_new_clip/NC_H08_20220313_0500_R21_FLDK.06001_06001_clipped.tif,mask/NC_H08_20220313_0500_R21_FLDK.06001_06001_clipped_mask.png,12639371,2520,450,450,20,float32,LZW,0.02,0.02,119,36,4326,450,450,L,0;255,paired,9979b3e76aec0c041cf5cb7ff2f36aa6189feed599f1ce3b77a51d53323ab9e6,abbd9fbaceb4a0a32320f86932c5bfe529bb1d0efc5a8103dc280d813c69f1b8
2022,NC_H08_20220313_0530_R21_FLDK.06001_06001_clipped,Himawari-8,20220313,0530,2022_new_clip/NC_H08_20220313_0530_R21_FLDK.06001_06001_clipped.tif,mask/NC_H08_20220313_0530_R21_FLDK.06001_06001_clipped_mask.png,12636760,2433,450,450,20,float32,LZW,0.02,0.02,119,36,4326,450,450,L,0;255,paired,98b3343b668ba9eb07c11e29cc63d4e39e9b45dd3226447eeb5f58cf3c503c38,8ec8f4dab6cd66690af6bd540430d8d550e13b2de1ad4488257eafbce2a690f0
2022,NC_H08_20220313_0600_R21_FLDK.06001_06001_clipped,Himawari-8,20220313,0600,2022_new_clip/NC_H08_20220313_0600_R21_FLDK.06001_06001_clipped.tif,mask/NC_H08_20220313_0600_R21_FLDK.06001_06001_clipped_mask.png,12605035,2682,450,450,20,float32,LZW,0.02,0.02,119,36,4326,450,450,L,0;255,paired,17ba1bf362fc18fa374fc779e083f9dcd51bcad6b7ace711dcac9257d89494f3,9006a60be1efedd13cb641018ee15d5104c8096df6ac92c6d83cd677d0f31f5d
2022,NC_H08_20220313_0630_R21_FLDK.06001_06001_clipped,Himawari-8,20220313,0630,2022_new_clip/NC_H08_20220313_0630_R21_FLDK.06001_06001_clipped.tif,mask/NC_H08_20220313_0630_R21_FLDK.06001_06001_clipped_mask.png,12540523,2935,450,450,20,float32,LZW,0.02,0.02,119,36,4326,450,450,L,0;255,paired,3917e53df973d794c5c837cbbe94491b68f7ebb0858311b98626d57ccfd72eb1,001ec8e7f9094f2a724f2544366990c13698aaa9626a7cdef33188d772861c9f
2022,NC_H08_20220313_0700_R21_FLDK.06001_06001_clipped,Himawari-8,20220313,0700,2022_new_clip/NC_H08_20220313_0700_R21_FLDK.06001_06001_clipped.tif,mask/NC_H08_20220313_0700_R21_FLDK.06001_06001_clipped_mask.png,12474892,2717,450,450,20,float32,LZW,0.02,0.02,119,36,4326,450,450,L,0;255,paired,4f25f4f5f8c03d0430bdcc8ba75706b76f05ecb4f2b83d4d80421d72ece89f74,0356ab57306bd1d80aef481698b70568c35b0ca09f507ff466c8165fd48d1be6
2022,NC_H08_20220313_0730_R21_FLDK.06001_06001_clipped,Himawari-8,20220313,0730,2022_new_clip/NC_H08_20220313_0730_R21_FLDK.06001_06001_clipped.tif,mask/NC_H08_20220313_0730_R21_FLDK.06001_06001_clipped_mask.png,12362666,2767,450,450,20,float32,LZW,0.02,0.02,119,36,4326,450,450,L,0;255,paired,b891f39ef635cd84e282c957f9594567732b5c0293b4a817074908e58c7e2564,a1ed6d15350dfef1826d549c1cc11175824d2f01794aec38e374a9af087818b1
2022,NC_H08_20220313_0800_R21_FLDK.06001_06001_clipped,Himawari-8,20220313,0800,2022_new_clip/NC_H08_20220313_0800_R21_FLDK.06001_06001_clipped.tif,mask/NC_H08_20220313_0800_R21_FLDK.06001_06001_clipped_mask.png,12223377,2959,450,450,20,float32,LZW,0.02,0.02,119,36,4326,450,450,L,0;255,paired,2e55352f96ea95f4cdbf21757b0b0a4cc1ece0c969878da7692d6e900665f05c,3a055dc76cba8f1a0fab6081825257c0ff07ec023779802d1d2dba02c4f8a88b
2022,NC_H08_20220313_0830_R21_FLDK.06001_06001_clipped,Himawari-8,20220313,0830,2022_new_clip/NC_H08_20220313_0830_R21_FLDK.06001_06001_clipped.tif,mask/NC_H08_20220313_0830_R21_FLDK.06001_06001_clipped_mask.png,12057646,3109,450,450,20,float32,LZW,0.02,0.02,119,36,4326,450,450,L,0;255,paired,0b571b6bea4df057754012052646f547e30120533d32fe71a4206f95b24e48b0,335c63b0e18220fea98c88d5cd0dfd0f1e203fe4214534c6e4a018d2b67a39de
2022,NC_H08_20220313_0900_R21_FLDK.06001_06001_clipped,Himawari-8,20220313,0900,2022_new_clip/NC_H08_20220313_0900_R21_FLDK.06001_06001_clipped.tif,mask/NC_H08_20220313_0900_R21_FLDK.06001_06001_clipped_mask.png,11773155,3044,450,450,20,float32,LZW,0.02,0.02,119,36,4326,450,450,L,0;255,paired,4a306dcb5d54f2aef1c28d0979ebeeedc365445d329780b9667c5e867945aa57,438d656c13ab148121ace978b171043a21c5acd1ee4a3d71ba2845378e1a6f6f
2022,NC_H08_20220314_0000_R21_FLDK.06001_06001_clipped,Himawari-8,20220314,0000,2022_new_clip/NC_H08_20220314_0000_R21_FLDK.06001_06001_clipped.tif,mask/NC_H08_20220314_0000_R21_FLDK.06001_06001_clipped_mask.png,12092866,2171,450,450,20,float32,LZW,0.02,0.02,119,36,4326,450,450,L,0;255,paired,e9d9fe1774a70b2e20e14731c41a08a04b029c79e78f5fc756a5ee0683a98e8e,bcf240e2683c72f0282f0259ca4fd4206330bdf35ccbc6dbdfcd3cb3c94a47af
2022,NC_H08_20220314_0030_R21_FLDK.06001_06001_clipped,Himawari-8,20220314,0030,2022_new_clip/NC_H08_20220314_0030_R21_FLDK.06001_06001_clipped.tif,mask/NC_H08_20220314_0030_R21_FLDK.06001_06001_clipped_mask.png,12211516,2239,450,450,20,float32,LZW,0.02,0.02,119,36,4326,450,450,L,0;255,paired,3f980402ae07596c130cd50501c4f8193fd716c87c9c0180ec81309954a965c9,c6d194a9c970705b7c6d4008fd429ce23b4fa0a0df896f0e77fa71c9581814e4
2022,NC_H08_20220314_0100_R21_FLDK.06001_06001_clipped,Himawari-8,20220314,0100,2022_new_clip/NC_H08_20220314_0100_R21_FLDK.06001_06001_clipped.tif,mask/NC_H08_20220314_0100_R21_FLDK.06001_06001_clipped_mask.png,12316723,1793,450,450,20,float32,LZW,0.02,0.02,119,36,4326,450,450,L,0;255,paired,835e7037e23eb1e7a812820ff7c93a55781e26f7a6c2e48d1589498c4793dfc7,2b02bc118632bfe72b0cbcc8dbd567f7717851d2ce1e52a5340537f1cf83dbfd
2022,NC_H08_20220314_0130_R21_FLDK.06001_06001_clipped,Himawari-8,20220314,0130,2022_new_clip/NC_H08_20220314_0130_R21_FLDK.06001_06001_clipped.tif,mask/NC_H08_20220314_0130_R21_FLDK.06001_06001_clipped_mask.png,12378416,1827,450,450,20,float32,LZW,0.02,0.02,119,36,4326,450,450,L,0;255,paired,45dafc450f14d024b989b880f06288cc0ae9fcfd00dee0cb66cce350dcaf9b55,e1a94de863895f95fb640fd345d6a3736afbc49582406cd5b87319b91022a311
2022,NC_H08_20220314_0200_R21_FLDK.06001_06001_clipped,Himawari-8,20220314,0200,2022_new_clip/NC_H08_20220314_0200_R21_FLDK.06001_06001_clipped.tif,mask/NC_H08_20220314_0200_R21_FLDK.06001_06001_clipped_mask.png,12408077,1461,450,450,20,float32,LZW,0.02,0.02,119,36,4326,450,450,L,0;255,paired,39a9586532033d1d189746a708e8531cb05a930488c12a16b543eec3f59f9c77,d54423a3dcf7548e971d747f6706a5f7031e7c85af960929dd6b0501479eaa4a
2022,NC_H08_20220314_0230_R21_FLDK.06001_06001_clipped,Himawari-8,20220314,0230,2022_new_clip/NC_H08_20220314_0230_R21_FLDK.06001_06001_clipped.tif,mask/NC_H08_20220314_0230_R21_FLDK.06001_06001_clipped_mask.png,12420081,1180,450,450,20,float32,LZW,0.02,0.02,119,36,4326,450,450,L,0;255,paired,7f8e68760e866012c7d0af8a60a9772db340e1030ae5e43b6421ebfe90a53ef3,6c623f328acbfe0c151f91ec1ad007172cce8c9c210b325584f9918eba31f56c
2022,NC_H08_20220408_0000_R21_FLDK.06001_06001_clipped,Himawari-8,20220408,0000,2022_new_clip/NC_H08_20220408_0000_R21_FLDK.06001_06001_clipped.tif,mask/NC_H08_20220408_0000_R21_FLDK.06001_06001_clipped_mask.png,11347546,2648,450,450,20,float32,LZW,0.02,0.02,119,36,4326,450,450,L,0;255,paired,adb118ba3a6942001bcdbdeb077042e37ba3412310b45651b10324527f81853a,ae0197a40e65a8bbc857d2599a4a146a81e1365b6868087222010aa51f139925
2022,NC_H08_20220408_0030_R21_FLDK.06001_06001_clipped,Himawari-8,20220408,0030,2022_new_clip/NC_H08_20220408_0030_R21_FLDK.06001_06001_clipped.tif,mask/NC_H08_20220408_0030_R21_FLDK.06001_06001_clipped_mask.png,11414860,2627,450,450,20,float32,LZW,0.02,0.02,119,36,4326,450,450,L,0;255,paired,2674b2b834075f7ace00a1666eb693d85a8ae90744623627308d944fca3934f1,2f5f840ea0bbf1b695f24afad9ee961aabb1d9fb4f22cebfd2258f2d127ca332
2022,NC_H08_20220408_0100_R21_FLDK.06001_06001_clipped,Himawari-8,20220408,0100,2022_new_clip/NC_H08_20220408_0100_R21_FLDK.06001_06001_clipped.tif,mask/NC_H08_20220408_0100_R21_FLDK.06001_06001_clipped_mask.png,11467223,2786,450,450,20,float32,LZW,0.02,0.02,119,36,4326,450,450,L,0;255,paired,57ff455ea97c2f548efbe66fcdacf8cbdf4bc401895a10b14dc560b8d50392c1,40bd07d98f19bb0119291dd0c9e828191cf42cfa702ae50bf093764b77be004d
2022,NC_H08_20220408_0130_R21_FLDK.06001_06001_clipped,Himawari-8,20220408,0130,2022_new_clip/NC_H08_20220408_0130_R21_FLDK.06001_06001_clipped.tif,mask/NC_H08_20220408_0130_R21_FLDK.06001_06001_clipped_mask.png,11501765,2761,450,450,20,float32,LZW,0.02,0.02,119,36,4326,450,450,L,0;255,paired,d1a8c902065bdf9056c469b536cfccc6fe362d715acd1c27145fb6adca7f65b2,1bb2a425e56d407c1b4485eaf78012feaed398410e1a7436590c6a0d8a2b312f
2022,NC_H08_20220408_0200_R21_FLDK.06001_06001_clipped,Himawari-8,20220408,0200,2022_new_clip/NC_H08_20220408_0200_R21_FLDK.06001_06001_clipped.tif,mask/NC_H08_20220408_0200_R21_FLDK.06001_06001_clipped_mask.png,11532745,2513,450,450,20,float32,LZW,0.02,0.02,119,36,4326,450,450,L,0;255,paired,44dd2ab5458dd6ed823f41c6ce68ff894a4e2c6683946bdd7892e972254949c9,f9cecf74cd353568bd33366a9e59470a42e4471ec4979de24824721cf2122125
2022,NC_H08_20220408_0230_R21_FLDK.06001_06001_clipped,Himawari-8,20220408,0230,2022_new_clip/NC_H08_20220408_0230_R21_FLDK.06001_06001_clipped.tif,mask/NC_H08_20220408_0230_R21_FLDK.06001_06001_clipped_mask.png,11556682,2377,450,450,20,float32,LZW,0.02,0.02,119,36,4326,450,450,L,0;255,paired,b12a993c60c26f87e1a24caa695b0b31d4e3dc802f295a5f989d9de82438c524,8496d143dcc279f71e6abd92bae1f02b5ea9403df6fdf8ca8298dcf2ec3025c7
2022,NC_H08_20220408_0300_R21_FLDK.06001_06001_clipped,Himawari-8,20220408,0300,2022_new_clip/NC_H08_20220408_0300_R21_FLDK.06001_06001_clipped.tif,mask/NC_H08_20220408_0300_R21_FLDK.06001_06001_clipped_mask.png,11546826,2174,450,450,20,float32,LZW,0.02,0.02,119,36,4326,450,450,L,0;255,paired,9fa83ae931d53f1f413830edaf840bb9df8c9473086f6257a0316fab4e310559,6b17ccc1894e60f6a34d8dcdefac57e653f728309eb444518006403c2944ff8a
2022,NC_H08_20220408_0330_R21_FLDK.06001_06001_clipped,Himawari-8,20220408,0330,2022_new_clip/NC_H08_20220408_0330_R21_FLDK.06001_06001_clipped.tif,mask/NC_H08_20220408_0330_R21_FLDK.06001_06001_clipped_mask.png,11366538,2155,450,450,20,float32,LZW,0.02,0.02,119,36,4326,450,450,L,0;255,paired,60ec971a7056ea4e9d44354ac355bb1951b92cc0c541448fad97927d35b9a55c,79c667c8d6a11cc5669d90f2284103255602fa3a79671872d588e960f7b69c64
2022,NC_H08_20220408_0400_R21_FLDK.06001_06001_clipped,Himawari-8,20220408,0400,2022_new_clip/NC_H08_20220408_0400_R21_FLDK.06001_06001_clipped.tif,mask/NC_H08_20220408_0400_R21_FLDK.06001_06001_clipped_mask.png,11337563,2144,450,450,20,float32,LZW,0.02,0.02,119,36,4326,450,450,L,0;255,paired,2445703e430e26eed40dfc9fb61729cae430582424b46f144aac8d6a7f4535dd,f43b398667e91577e88a8abd04b0bf390a3e1b4ebfa2fd535a2e78e43c793a40
2022,NC_H08_20220408_0430_R21_FLDK.06001_06001_clipped,Himawari-8,20220408,0430,2022_new_clip/NC_H08_20220408_0430_R21_FLDK.06001_06001_clipped.tif,mask/NC_H08_20220408_0430_R21_FLDK.06001_06001_clipped_mask.png,11535608,2009,450,450,20,float32,LZW,0.02,0.02,119,36,4326,450,450,L,0;255,paired,0d41855d1689604b2c41a4b9a64b0ba78323a7d9ed09790516b9d440e74cf918,bc8bdb7796f782b5a7ccc56cdeeeada6d80f702736c5c7350f99d0341bc3dde2
2022,NC_H08_20220408_0500_R21_FLDK.06001_06001_clipped,Himawari-8,20220408,0500,2022_new_clip/NC_H08_20220408_0500_R21_FLDK.06001_06001_clipped.tif,mask/NC_H08_20220408_0500_R21_FLDK.06001_06001_clipped_mask.png,11519182,2138,450,450,20,float32,LZW,0.02,0.02,119,36,4326,450,450,L,0;255,paired,08011a4466bee3c7e84e02519b4ba7fce37f08d678105c68313b2ca096c31382,2fa632234ec903084166ec6cf83b68c34ff68e3575ade4d92390a51801bf09ba
2022,NC_H08_20220408_0530_R21_FLDK.06001_06001_clipped,Himawari-8,20220408,0530,2022_new_clip/NC_H08_20220408_0530_R21_FLDK.06001_06001_clipped.tif,mask/NC_H08_20220408_0530_R21_FLDK.06001_06001_clipped_mask.png,11468048,1849,450,450,20,float32,LZW,0.02,0.02,119,36,4326,450,450,L,0;255,paired,9ab65ead254b0c2ccb565238b169cb1a088fc9fd6587673ea084ac5fa4ffa243,ebe4f20942ce427a116ebf20338a6bb634cd1deb847a60651e7ca7fca12081ec
2022,NC_H08_20220408_0600_R21_FLDK.06001_06001_clipped,Himawari-8,20220408,0600,2022_new_clip/NC_H08_20220408_0600_R21_FLDK.06001_06001_clipped.tif,mask/NC_H08_20220408_0600_R21_FLDK.06001_06001_clipped_mask.png,11419050,1491,450,450,20,float32,LZW,0.02,0.02,119,36,4326,450,450,L,0;255,paired,16116ac69db1cb8a7aff15daa48b44f08faf47f9b457ce1320e365d27c97a18f,1fe53a3b8c32aaaac92a2985dd253379f64738f9b25c48edf165d89c8280ecab
2022,NC_H08_20220408_0630_R21_FLDK.06001_06001_clipped,Himawari-8,20220408,0630,2022_new_clip/NC_H08_20220408_0630_R21_FLDK.06001_06001_clipped.tif,mask/NC_H08_20220408_0630_R21_FLDK.06001_06001_clipped_mask.png,11376147,1599,450,450,20,float32,LZW,0.02,0.02,119,36,4326,450,450,L,0;255,paired,5df59cabd1bce380a1f22d75a2d9459244a35d5cdef9058b9016b62efa14f09d,0db11e09293b93a48ffe06f4539a48b6bc328fe6b7b38744eb21d3edf65dde64
2022,NC_H08_20220408_0700_R21_FLDK.06001_06001_clipped,Himawari-8,20220408,0700,2022_new_clip/NC_H08_20220408_0700_R21_FLDK.06001_06001_clipped.tif,mask/NC_H08_20220408_0700_R21_FLDK.06001_06001_clipped_mask.png,11345772,1643,450,450,20,float32,LZW,0.02,0.02,119,36,4326,450,450,L,0;255,paired,4241feb5c17350e67ef71b33f3d43baaf0959d128834be81096612f39d71ef69,2a1444a259cc9e9fa378a518b8d3df112a31755b0854c5f8951ffa6d11995987
2022,NC_H08_20220408_0800_R21_FLDK.06001_06001_clipped,Himawari-8,20220408,0800,2022_new_clip/NC_H08_20220408_0800_R21_FLDK.06001_06001_clipped.tif,mask/NC_H08_20220408_0800_R21_FLDK.06001_06001_clipped_mask.png,11238138,1458,450,450,20,float32,LZW,0.02,0.02,119,36,4326,450,450,L,0;255,paired,7073d43e1776531ed874654f2018f87ba82d6390c77fa863442b7d2400ea9541,0f80113cd09fa9775aaf340bfad0aab67e6e962fd20db2ba0b35a08d1167e3e9
2022,NC_H08_20220408_0830_R21_FLDK.06001_06001_clipped,Himawari-8,20220408,0830,2022_new_clip/NC_H08_20220408_0830_R21_FLDK.06001_06001_clipped.tif,mask/NC_H08_20220408_0830_R21_FLDK.06001_06001_clipped_mask.png,11141499,1168,450,450,20,float32,LZW,0.02,0.02,119,36,4326,450,450,L,0;255,paired,38f14721fdad73db9348cec86a3acfd5dbf75f7b7ab7a41e1d6cf70f5613e8f1,e34e78e9404092c36f27db7cf6c8c1dc82a0eabc4102048ae1eff24d33018639
2022,NC_H08_20220408_0900_R21_FLDK.06001_06001_clipped,Himawari-8,20220408,0900,2022_new_clip/NC_H08_20220408_0900_R21_FLDK.06001_06001_clipped.tif,mask/NC_H08_20220408_0900_R21_FLDK.06001_06001_clipped_mask.png,11012005,1242,450,450,20,float32,LZW,0.02,0.02,119,36,4326,450,450,L,0;255,paired,9fd4b08a717da627cc1d38cad696e05cc00293101d0ff779930f54f91578f42a,141f633642b96d7b2e6332a79d1c905408c2bb45246d6bbb703b6251b39505d1
2022,NC_H08_20220408_0930_R21_FLDK.06001_06001_clipped,Himawari-8,20220408,0930,2022_new_clip/NC_H08_20220408_0930_R21_FLDK.06001_06001_clipped.tif,mask/NC_H08_20220408_0930_R21_FLDK.06001_06001_clipped_mask.png,10774362,1202,450,450,20,float32,LZW,0.02,0.02,119,36,4326,450,450,L,0;255,paired,d957ff5ee99a3413aa9c1c4fb988bb26c7dc857d126a7c36eac1f93468741b82,089eac404efe4aa99d524c334ca4074951a4b928af86f29d6bffc3d115574b24
2022,NC_H08_20220409_0000_R21_FLDK.06001_06001_clipped,Himawari-8,20220409,0000,2022_new_clip/NC_H08_20220409_0000_R21_FLDK.06001_06001_clipped.tif,mask/NC_H08_20220409_0000_R21_FLDK.06001_06001_clipped_mask.png,11498127,1571,450,450,20,float32,LZW,0.02,0.02,119,36,4326,450,450,L,0;255,paired,b7efd1d10018f3e88c217cf44c288b536a526d39c93fc73da3d5a4f17a871f35,de5edc8c750f8dd47cc4fe2e0f2cc09127e78ff95937d50aa53c4192055dc80d
2022,NC_H08_20220409_0030_R21_FLDK.06001_06001_clipped,Himawari-8,20220409,0030,2022_new_clip/NC_H08_20220409_0030_R21_FLDK.06001_06001_clipped.tif,mask/NC_H08_20220409_0030_R21_FLDK.06001_06001_clipped_mask.png,11567346,1515,450,450,20,float32,LZW,0.02,0.02,119,36,4326,450,450,L,0;255,paired,3ee50722ab661d36f5f20e66f98322aa68c7c405e13ff41be4fcc1534d9f9636,d01820183395d9adb7605a0b0b6460545fb8c0a13c8ca047ce5f775bd7e41da7
2022,NC_H08_20220409_0100_R21_FLDK.06001_06001_clipped,Himawari-8,20220409,0100,2022_new_clip/NC_H08_20220409_0100_R21_FLDK.06001_06001_clipped.tif,mask/NC_H08_20220409_0100_R21_FLDK.06001_06001_clipped_mask.png,11603457,1519,450,450,20,float32,LZW,0.02,0.02,119,36,4326,450,450,L,0;255,paired,ede40c670f2ab7be75b57c62d9232d34083d2307c8e67bd0aece2a73822135ff,4d73342909e761aa5d259773689b1b7921df0928a2e26968997614d794498b44
2022,NC_H08_20220409_0130_R21_FLDK.06001_06001_clipped,Himawari-8,20220409,0130,2022_new_clip/NC_H08_20220409_0130_R21_FLDK.06001_06001_clipped.tif,mask/NC_H08_20220409_0130_R21_FLDK.06001_06001_clipped_mask.png,11640314,1557,450,450,20,float32,LZW,0.02,0.02,119,36,4326,450,450,L,0;255,paired,9ebfd41b913f02a5a509f806e8af8281b4e87de90dafb1ca8d49413169c483d7,b5f9089f28b26fbaa4cedbe7bd5f400e6f1a807cb9847140dae12d23a67f5de6
2022,NC_H08_20220409_0200_R21_FLDK.06001_06001_clipped,Himawari-8,20220409,0200,2022_new_clip/NC_H08_20220409_0200_R21_FLDK.06001_06001_clipped.tif,mask/NC_H08_20220409_0200_R21_FLDK.06001_06001_clipped_mask.png,11666463,1432,450,450,20,float32,LZW,0.02,0.02,119,36,4326,450,450,L,0;255,paired,f4d83226fbf39d4a958fdb1346388e97dc3eebd8e67f99e83adad733b8700c11,1741dd069ef15435d75fd6255493fa72da87470a0d0815435b23f0e49bd177c3
2022,NC_H08_20220409_0230_R21_FLDK.06001_06001_clipped,Himawari-8,20220409,0230,2022_new_clip/NC_H08_20220409_0230_R21_FLDK.06001_06001_clipped.tif,mask/NC_H08_20220409_0230_R21_FLDK.06001_06001_clipped_mask.png,11671645,1465,450,450,20,float32,LZW,0.02,0.02,119,36,4326,450,450,L,0;255,paired,5511da41ff8ca4d1019dfc59fe5f63c73850058a3ff867883686606dadfd4415,a5a9b45688a4c4c88febbe602edcfd612aa1c60df470d04454e88a2cee70a269
2022,NC_H08_20220409_0300_R21_FLDK.06001_06001_clipped,Himawari-8,20220409,0300,2022_new_clip/NC_H08_20220409_0300_R21_FLDK.06001_06001_clipped.tif,mask/NC_H08_20220409_0300_R21_FLDK.06001_06001_clipped_mask.png,11655252,1459,450,450,20,float32,LZW,0.02,0.02,119,36,4326,450,450,L,0;255,paired,24c41e3f0a3f5d331be5cb8b3aeea074bdb42eb95efa0e95cb01f2edca11d47d,8d7e896377788473dcc5f89f7a5558475688e827a4c859ce29895f6d1296c5ca
2022,NC_H08_20220409_0330_R21_FLDK.06001_06001_clipped,Himawari-8,20220409,0330,2022_new_clip/NC_H08_20220409_0330_R21_FLDK.06001_06001_clipped.tif,mask/NC_H08_20220409_0330_R21_FLDK.06001_06001_clipped_mask.png,11486933,1309,450,450,20,float32,LZW,0.02,0.02,119,36,4326,450,450,L,0;255,paired,39c88c504fc3ca8c04231fcc06cbb551ec430aa76a0e65695734328c44727423,b93c54f59800529dd718a7a825b7d91d76054181a2fef5ee1f96daeefa1de7dd
2022,NC_H08_20220409_0400_R21_FLDK.06001_06001_clipped,Himawari-8,20220409,0400,2022_new_clip/NC_H08_20220409_0400_R21_FLDK.06001_06001_clipped.tif,mask/NC_H08_20220409_0400_R21_FLDK.06001_06001_clipped_mask.png,11492739,1319,450,450,20,float32,LZW,0.02,0.02,119,36,4326,450,450,L,0;255,paired,52042e6322ee8feb17ca66a42bd1c19447c10541b3d08873a94ebc36ab0ea6bd,c6db371be9d1b4870f612f2d23dd67922556c8c6348dde7db3a47e1de7430081
2022,NC_H08_20220409_0430_R21_FLDK.06001_06001_clipped,Himawari-8,20220409,0430,2022_new_clip/NC_H08_20220409_0430_R21_FLDK.06001_06001_clipped.tif,mask/NC_H08_20220409_0430_R21_FLDK.06001_06001_clipped_mask.png,11716764,1313,450,450,20,float32,LZW,0.02,0.02,119,36,4326,450,450,L,0;255,paired,2808e698b105a170876dbfe3c225a8a80d68016b820b05cd82ec6a5bb7ad2e3d,0f33be1587e9a5c2b60e32c8377d56d9d78134670fd392a4bee710c695a31b70
2022,NC_H08_20220409_0500_R21_FLDK.06001_06001_clipped,Himawari-8,20220409,0500,2022_new_clip/NC_H08_20220409_0500_R21_FLDK.06001_06001_clipped.tif,mask/NC_H08_20220409_0500_R21_FLDK.06001_06001_clipped_mask.png,11748894,1337,450,450,20,float32,LZW,0.02,0.02,119,36,4326,450,450,L,0;255,paired,8b0adf8aaceedc61b72ba433bbad39333a0d2f73256656a4ef996a020c7ab400,7ab954991c8dfa39eb83b03dd89bafd6423d3895578f3393332b891e7c43a91a
2022,NC_H08_20220409_0530_R21_FLDK.06001_06001_clipped,Himawari-8,20220409,0530,2022_new_clip/NC_H08_20220409_0530_R21_FLDK.06001_06001_clipped.tif,mask/NC_H08_20220409_0530_R21_FLDK.06001_06001_clipped_mask.png,11751449,1223,450,450,20,float32,LZW,0.02,0.02,119,36,4326,450,450,L,0;255,paired,85dd682b6750b1e86ce019afd06c338b5457fb35c4edb07c8aac8346825fa644,797f3d666dc03304aaad2f4af8f9d4a5ba34f6905cc9a0b767e433580a73170d
2022,NC_H08_20220409_0600_R21_FLDK.06001_06001_clipped,Himawari-8,20220409,0600,2022_new_clip/NC_H08_20220409_0600_R21_FLDK.06001_06001_clipped.tif,mask/NC_H08_20220409_0600_R21_FLDK.06001_06001_clipped_mask.png,11760081,1219,450,450,20,float32,LZW,0.02,0.02,119,36,4326,450,450,L,0;255,paired,77019b9c9d8adaa8d1ccd1780dbf3b1a2b25baf8fdc3996874074804288be33c,d56a02bf5ae6e45f91153f1acf9cf2436fd8ace0c7ff091cf94c73ebfa590f13
2022,NC_H08_20220409_0630_R21_FLDK.06001_06001_clipped,Himawari-8,20220409,0630,2022_new_clip/NC_H08_20220409_0630_R21_FLDK.06001_06001_clipped.tif,mask/NC_H08_20220409_0630_R21_FLDK.06001_06001_clipped_mask.png,11769245,815,450,450,20,float32,LZW,0.02,0.02,119,36,4326,450,450,L,0;255,paired,1439a82b8c3da62090471794b3acb2d67fc082f9a3a6d08ee5665db5eea77108,e1cceea07c4a02049bfa9248d74a0099561abc2a2064d52de3f174c45c6e466b
2022,NC_H08_20220409_0700_R21_FLDK.06001_06001_clipped,Himawari-8,20220409,0700,2022_new_clip/NC_H08_20220409_0700_R21_FLDK.06001_06001_clipped.tif,mask/NC_H08_20220409_0700_R21_FLDK.06001_06001_clipped_mask.png,11806249,831,450,450,20,float32,LZW,0.02,0.02,119,36,4326,450,450,L,0;255,paired,6c661e5b63ccf9074934af35dde5cde05428c34ae3c21db611bf912a0bd52ce1,d14872b871265ac8ab57f4da81e95475a7b77d3eb6bbf7bb4f1ba605b3d048fd
2022,NC_H08_20220409_0730_R21_FLDK.06001_06001_clipped,Himawari-8,20220409,0730,2022_new_clip/NC_H08_20220409_0730_R21_FLDK.06001_06001_clipped.tif,mask/NC_H08_20220409_0730_R21_FLDK.06001_06001_clipped_mask.png,11813525,859,450,450,20,float32,LZW,0.02,0.02,119,36,4326,450,450,L,0;255,paired,0644046c065562d2d978edfd16c1ea4921ccfb58f049e4488c3e1838ba3c71ce,1313f926ee208e31c5a4824820f5662eea4d5fba59b8e13f5cff90e255b68ed2
2022,NC_H08_20220409_0800_R21_FLDK.06001_06001_clipped,Himawari-8,20220409,0800,2022_new_clip/NC_H08_20220409_0800_R21_FLDK.06001_06001_clipped.tif,mask/NC_H08_20220409_0800_R21_FLDK.06001_06001_clipped_mask.png,11802551,873,450,450,20,float32,LZW,0.02,0.02,119,36,4326,450,450,L,0;255,paired,57456203144cff69654f6716bc56ce902e580c7b9670a680053dd7989b49ebce,4665b8d06b3136af37a23c9e3ec3895edd239c7406c1177bb05f1325a5d985c4
2022,NC_H08_20220409_0830_R21_FLDK.06001_06001_clipped,Himawari-8,20220409,0830,2022_new_clip/NC_H08_20220409_0830_R21_FLDK.06001_06001_clipped.tif,mask/NC_H08_20220409_0830_R21_FLDK.06001_06001_clipped_mask.png,11772280,968,450,450,20,float32,LZW,0.02,0.02,119,36,4326,450,450,L,0;255,paired,084e272ebbf0bc8e9e6597432d5a5e0124aa66318446239d022698074c70e9b2,175a31831f59bac17b9352a1382c8dd03d8919d34562029837771a2919af9ccc
2022,NC_H08_20220409_0900_R21_FLDK.06001_06001_clipped,Himawari-8,20220409,0900,2022_new_clip/NC_H08_20220409_0900_R21_FLDK.06001_06001_clipped.tif,mask/NC_H08_20220409_0900_R21_FLDK.06001_06001_clipped_mask.png,11699869,962,450,450,20,float32,LZW,0.02,0.02,119,36,4326,450,450,L,0;255,paired,5f832003664e60b5dc160ad773aa66fafd829d13816edd8b84ce0185681ca86d,3d36b6762ecfa4a2181e0589cd3675aad4e425a03e3c194e512423109629d9b9
2022,NC_H08_20220409_0930_R21_FLDK.06001_06001_clipped,Himawari-8,20220409,0930,2022_new_clip/NC_H08_20220409_0930_R21_FLDK.06001_06001_clipped.tif,mask/NC_H08_20220409_0930_R21_FLDK.06001_06001_clipped_mask.png,11446659,754,450,450,20,float32,LZW,0.02,0.02,119,36,4326,450,450,L,0;255,paired,e604b164d551a7dfb02d12d4e31251b966c89409df994d6a186987212264f8a7,ac0498ca78a6646308e734c78dd6f3f8d31c48de637f95ce1fa0b129ebb04d53
2022,NC_H08_20220410_0630_R21_FLDK.06001_06001_clipped,Himawari-8,20220410,0630,2022_new_clip/NC_H08_20220410_0630_R21_FLDK.06001_06001_clipped.tif,mask/NC_H08_20220410_0630_R21_FLDK.06001_06001_clipped_mask.png,13155208,641,450,450,20,float32,LZW,0.02,0.02,119,36,4326,450,450,L,0;255,paired,71a6e1670a083ab6a0d4018ae98251ee8ada804de702ca9f140cb43588f7ee86,0178494172283acc923706fd6316b48520c27458a080252ad0f5b4e976261911
2022,NC_H08_20220410_0700_R21_FLDK.06001_06001_clipped,Himawari-8,20220410,0700,2022_new_clip/NC_H08_20220410_0700_R21_FLDK.06001_06001_clipped.tif,mask/NC_H08_20220410_0700_R21_FLDK.06001_06001_clipped_mask.png,13163434,863,450,450,20,float32,LZW,0.02,0.02,119,36,4326,450,450,L,0;255,paired,665b1ab3e57acc12a8caf8c14121250768b8ba97c468dc11e90e06c592973b74,f75ba87f4fe657d99b79d0d94c8d2f47d8b17225e7a86237585479f03ce23eda
2022,NC_H08_20220410_0730_R21_FLDK.06001_06001_clipped,Himawari-8,20220410,0730,2022_new_clip/NC_H08_20220410_0730_R21_FLDK.06001_06001_clipped.tif,mask/NC_H08_20220410_0730_R21_FLDK.06001_06001_clipped_mask.png,13145571,1190,450,450,20,float32,LZW,0.02,0.02,119,36,4326,450,450,L,0;255,paired,7264f8002ca70934606e58df4621582be3067a702c768d92e078addb98018901,753b3730f203363e7b954aca10e08bb69c0415dd687ccd954e85d50c78ba6982
2022,NC_H08_20220410_0800_R21_FLDK.06001_06001_clipped,Himawari-8,20220410,0800,2022_new_clip/NC_H08_20220410_0800_R21_FLDK.06001_06001_clipped.tif,mask/NC_H08_20220410_0800_R21_FLDK.06001_06001_clipped_mask.png,13111800,1134,450,450,20,float32,LZW,0.02,0.02,119,36,4326,450,450,L,0;255,paired,6add503f852931272366f2a70d6d93c2d834243b108fce132713c62503c2040b,970d9d3901b47a6ea22d13aea8a371b7b71f96661352b70f6916171b76d973a0
2022,NC_H08_20220410_0830_R21_FLDK.06001_06001_clipped,Himawari-8,20220410,0830,2022_new_clip/NC_H08_20220410_0830_R21_FLDK.06001_06001_clipped.tif,mask/NC_H08_20220410_0830_R21_FLDK.06001_06001_clipped_mask.png,13043278,1214,450,450,20,float32,LZW,0.02,0.02,119,36,4326,450,450,L,0;255,paired,afefffa398e9a555f3b634b78250cfe67b0be13654492b2f81d75f64d4fadbe1,8a384ec16db3ad2f41e26edc10b6c99787c98229a259031a589b48c00bddd050
2022,NC_H08_20220410_0900_R21_FLDK.06001_06001_clipped,Himawari-8,20220410,0900,2022_new_clip/NC_H08_20220410_0900_R21_FLDK.06001_06001_clipped.tif,mask/NC_H08_20220410_0900_R21_FLDK.06001_06001_clipped_mask.png,12905115,1202,450,450,20,float32,LZW,0.02,0.02,119,36,4326,450,450,L,0;255,paired,c5678c23d1088837550b4d0c5ab6ae9639ba3b9c1452cea3e42fb54df12358a7,f7ff3791a8a91ea67c0535b1b7842fddc1426eae6fc308a07786f72ace6c2357
2022,NC_H08_20220410_0930_R21_FLDK.06001_06001_clipped,Himawari-8,20220410,0930,2022_new_clip/NC_H08_20220410_0930_R21_FLDK.06001_06001_clipped.tif,mask/NC_H08_20220410_0930_R21_FLDK.06001_06001_clipped_mask.png,12569205,1098,450,450,20,float32,LZW,0.02,0.02,119,36,4326,450,450,L,0;255,paired,3b4d5ccd77a39ed919ec0c8fd21bb839b526ae94d28ee6dd9dcf84bca7e8bfa6,ec791ebe0328600c599041b4428b5a496c1408c36cdfec1477dc4c029b1dea9c
2022,NC_H08_20220410_1000_R21_FLDK.06001_06001_clipped,Himawari-8,20220410,1000,2022_new_clip/NC_H08_20220410_1000_R21_FLDK.06001_06001_clipped.tif,mask/NC_H08_20220410_1000_R21_FLDK.06001_06001_clipped_mask.png,11164222,1094,450,450,20,float32,LZW,0.02,0.02,119,36,4326,450,450,L,0;255,paired,c5e0d83c51f351b62252715f77661a79c047e54088609e3a4b29589ce7e46fae,8dc19fbc29c99a7f56a0458c3dbf8a011b64e01afdc48528f8ad64828753c82a
2022,NC_H08_20220411_0000_R21_FLDK.06001_06001_clipped,Himawari-8,20220411,0000,2022_new_clip/NC_H08_20220411_0000_R21_FLDK.06001_06001_clipped.tif,mask/NC_H08_20220411_0000_R21_FLDK.06001_06001_clipped_mask.png,12539646,2164,450,450,20,float32,LZW,0.02,0.02,119,36,4326,450,450,L,0;255,paired,ec3e29f353154776f2ec96ce2a75e5991045a2ad62b61f2c6889b398ed27b15b,31094d41b3b85efb9397fcfeaf8c055abc54e71c966d6dad7a43d197107e7da0
2022,NC_H08_20220411_0030_R21_FLDK.06001_06001_clipped,Himawari-8,20220411,0030,2022_new_clip/NC_H08_20220411_0030_R21_FLDK.06001_06001_clipped.tif,mask/NC_H08_20220411_0030_R21_FLDK.06001_06001_clipped_mask.png,12575088,2248,450,450,20,float32,LZW,0.02,0.02,119,36,4326,450,450,L,0;255,paired,12c4d4a6c670f13a19cc20cc975ef3273de3ece413127a2cfad7f274a184e02a,a162822972923a103a9d6f6c11f627be5abdc873589b52be362eb9b3e92c6bf6
2022,NC_H08_20220411_0100_R21_FLDK.06001_06001_clipped,Himawari-8,20220411,0100,2022_new_clip/NC_H08_20220411_0100_R21_FLDK.06001_06001_clipped.tif,mask/NC_H08_20220411_0100_R21_FLDK.06001_06001_clipped_mask.png,12620531,2145,450,450,20,float32,LZW,0.02,0.02,119,36,4326,450,450,L,0;255,paired,2b81b238db32aad555dd06e5b27fb452da6e5e3fc4cb3d85dd4dd060a546e46d,584f78b45ab026007343933e3a19ff3296e4a8c6e33a43138d05c316b6d02fbd
2022,NC_H08_20220411_0130_R21_FLDK.06001_06001_clipped,Himawari-8,20220411,0130,2022_new_clip/NC_H08_20220411_0130_R21_FLDK.06001_06001_clipped.tif,mask/NC_H08_20220411_0130_R21_FLDK.06001_06001_clipped_mask.png,12651371,2001,450,450,20,float32,LZW,0.02,0.02,119,36,4326,450,450,L,0;255,paired,d55bae8de2101012c29d46daad31158eff3f1a8554c29380e03cdf6f1cfb690e,03f29e6cf07c0eb8bf2744e9634d14c1c771306103bff37773b84dd0cf7ed5db
2022,NC_H08_20220411_0200_R21_FLDK.06001_06001_clipped,Himawari-8,20220411,0200,2022_new_clip/NC_H08_20220411_0200_R21_FLDK.06001_06001_clipped.tif,mask/NC_H08_20220411_0200_R21_FLDK.06001_06001_clipped_mask.png,12665712,2029,450,450,20,float32,LZW,0.02,0.02,119,36,4326,450,450,L,0;255,paired,6b74cbeea60fa9d15396ceb22da8d39565c5919b7dae84d4a51634828451a93d,7c3db410215de0f1d1216ad46b65a94279d4e5b056a2e089487f0fa24d0d2735
2022,NC_H08_20220411_0230_R21_FLDK.06001_06001_clipped,Himawari-8,20220411,0230,2022_new_clip/NC_H08_20220411_0230_R21_FLDK.06001_06001_clipped.tif,mask/NC_H08_20220411_0230_R21_FLDK.06001_06001_clipped_mask.png,12667854,2135,450,450,20,float32,LZW,0.02,0.02,119,36,4326,450,450,L,0;255,paired,e4769fa809f188d57e240f5a688027b780b8352e5ef373a1839a578d75589038,b9ded3cad6e9d15a86a55dd0785c5488e46a411f0d5886ec660fda6d9588e322
2022,NC_H08_20220411_0300_R21_FLDK.06001_06001_clipped,Himawari-8,20220411,0300,2022_new_clip/NC_H08_20220411_0300_R21_FLDK.06001_06001_clipped.tif,mask/NC_H08_20220411_0300_R21_FLDK.06001_06001_clipped_mask.png,12668553,2174,450,450,20,float32,LZW,0.02,0.02,119,36,4326,450,450,L,0;255,paired,db1a590e0f7d8cf944a9ff62202fb449f382ba8f51707a721842a60399810693,f2a3ed0c324153efcb5958e97bdc9a4e9d0b04cedc5cdc853824d481dc887f33
2022,NC_H08_20220411_0330_R21_FLDK.06001_06001_clipped,Himawari-8,20220411,0330,2022_new_clip/NC_H08_20220411_0330_R21_FLDK.06001_06001_clipped.tif,mask/NC_H08_20220411_0330_R21_FLDK.06001_06001_clipped_mask.png,12502640,2254,450,450,20,float32,LZW,0.02,0.02,119,36,4326,450,450,L,0;255,paired,335bb033fed0e1c62979e7a97aea1cd786d121369801bbe24411d187044add6f,87c879850b5e6647d44519d0629cef7bb99628bc4b3c0c7ee41e5d211663049d
2022,NC_H08_20220411_0400_R21_FLDK.06001_06001_clipped,Himawari-8,20220411,0400,2022_new_clip/NC_H08_20220411_0400_R21_FLDK.06001_06001_clipped.tif,mask/NC_H08_20220411_0400_R21_FLDK.06001_06001_clipped_mask.png,12508302,2584,450,450,20,float32,LZW,0.02,0.02,119,36,4326,450,450,L,0;255,paired,5463be61343ee101e3d1ec9feeffd8e870744b35942d76dbb9dbb959d180355e,a9762d7b30ac71a1866fd6c9fbbec1ce78793e28ec16d89becd1fa5500a496f9
2022,NC_H08_20220411_0430_R21_FLDK.06001_06001_clipped,Himawari-8,20220411,0430,2022_new_clip/NC_H08_20220411_0430_R21_FLDK.06001_06001_clipped.tif,mask/NC_H08_20220411_0430_R21_FLDK.06001_06001_clipped_mask.png,12735593,2000,450,450,20,float32,LZW,0.02,0.02,119,36,4326,450,450,L,0;255,paired,37fa52ac3abfea542b53987eee9d363f76512655cfdbe0946695e8f5336b40fa,6284e619424bce258c0e57f656c6c5dd79572a80e3a50a48ab6abaded5ccd1bc
2022,NC_H08_20220411_0500_R21_FLDK.06001_06001_clipped,Himawari-8,20220411,0500,2022_new_clip/NC_H08_20220411_0500_R21_FLDK.06001_06001_clipped.tif,mask/NC_H08_20220411_0500_R21_FLDK.06001_06001_clipped_mask.png,12738040,2497,450,450,20,float32,LZW,0.02,0.02,119,36,4326,450,450,L,0;255,paired,54d57d4e1e13d90a420daae76311e5850ff968e7ac01392f427c37338c29d237,85ed6839a1d56340bc5a25b3a5adbd56d1fb4cd6ff670424df38ca0b8a4144df
2022,NC_H08_20220411_0530_R21_FLDK.06001_06001_clipped,Himawari-8,20220411,0530,2022_new_clip/NC_H08_20220411_0530_R21_FLDK.06001_06001_clipped.tif,mask/NC_H08_20220411_0530_R21_FLDK.06001_06001_clipped_mask.png,12704184,2043,450,450,20,float32,LZW,0.02,0.02,119,36,4326,450,450,L,0;255,paired,8f6489798eaa1c9538be69bea304892199a25f2e3604bc661cb9c21c0d4d2dbd,1cccd0419d4f6f646249402212b31126409a9f7d1082911b34ba1cb3f7e64ba0
2022,NC_H08_20220411_0600_R21_FLDK.06001_06001_clipped,Himawari-8,20220411,0600,2022_new_clip/NC_H08_20220411_0600_R21_FLDK.06001_06001_clipped.tif,mask/NC_H08_20220411_0600_R21_FLDK.06001_06001_clipped_mask.png,12665904,2265,450,450,20,float32,LZW,0.02,0.02,119,36,4326,450,450,L,0;255,paired,1c15788dc982ff867e5185b508793001ce2f00d3cc8367fbb6151375306469f9,82ead3ab508c97c6bef26bc631342e882d534fb912f249b919adb412c296430e
2022,NC_H08_20220411_0630_R21_FLDK.06001_06001_clipped,Himawari-8,20220411,0630,2022_new_clip/NC_H08_20220411_0630_R21_FLDK.06001_06001_clipped.tif,mask/NC_H08_20220411_0630_R21_FLDK.06001_06001_clipped_mask.png,12627899,2185,450,450,20,float32,LZW,0.02,0.02,119,36,4326,450,450,L,0;255,paired,89858f770d80bb1cc0330597afe688fcf02628283987a01027fb79e6b9f0da75,97f7ca8a39b7215b63a29b809f9c044fbcfa16be8b4e7a66dbd4d42a63d867eb
2022,NC_H08_20220411_0700_R21_FLDK.06001_06001_clipped,Himawari-8,20220411,0700,2022_new_clip/NC_H08_20220411_0700_R21_FLDK.06001_06001_clipped.tif,mask/NC_H08_20220411_0700_R21_FLDK.06001_06001_clipped_mask.png,12582589,1982,450,450,20,float32,LZW,0.02,0.02,119,36,4326,450,450,L,0;255,paired,c587005c1d77fc2305d95474c7711444947ba7434a60ae9a7c1c3d86ed54ab3f,01a19fbafa5079a01e0d4f6ab056ad4090e03805faed83b1b39b3cbb8707ce54
2022,NC_H08_20220411_0730_R21_FLDK.06001_06001_clipped,Himawari-8,20220411,0730,2022_new_clip/NC_H08_20220411_0730_R21_FLDK.06001_06001_clipped.tif,mask/NC_H08_20220411_0730_R21_FLDK.06001_06001_clipped_mask.png,12532188,2373,450,450,20,float32,LZW,0.02,0.02,119,36,4326,450,450,L,0;255,paired,c2493fcf0fcbc57f66dde673641c6f80cf128c2843f28ad2bc6903a79924133f,077b9ea6373e131126bea5998f6c307ea3e288fb30ff528cd9a25579084676d9
2022,NC_H08_20220411_0800_R21_FLDK.06001_06001_clipped,Himawari-8,20220411,0800,2022_new_clip/NC_H08_20220411_0800_R21_FLDK.06001_06001_clipped.tif,mask/NC_H08_20220411_0800_R21_FLDK.06001_06001_clipped_mask.png,12430945,2505,450,450,20,float32,LZW,0.02,0.02,119,36,4326,450,450,L,0;255,paired,ba0c4508350cba3a63c30ef24c5718424ba61f8fc4d641b778f5efeafee03215,efc48f51f51bb7089c7fc751ad9db7cf5ba2db96b91011eca163788f14451c8a
2022,NC_H08_20220411_0830_R21_FLDK.06001_06001_clipped,Himawari-8,20220411,0830,2022_new_clip/NC_H08_20220411_0830_R21_FLDK.06001_06001_clipped.tif,mask/NC_H08_20220411_0830_R21_FLDK.06001_06001_clipped_mask.png,12263664,2430,450,450,20,float32,LZW,0.02,0.02,119,36,4326,450,450,L,0;255,paired,a86c497685ad6047e808d0e3cf509001f19ac34e51ede202df970090e36d5a18,45c189c0af0520214a8c1380c6fa2b828e8e301effc96b141466660f392c6608
2022,NC_H08_20220411_0900_R21_FLDK.06001_06001_clipped,Himawari-8,20220411,0900,2022_new_clip/NC_H08_20220411_0900_R21_FLDK.06001_06001_clipped.tif,mask/NC_H08_20220411_0900_R21_FLDK.06001_06001_clipped_mask.png,12017811,2013,450,450,20,float32,LZW,0.02,0.02,119,36,4326,450,450,L,0;255,paired,5e1b57c26310737b67c76ab080e8dc3ffa57609fe0a4fc370696acf073035f01,b3dda6fd4bde641e7ce242af706c57d3e8ee4f061a1c18fc048ad0a6989f4cbc
2022,NC_H08_20220411_0930_R21_FLDK.06001_06001_clipped,Himawari-8,20220411,0930,2022_new_clip/NC_H08_20220411_0930_R21_FLDK.06001_06001_clipped.tif,mask/NC_H08_20220411_0930_R21_FLDK.06001_06001_clipped_mask.png,11587288,2267,450,450,20,float32,LZW,0.02,0.02,119,36,4326,450,450,L,0;255,paired,d7f64ed3313f36675359d2a0eba224529aaea3946f27e539abf4c53c24c6bf92,fa053baa85df8f854c9372166191abec937d57dedf06a3a0beaadee6e5a6e78f
2022,NC_H08_20220412_0000_R21_FLDK.06001_06001_clipped,Himawari-8,20220412,0000,2022_new_clip/NC_H08_20220412_0000_R21_FLDK.06001_06001_clipped.tif,mask/NC_H08_20220412_0000_R21_FLDK.06001_06001_clipped_mask.png,12590065,4078,450,450,20,float32,LZW,0.02,0.02,119,36,4326,450,450,L,0;255,paired,fbdf9d24c971774d6c55b749a09285a9c34d0d6580c4778f25cb91181b36284f,f61dd3df5317462da20bf39e702bc540270900a561dcf3ee01e23965b3f715d7
2022,NC_H08_20220412_0030_R21_FLDK.06001_06001_clipped,Himawari-8,20220412,0030,2022_new_clip/NC_H08_20220412_0030_R21_FLDK.06001_06001_clipped.tif,mask/NC_H08_20220412_0030_R21_FLDK.06001_06001_clipped_mask.png,12625557,3800,450,450,20,float32,LZW,0.02,0.02,119,36,4326,450,450,L,0;255,paired,e8460e1719d29a104ea4e5883690412cf4ba72bbaf49acd55235106966ab32ba,3f62411d0d0ad6054a1ece905b786e4aa3b80ceed50118246e25928bb4f17979
2022,NC_H08_20220412_0100_R21_FLDK.06001_06001_clipped,Himawari-8,20220412,0100,2022_new_clip/NC_H08_20220412_0100_R21_FLDK.06001_06001_clipped.tif,mask/NC_H08_20220412_0100_R21_FLDK.06001_06001_clipped_mask.png,12635317,3513,450,450,20,float32,LZW,0.02,0.02,119,36,4326,450,450,L,0;255,paired,4dfea853f104fc155b7721ab3fcfbcb93a11790511b4825aeaae0621553229bf,0f0b050b9fd616082b56f2619fd0437c493823605389e1856b49e640a9f8351f
2022,NC_H08_20220412_0130_R21_FLDK.06001_06001_clipped,Himawari-8,20220412,0130,2022_new_clip/NC_H08_20220412_0130_R21_FLDK.06001_06001_clipped.tif,mask/NC_H08_20220412_0130_R21_FLDK.06001_06001_clipped_mask.png,12649353,3497,450,450,20,float32,LZW,0.02,0.02,119,36,4326,450,450,L,0;255,paired,55001e4c1851edcb6a9e20ad18446717b1fe7d31c23444929ec6e041516153d8,dfe9a55e53b1785d44d74ab64f886f4353b85b53b3cd6bc93ac43381322b0626
2022,NC_H08_20220412_0200_R21_FLDK.06001_06001_clipped,Himawari-8,20220412,0200,2022_new_clip/NC_H08_20220412_0200_R21_FLDK.06001_06001_clipped.tif,mask/NC_H08_20220412_0200_R21_FLDK.06001_06001_clipped_mask.png,12674659,3494,450,450,20,float32,LZW,0.02,0.02,119,36,4326,450,450,L,0;255,paired,d21bc42425a9809a7059b8b10ce74931643de457c74cbfb516a6006f30cd420e,d14c6462ba0150019123145955b3026610e6cdbd23563c6c5db2e67b254c0193
2022,NC_H08_20220412_0230_R21_FLDK.06001_06001_clipped,Himawari-8,20220412,0230,2022_new_clip/NC_H08_20220412_0230_R21_FLDK.06001_06001_clipped.tif,mask/NC_H08_20220412_0230_R21_FLDK.06001_06001_clipped_mask.png,12712025,3561,450,450,20,float32,LZW,0.02,0.02,119,36,4326,450,450,L,0;255,paired,5b9202206b3f85ca6f0736f5ea79fae02fbb6c1fc91cb0fa59d36ca829ae40fb,f76c1cdeb5e61e470da9f411487d54adfbaa6a1bb0d8aa6e3eb467dde5e9b4a4
2022,NC_H08_20220412_0300_R21_FLDK.06001_06001_clipped,Himawari-8,20220412,0300,2022_new_clip/NC_H08_20220412_0300_R21_FLDK.06001_06001_clipped.tif,mask/NC_H08_20220412_0300_R21_FLDK.06001_06001_clipped_mask.png,12693382,3487,450,450,20,float32,LZW,0.02,0.02,119,36,4326,450,450,L,0;255,paired,ef0e2de0cc5e5964d98008d3c26186d52ca778b8e04af3ba075665a41ac52d54,645fb9f5db990244fcfd7c2a06b1d59243f51b3de60d05f9caa3227a4136c402
2022,NC_H08_20220412_0330_R21_FLDK.06001_06001_clipped,Himawari-8,20220412,0330,2022_new_clip/NC_H08_20220412_0330_R21_FLDK.06001_06001_clipped.tif,mask/NC_H08_20220412_0330_R21_FLDK.06001_06001_clipped_mask.png,12549590,3067,450,450,20,float32,LZW,0.02,0.02,119,36,4326,450,450,L,0;255,paired,de9d0802ea2c8fc78950c62dcc8f64c59ab73d5786c68cf042a1d8ed61bbc9ca,10c68530e7f9dac63833cfab2168895b1e863fd2bd64eb443b030ec0e67965d9
2022,NC_H08_20220412_0400_R21_FLDK.06001_06001_clipped,Himawari-8,20220412,0400,2022_new_clip/NC_H08_20220412_0400_R21_FLDK.06001_06001_clipped.tif,mask/NC_H08_20220412_0400_R21_FLDK.06001_06001_clipped_mask.png,12591971,3335,450,450,20,float32,LZW,0.02,0.02,119,36,4326,450,450,L,0;255,paired,9186ba9c01d6f668e59902ab0ccc7a77e3059296b63003da9645c971d2631f99,67374dc00fe9a29b4fe626b6cf8360df1e47ac8f57d341a95c6d0e7d0bc26f0c
2022,NC_H08_20220412_0430_R21_FLDK.06001_06001_clipped,Himawari-8,20220412,0430,2022_new_clip/NC_H08_20220412_0430_R21_FLDK.06001_06001_clipped.tif,mask/NC_H08_20220412_0430_R21_FLDK.06001_06001_clipped_mask.png,12832264,3591,450,450,20,float32,LZW,0.02,0.02,119,36,4326,450,450,L,0;255,paired,307e26d6635cbc9d7705b99e76c676b66e841fe1076de85a7fe3473705301ba8,6cf5324f483fe85807647aa1f94bdf61771ff1cf96a8949b074b5f5ca38fea79
2022,NC_H08_20220412_0500_R21_FLDK.06001_06001_clipped,Himawari-8,20220412,0500,2022_new_clip/NC_H08_20220412_0500_R21_FLDK.06001_06001_clipped.tif,mask/NC_H08_20220412_0500_R21_FLDK.06001_06001_clipped_mask.png,12847534,3419,450,450,20,float32,LZW,0.02,0.02,119,36,4326,450,450,L,0;255,paired,a39b89fcd0d42d2fa5435d6db5115f28ca1485fa7c415a1311ed4039e60568d5,d704d870dce2aa369197e74ac84749f9d688843fdcc6f8d357a4e51e16f6dc43
2022,NC_H08_20220412_0530_R21_FLDK.06001_06001_clipped,Himawari-8,20220412,0530,2022_new_clip/NC_H08_20220412_0530_R21_FLDK.06001_06001_clipped.tif,mask/NC_H08_20220412_0530_R21_FLDK.06001_06001_clipped_mask.png,12841046,3238,450,450,20,float32,LZW,0.02,0.02,119,36,4326,450,450,L,0;255,paired,068fc123db36cda97b6b37cfabc0adbc6d665601120ea84a11f3844610214a20,d03866ba1010ba07cbfbcdd4b03c7b18fa0d4e61c022a977bd64d5ebac89821e
2022,NC_H08_20220412_0600_R21_FLDK.06001_06001_clipped,Himawari-8,20220412,0600,2022_new_clip/NC_H08_20220412_0600_R21_FLDK.06001_06001_clipped.tif,mask/NC_H08_20220412_0600_R21_FLDK.06001_06001_clipped_mask.png,12827299,2926,450,450,20,float32,LZW,0.02,0.02,119,36,4326,450,450,L,0;255,paired,f959e6e2402ab302f57254e236541f3dd9634a4d4a0368256d52bd2f24b4e74a,c5a50c57c7048edfff0ec17fbfa069c525d6396ecb2622563963e2d5491bc46c
2022,NC_H08_20220412_0630_R21_FLDK.06001_06001_clipped,Himawari-8,20220412,0630,2022_new_clip/NC_H08_20220412_0630_R21_FLDK.06001_06001_clipped.tif,mask/NC_H08_20220412_0630_R21_FLDK.06001_06001_clipped_mask.png,12810048,3281,450,450,20,float32,LZW,0.02,0.02,119,36,4326,450,450,L,0;255,paired,b1de21885b8ba9b2d83b8172b9b896aaf51acaf27f0ce5f1f936b2149ef017a8,07b68e3175305b3a76b4e5d10b45b6161b6eca2fddbd9e307d757ebbd0e7fa2b
2022,NC_H08_20220412_0700_R21_FLDK.06001_06001_clipped,Himawari-8,20220412,0700,2022_new_clip/NC_H08_20220412_0700_R21_FLDK.06001_06001_clipped.tif,mask/NC_H08_20220412_0700_R21_FLDK.06001_06001_clipped_mask.png,12775448,3473,450,450,20,float32,LZW,0.02,0.02,119,36,4326,450,450,L,0;255,paired,998b55a9cf1e618c0100955540d47073c7e2d819aa5ec37b69935fae1ce4c53f,881b6cc046993dd0ded44556b4ef53dbdfa2f061bcff66b12905e16d0a2332bd
2022,NC_H08_20220412_0730_R21_FLDK.06001_06001_clipped,Himawari-8,20220412,0730,2022_new_clip/NC_H08_20220412_0730_R21_FLDK.06001_06001_clipped.tif,mask/NC_H08_20220412_0730_R21_FLDK.06001_06001_clipped_mask.png,12749221,4414,450,450,20,float32,LZW,0.02,0.02,119,36,4326,450,450,L,0;255,paired,7cae3fe309428d3673f26aad3720aeb842411e74aa21c4a190f37ce797f2e6fa,6ed6609f9494518a501bbcaee5803fec4246b66cd8f8e3f0cc85981216826bd4
2022,NC_H08_20220412_0800_R21_FLDK.06001_06001_clipped,Himawari-8,20220412,0800,2022_new_clip/NC_H08_20220412_0800_R21_FLDK.06001_06001_clipped.tif,mask/NC_H08_20220412_0800_R21_FLDK.06001_06001_clipped_mask.png,12701161,3750,450,450,20,float32,LZW,0.02,0.02,119,36,4326,450,450,L,0;255,paired,96cf1defae8b8ed2f6328d6db6b84e1f489119d21c13afef4eb403deccc2d5b9,11486a4c0d743af20e61f2e7c99848be8505a957625e494758898ed1b685a872
2022,NC_H08_20220412_0830_R21_FLDK.06001_06001_clipped,Himawari-8,20220412,0830,2022_new_clip/NC_H08_20220412_0830_R21_FLDK.06001_06001_clipped.tif,mask/NC_H08_20220412_0830_R21_FLDK.06001_06001_clipped_mask.png,12621067,3694,450,450,20,float32,LZW,0.02,0.02,119,36,4326,450,450,L,0;255,paired,0e3d93ba3b43d29d6b90edfef0d72860368b4eeeb9f3b2b575c12406ab1179cb,67757fb06714c811488555be3ac71974c3dad251a5a17b4ad25271b505546483
2022,NC_H08_20220412_0900_R21_FLDK.06001_06001_clipped,Himawari-8,20220412,0900,2022_new_clip/NC_H08_20220412_0900_R21_FLDK.06001_06001_clipped.tif,mask/NC_H08_20220412_0900_R21_FLDK.06001_06001_clipped_mask.png,12464092,3302,450,450,20,float32,LZW,0.02,0.02,119,36,4326,450,450,L,0;255,paired,640bd88f1b9ed8517256864f44d6b3a43617eab634d2cb3abd15ea0cce79c460,b011039412a54d7f7a40687082df1e8030e385b0522e5cd84ed0538f290ca2ed
2022,NC_H08_20220422_0000_R21_FLDK.06001_06001_clipped,Himawari-8,20220422,0000,2022_new_clip/NC_H08_20220422_0000_R21_FLDK.06001_06001_clipped.tif,mask/NC_H08_20220422_0000_R21_FLDK.06001_06001_clipped_mask.png,12409150,1964,450,450,20,float32,LZW,0.02,0.02,119,36,4326,450,450,L,0;255,paired,2b0248e6385cc5a52babef0f038040edb171da42badcff05337474a76220caeb,f232ddf2078733061f6da5a994cca4d132139de56c52a359b88547d18668eaf8
2022,NC_H08_20220422_0030_R21_FLDK.06001_06001_clipped,Himawari-8,20220422,0030,2022_new_clip/NC_H08_20220422_0030_R21_FLDK.06001_06001_clipped.tif,mask/NC_H08_20220422_0030_R21_FLDK.06001_06001_clipped_mask.png,12500755,2055,450,450,20,float32,LZW,0.02,0.02,119,36,4326,450,450,L,0;255,paired,1404388872a67cb90ba3397c8834876234cf172cbe2204f78be2396e9193c2f7,321cd4ac545a74b210abb46df92e9e5de87042ec4563a9c6be4549313948e98c
2022,NC_H08_20220422_0100_R21_FLDK.06001_06001_clipped,Himawari-8,20220422,0100,2022_new_clip/NC_H08_20220422_0100_R21_FLDK.06001_06001_clipped.tif,mask/NC_H08_20220422_0100_R21_FLDK.06001_06001_clipped_mask.png,12603752,1967,450,450,20,float32,LZW,0.02,0.02,119,36,4326,450,450,L,0;255,paired,58438ae3ff2726b013fe5bb885c5b7ab076a0ceff2f9c1f4e5238b2a3ffa8393,52ccf7634c6a84e461756ac16168e31dfcb1b95228668476dfad95fa671c959b
2022,NC_H08_20220422_0130_R21_FLDK.06001_06001_clipped,Himawari-8,20220422,0130,2022_new_clip/NC_H08_20220422_0130_R21_FLDK.06001_06001_clipped.tif,mask/NC_H08_20220422_0130_R21_FLDK.06001_06001_clipped_mask.png,12720545,1969,450,450,20,float32,LZW,0.02,0.02,119,36,4326,450,450,L,0;255,paired,54739b03aeeca75e398c5afef6bf1ea0445b0f6a3de41a99630d6560339c5522,74f0c2223a246e02f06d0051fd1cceca8a624d31ef636dd8109466b067f69112
2022,NC_H08_20220422_0200_R21_FLDK.06001_06001_clipped,Himawari-8,20220422,0200,2022_new_clip/NC_H08_20220422_0200_R21_FLDK.06001_06001_clipped.tif,mask/NC_H08_20220422_0200_R21_FLDK.06001_06001_clipped_mask.png,12851937,2187,450,450,20,float32,LZW,0.02,0.02,119,36,4326,450,450,L,0;255,paired,85406ab40ef97b03cad262a3056744f126317b4ea0cfb36f08a8a1f7c2a41a50,a0d2d6d85e74fbd92aae7143ab9955fed44d9b4c1163baf1fec9ae079403fb25
2022,NC_H08_20220422_0230_R21_FLDK.06001_06001_clipped,Himawari-8,20220422,0230,2022_new_clip/NC_H08_20220422_0230_R21_FLDK.06001_06001_clipped.tif,mask/NC_H08_20220422_0230_R21_FLDK.06001_06001_clipped_mask.png,12889174,2119,450,450,20,float32,LZW,0.02,0.02,119,36,4326,450,450,L,0;255,paired,4a4876d7abeb53814ec05ad19d7e64d1c81b05e9e62a135acb19c46f3ebcd003,eaf855868bee166d24e1cea88af9958682c590b4bae568d1c61f2178cdb08b2a
2022,NC_H08_20220422_0300_R21_FLDK.06001_06001_clipped,Himawari-8,20220422,0300,2022_new_clip/NC_H08_20220422_0300_R21_FLDK.06001_06001_clipped.tif,mask/NC_H08_20220422_0300_R21_FLDK.06001_06001_clipped_mask.png,12879403,1941,450,450,20,float32,LZW,0.02,0.02,119,36,4326,450,450,L,0;255,paired,1f2405fb8f79ecda5acad6a8e50fc0b039d6ce9c1a5a2c353427ab70d5007f6d,6cf9b7c4060239d7611646fa8058c634e301990ccdfe2eee6b1447ff8c7212b1
2022,NC_H08_20220422_0330_R21_FLDK.06001_06001_clipped,Himawari-8,20220422,0330,2022_new_clip/NC_H08_20220422_0330_R21_FLDK.06001_06001_clipped.tif,mask/NC_H08_20220422_0330_R21_FLDK.06001_06001_clipped_mask.png,12806428,1688,450,450,20,float32,LZW,0.02,0.02,119,36,4326,450,450,L,0;255,paired,572617cb9e48d9358eb575ef2cf7d62e72c2d985bbeab8c4bdf803cb2c253f1a,69919c24e6749e80c9d97645bf9548ace6b819397cb308a1add4c13d69965c9c
2022,NC_H08_20220422_0400_R21_FLDK.06001_06001_clipped,Himawari-8,20220422,0400,2022_new_clip/NC_H08_20220422_0400_R21_FLDK.06001_06001_clipped.tif,mask/NC_H08_20220422_0400_R21_FLDK.06001_06001_clipped_mask.png,12903845,1739,450,450,20,float32,LZW,0.02,0.02,119,36,4326,450,450,L,0;255,paired,b6e4f6d49f98d51092ad0fb785ed0aeb30f17c4a6341022407798167cdeddba3,ffa81409557f68def9e66a33422a8fa142f6c7b4035267ebcbd17973d7d78684
2022,NC_H08_20220422_0430_R21_FLDK.06001_06001_clipped,Himawari-8,20220422,0430,2022_new_clip/NC_H08_20220422_0430_R21_FLDK.06001_06001_clipped.tif,mask/NC_H08_20220422_0430_R21_FLDK.06001_06001_clipped_mask.png,13059498,1613,450,450,20,float32,LZW,0.02,0.02,119,36,4326,450,450,L,0;255,paired,fbac9bb4323fe85073632ad9d3cb78c3959450c7b12c691daa04db9be1d242f4,7df9931b0fe77d247a908383e161a028e22e75e2ec3850b300fd23e0d74a67d9
2022,NC_H08_20220422_0500_R21_FLDK.06001_06001_clipped,Himawari-8,20220422,0500,2022_new_clip/NC_H08_20220422_0500_R21_FLDK.06001_06001_clipped.tif,mask/NC_H08_20220422_0500_R21_FLDK.06001_06001_clipped_mask.png,13121056,1342,450,450,20,float32,LZW,0.02,0.02,119,36,4326,450,450,L,0;255,paired,76dc32566637d5e4ec6f2a4bb5bf0a36955243b6d997629290d18097f5ecb3db,9e00bfdbd7d7bde792c377ac45db7ca220eb75248a73ea2e0180334ef9e83340
2022,NC_H08_20220422_0530_R21_FLDK.06001_06001_clipped,Himawari-8,20220422,0530,2022_new_clip/NC_H08_20220422_0530_R21_FLDK.06001_06001_clipped.tif,mask/NC_H08_20220422_0530_R21_FLDK.06001_06001_clipped_mask.png,13168688,1526,450,450,20,float32,LZW,0.02,0.02,119,36,4326,450,450,L,0;255,paired,2db524845826281c4725b0f47b34fee895bf3fcb048150f06fd5942dd707ed6e,36fabedf875c18977a2ac896987ff741a667b32f205dc2ec9a75bb29183bcdae
2022,NC_H08_20220422_0600_R21_FLDK.06001_06001_clipped,Himawari-8,20220422,0600,2022_new_clip/NC_H08_20220422_0600_R21_FLDK.06001_06001_clipped.tif,mask/NC_H08_20220422_0600_R21_FLDK.06001_06001_clipped_mask.png,13206275,1408,450,450,20,float32,LZW,0.02,0.02,119,36,4326,450,450,L,0;255,paired,cb5bb6dbbea15acc00a51128dad64204d9746bbfdea6fb1f9f5c8af3120fff3e,55d5e1e688151bb5d2380694826018beefcda4bc7ed65e02cfd7d856005103cc
2022,NC_H08_20220422_0630_R21_FLDK.06001_06001_clipped,Himawari-8,20220422,0630,2022_new_clip/NC_H08_20220422_0630_R21_FLDK.06001_06001_clipped.tif,mask/NC_H08_20220422_0630_R21_FLDK.06001_06001_clipped_mask.png,13244077,1557,450,450,20,float32,LZW,0.02,0.02,119,36,4326,450,450,L,0;255,paired,5d994932ae5f622cd8de0b600a6964809205f7d6a19ce41c16590f64304cf7a8,446f491ef42248c746d46d2e78e9883734cb56355ce2f78b6826462cbcd7f404
2022,NC_H08_20220422_0700_R21_FLDK.06001_06001_clipped,Himawari-8,20220422,0700,2022_new_clip/NC_H08_20220422_0700_R21_FLDK.06001_06001_clipped.tif,mask/NC_H08_20220422_0700_R21_FLDK.06001_06001_clipped_mask.png,13247595,1353,450,450,20,float32,LZW,0.02,0.02,119,36,4326,450,450,L,0;255,paired,3ba1d1abb2b14f626d98a92ee36d9a96ead936a4eaa0d1f7d8ce91ea4feca056,021d858dc1d61221ff58fde0f9cb1077fa91e9a29cd545285aab43531259fd3c
2022,NC_H08_20220422_0730_R21_FLDK.06001_06001_clipped,Himawari-8,20220422,0730,2022_new_clip/NC_H08_20220422_0730_R21_FLDK.06001_06001_clipped.tif,mask/NC_H08_20220422_0730_R21_FLDK.06001_06001_clipped_mask.png,13240217,1541,450,450,20,float32,LZW,0.02,0.02,119,36,4326,450,450,L,0;255,paired,693205346d64ab9d6f220430470754d50309e6f3157e6eb8db041cd63b24d1a7,4c7dc57a1b2a9026e0cad3b58efc75e2c806d42ee2c808578f4693d6ce83d815
2022,NC_H08_20220422_0800_R21_FLDK.06001_06001_clipped,Himawari-8,20220422,0800,2022_new_clip/NC_H08_20220422_0800_R21_FLDK.06001_06001_clipped.tif,mask/NC_H08_20220422_0800_R21_FLDK.06001_06001_clipped_mask.png,13189044,913,450,450,20,float32,LZW,0.02,0.02,119,36,4326,450,450,L,0;255,paired,5ad21f21e9e5a3a9a05810ae9112a26880cd9616168d63c1f26c03c3d2b65846,381cf6c3eb3c2d02becdef84b2712dcf88dbb7afd27e4e9d18c385b1dd5aced3
2022,NC_H08_20220422_0830_R21_FLDK.06001_06001_clipped,Himawari-8,20220422,0830,2022_new_clip/NC_H08_20220422_0830_R21_FLDK.06001_06001_clipped.tif,mask/NC_H08_20220422_0830_R21_FLDK.06001_06001_clipped_mask.png,13141028,879,450,450,20,float32,LZW,0.02,0.02,119,36,4326,450,450,L,0;255,paired,dce7bf5f4849bbdbbce6b8d0889d8dff084138f92ba3f2f4af7db510aace6869,30f84f2e524297c116b0bb43560d7ad0a6b44fb8656b353de82de765eb079d25
2022,NC_H08_20220425_0000_R21_FLDK.06001_06001_clipped,Himawari-8,20220425,0000,2022_new_clip/NC_H08_20220425_0000_R21_FLDK.06001_06001_clipped.tif,mask/NC_H08_20220425_0000_R21_FLDK.06001_06001_clipped_mask.png,12906370,1336,450,450,20,float32,LZW,0.02,0.02,119,36,4326,450,450,L,0;255,paired,1751181bb953581f64fba47e65209d0083f1d7a7c03c4272af351e5a01fb0c7d,1192683eefaea330c16a6c031f2d09c90ef889b35b4daf8192b53888091f706a
2022,NC_H08_20220425_0030_R21_FLDK.06001_06001_clipped,Himawari-8,20220425,0030,2022_new_clip/NC_H08_20220425_0030_R21_FLDK.06001_06001_clipped.tif,mask/NC_H08_20220425_0030_R21_FLDK.06001_06001_clipped_mask.png,12932685,1588,450,450,20,float32,LZW,0.02,0.02,119,36,4326,450,450,L,0;255,paired,72f3fa7830fe10e4301add564cdfdfb973d7f446fde9b424dd04c9cca6e08476,7b17a83c86cb2205ff7a1af9b51cd501c3741a4a9d27cb9b8b9e8f9f6b05666e
2022,NC_H08_20220425_0100_R21_FLDK.06001_06001_clipped,Himawari-8,20220425,0100,2022_new_clip/NC_H08_20220425_0100_R21_FLDK.06001_06001_clipped.tif,mask/NC_H08_20220425_0100_R21_FLDK.06001_06001_clipped_mask.png,12955812,1448,450,450,20,float32,LZW,0.02,0.02,119,36,4326,450,450,L,0;255,paired,82c3a874aed4aa406f68630293ec57ede250eedbb011ef1486429e66657a1b45,f09b540641e95989c3e38ed820b2af5336ebc6cb5316a3c0d9fee06a55dce93b
2022,NC_H08_20220425_0130_R21_FLDK.06001_06001_clipped,Himawari-8,20220425,0130,2022_new_clip/NC_H08_20220425_0130_R21_FLDK.06001_06001_clipped.tif,mask/NC_H08_20220425_0130_R21_FLDK.06001_06001_clipped_mask.png,13027476,1343,450,450,20,float32,LZW,0.02,0.02,119,36,4326,450,450,L,0;255,paired,57cff7dd6450d078eaf07e3a19af8d3bebc2e3be266e4ac5580ddf6b4e3d6be7,8c3c5755e337bf48f32744eb6ce1ae57d89744fbd6bf8791d52e8fe03911930c
2022,NC_H08_20220425_0200_R21_FLDK.06001_06001_clipped,Himawari-8,20220425,0200,2022_new_clip/NC_H08_20220425_0200_R21_FLDK.06001_06001_clipped.tif,mask/NC_H08_20220425_0200_R21_FLDK.06001_06001_clipped_mask.png,13055535,1174,450,450,20,float32,LZW,0.02,0.02,119,36,4326,450,450,L,0;255,paired,e40726cffb7b8161db7dfd2230ab6ef96c522487ba5c9fdef8e1f1dbd9ac4ad6,d60f5b031f69d33e83648d0fc4001a60e693bff5555c39fbb06dfa8b5dfb3a79
2022,NC_H08_20220425_0230_R21_FLDK.06001_06001_clipped,Himawari-8,20220425,0230,2022_new_clip/NC_H08_20220425_0230_R21_FLDK.06001_06001_clipped.tif,mask/NC_H08_20220425_0230_R21_FLDK.06001_06001_clipped_mask.png,13032287,1409,450,450,20,float32,LZW,0.02,0.02,119,36,4326,450,450,L,0;255,paired,7d010d7669d04130f7d9e5ffce76ccc271062cc1d80a117fb01b950247972b88,c56033779b2d1944079ba780e627f3a56fc466c457851f49590a0ce72dc5162b
2022,NC_H08_20220425_0300_R21_FLDK.06001_06001_clipped,Himawari-8,20220425,0300,2022_new_clip/NC_H08_20220425_0300_R21_FLDK.06001_06001_clipped.tif,mask/NC_H08_20220425_0300_R21_FLDK.06001_06001_clipped_mask.png,12955255,1382,450,450,20,float32,LZW,0.02,0.02,119,36,4326,450,450,L,0;255,paired,8ee85ebe8c0d03e7bb599d69fc6305f971f97f6ff87b05f8d754b02112645bbd,1df83239581de9cdebfcd1c143e786408c87c397143fc43f1a9b08f6733cde88
2022,NC_H08_20220425_0330_R21_FLDK.06001_06001_clipped,Himawari-8,20220425,0330,2022_new_clip/NC_H08_20220425_0330_R21_FLDK.06001_06001_clipped.tif,mask/NC_H08_20220425_0330_R21_FLDK.06001_06001_clipped_mask.png,12780102,1536,450,450,20,float32,LZW,0.02,0.02,119,36,4326,450,450,L,0;255,paired,18d81e7c03894d395238b81ce49d1a8a4209fb3fed4d0a449f813fad79e53dc9,313ac47aaeaf1cb9e18c841ed0c8198653a6a9b5a18a75d21e9722bbe9a943e9
2022,NC_H08_20220425_0400_R21_FLDK.06001_06001_clipped,Himawari-8,20220425,0400,2022_new_clip/NC_H08_20220425_0400_R21_FLDK.06001_06001_clipped.tif,mask/NC_H08_20220425_0400_R21_FLDK.06001_06001_clipped_mask.png,12846790,2051,450,450,20,float32,LZW,0.02,0.02,119,36,4326,450,450,L,0;255,paired,c9fee4ea4420792887fd19bd8df27a63e8cddb49615e35669572f37f123f4d66,f2b28ada8251d0d47810b8b6ce07434fd8e24b93aa90a847898e9c9bd7377005
2022,NC_H08_20220425_0430_R21_FLDK.06001_06001_clipped,Himawari-8,20220425,0430,2022_new_clip/NC_H08_20220425_0430_R21_FLDK.06001_06001_clipped.tif,mask/NC_H08_20220425_0430_R21_FLDK.06001_06001_clipped_mask.png,12962256,1977,450,450,20,float32,LZW,0.02,0.02,119,36,4326,450,450,L,0;255,paired,815fb96b3c8b94eb3e7497dc644b01136983b8bde8e9a1587e89c8452b2d7e36,d7638feaff119ed447948dd8bbed3e6f6a8cbd0b74b07efd60fdb6f13565188e
2022,NC_H08_20220425_0500_R21_FLDK.06001_06001_clipped,Himawari-8,20220425,0500,2022_new_clip/NC_H08_20220425_0500_R21_FLDK.06001_06001_clipped.tif,mask/NC_H08_20220425_0500_R21_FLDK.06001_06001_clipped_mask.png,12953419,2159,450,450,20,float32,LZW,0.02,0.02,119,36,4326,450,450,L,0;255,paired,86aadbdc16855c71665a1481bcb69c83818adfcd5dc44edc664cda35f8a0cc65,8bd8ad5ea601823e23c7216955a735654a283948203d977e794261cd884bd3e3
2022,NC_H08_20220507_0000_R21_FLDK.06001_06001_clipped,Himawari-8,20220507,0000,2022_new_clip/NC_H08_20220507_0000_R21_FLDK.06001_06001_clipped.tif,mask/NC_H08_20220507_0000_R21_FLDK.06001_06001_clipped_mask.png,12699092,1632,450,450,20,float32,LZW,0.02,0.02,119,36,4326,450,450,L,0;255,paired,248371cf59cbedf77fc75c78a6ff6abbd968d97f4b2ef8dba9314f449a0c1a28,466d53396474581813428243f51bfd09fd1840856d1c96ebaf8f476adf7cf0df
2022,NC_H08_20220507_0030_R21_FLDK.06001_06001_clipped,Himawari-8,20220507,0030,2022_new_clip/NC_H08_20220507_0030_R21_FLDK.06001_06001_clipped.tif,mask/NC_H08_20220507_0030_R21_FLDK.06001_06001_clipped_mask.png,12760086,1523,450,450,20,float32,LZW,0.02,0.02,119,36,4326,450,450,L,0;255,paired,0378322849fe9a90093925d60314a602f52e73635d9ff884b8939cc090dc7ec4,a7429a7c2e2ac7db6c5b88bbddcd92d6cf3ddbfaa7cf1afac59181d78ccae0d3
2022,NC_H08_20220507_0100_R21_FLDK.06001_06001_clipped,Himawari-8,20220507,0100,2022_new_clip/NC_H08_20220507_0100_R21_FLDK.06001_06001_clipped.tif,mask/NC_H08_20220507_0100_R21_FLDK.06001_06001_clipped_mask.png,12803247,1278,450,450,20,float32,LZW,0.02,0.02,119,36,4326,450,450,L,0;255,paired,68ec0374ff35d2d3a7a3c11a87b2bd1822e74f491b3609cf592ae6611546456e,c15b9d062d702c20b453d4cbab4fa2260d670ba1e115cfcf0a2e1134efc27047
2022,NC_H08_20220507_0130_R21_FLDK.06001_06001_clipped,Himawari-8,20220507,0130,2022_new_clip/NC_H08_20220507_0130_R21_FLDK.06001_06001_clipped.tif,mask/NC_H08_20220507_0130_R21_FLDK.06001_06001_clipped_mask.png,12836370,1189,450,450,20,float32,LZW,0.02,0.02,119,36,4326,450,450,L,0;255,paired,ba2e226711b20f9ff6d11df95d91ac216d04e3b9cc96c672d0c8b1e49c1466ee,80a51fb388b1b284afd129e37ccfc33ae944a255f62d56235436f86323045415
2022,NC_H08_20220507_0200_R21_FLDK.06001_06001_clipped,Himawari-8,20220507,0200,2022_new_clip/NC_H08_20220507_0200_R21_FLDK.06001_06001_clipped.tif,mask/NC_H08_20220507_0200_R21_FLDK.06001_06001_clipped_mask.png,12865980,1364,450,450,20,float32,LZW,0.02,0.02,119,36,4326,450,450,L,0;255,paired,6828ac26fcd8bb99c472c86dcef88bd5bd2e4cf04bbf18e52532da1ce5358637,151bf1aa2f88b93fcfc218ae653a4ac54d16796efc27482e41da120b05aa96b6
2022,NC_H08_20220507_0230_R21_FLDK.06001_06001_clipped,Himawari-8,20220507,0230,2022_new_clip/NC_H08_20220507_0230_R21_FLDK.06001_06001_clipped.tif,mask/NC_H08_20220507_0230_R21_FLDK.06001_06001_clipped_mask.png,12859798,1418,450,450,20,float32,LZW,0.02,0.02,119,36,4326,450,450,L,0;255,paired,8ec5a56df4b5001394577581baa13bb6a1d5f8ecf955f9161d6a592e3e0cb219,c84a41781d9d083e6a654047d9e2f66e5a5b769f24b34c9b53a5270aa3f4923c
2022,NC_H08_20220507_0300_R21_FLDK.06001_06001_clipped,Himawari-8,20220507,0300,2022_new_clip/NC_H08_20220507_0300_R21_FLDK.06001_06001_clipped.tif,mask/NC_H08_20220507_0300_R21_FLDK.06001_06001_clipped_mask.png,12821034,1247,450,450,20,float32,LZW,0.02,0.02,119,36,4326,450,450,L,0;255,paired,449dca0706a2421ce71e692ed56f20e9c6019ff415800d5b3f00638a93c11141,9b9a801121185a499ccb09f23b0d8e4cde04fcd1e939062e0f23301c60e300a8
2022,NC_H08_20220507_0330_R21_FLDK.06001_06001_clipped,Himawari-8,20220507,0330,2022_new_clip/NC_H08_20220507_0330_R21_FLDK.06001_06001_clipped.tif,mask/NC_H08_20220507_0330_R21_FLDK.06001_06001_clipped_mask.png,12652843,1089,450,450,20,float32,LZW,0.02,0.02,119,36,4326,450,450,L,0;255,paired,0ac9a3f40aaa190f3d35c5010605e6ff697de956534c7ea1d16cfb8ba5ea18b2,124241dc180168a92625193ba10e6b00f88d715b1cefbf3fcc3974f0a00fa932
2022,NC_H08_20220602_0000_R21_FLDK.06001_06001_clipped,Himawari-8,20220602,0000,2022_new_clip/NC_H08_20220602_0000_R21_FLDK.06001_06001_clipped.tif,mask/NC_H08_20220602_0000_R21_FLDK.06001_06001_clipped_mask.png,12693485,2553,450,450,20,float32,LZW,0.02,0.02,119,36,4326,450,450,L,0;255,paired,47d4a2740ebf26e322ced959ea972376d6450b9c5b8f164bba25c8b059da19b6,9c9d967778bd33adf90b45222749f3ef43da594a1e5d91cea3d057e90be24d31
2022,NC_H08_20220602_0030_R21_FLDK.06001_06001_clipped,Himawari-8,20220602,0030,2022_new_clip/NC_H08_20220602_0030_R21_FLDK.06001_06001_clipped.tif,mask/NC_H08_20220602_0030_R21_FLDK.06001_06001_clipped_mask.png,12718354,2253,450,450,20,float32,LZW,0.02,0.02,119,36,4326,450,450,L,0;255,paired,6aa1e0ea74838689234396e67e8cf7db0e6932c4aad7c16cf1c05fd4b681506a,fce135527740b1b9774462dcb1874f5318100aa696780766d0e1df4b302453df
2022,NC_H08_20220602_0100_R21_FLDK.06001_06001_clipped,Himawari-8,20220602,0100,2022_new_clip/NC_H08_20220602_0100_R21_FLDK.06001_06001_clipped.tif,mask/NC_H08_20220602_0100_R21_FLDK.06001_06001_clipped_mask.png,12746812,2302,450,450,20,float32,LZW,0.02,0.02,119,36,4326,450,450,L,0;255,paired,1d79defd279e4ea3915f52fe639c6bc9b6991166003de5894331d3a11b7afe5d,b2f9ba17c562a0c34ed1a466ae793d646fe69b428aaa048640d6869e7ddad215
2022,NC_H08_20220602_0130_R21_FLDK.06001_06001_clipped,Himawari-8,20220602,0130,2022_new_clip/NC_H08_20220602_0130_R21_FLDK.06001_06001_clipped.tif,mask/NC_H08_20220602_0130_R21_FLDK.06001_06001_clipped_mask.png,12792570,2194,450,450,20,float32,LZW,0.02,0.02,119,36,4326,450,450,L,0;255,paired,924ae026706e1ba4f51ef8b2256bb18bc3a4222c4caac058a2f12ea6d51a511e,b0b8af844faa8ea9325487acf825225fe1215d238bd1288b6beb850594d05f2b
2022,NC_H08_20220602_0200_R21_FLDK.06001_06001_clipped,Himawari-8,20220602,0200,2022_new_clip/NC_H08_20220602_0200_R21_FLDK.06001_06001_clipped.tif,mask/NC_H08_20220602_0200_R21_FLDK.06001_06001_clipped_mask.png,12816913,2460,450,450,20,float32,LZW,0.02,0.02,119,36,4326,450,450,L,0;255,paired,fb431acf7ba166a5ab21563b57fa6084b3a23e89cfde8740145abc331676fc7a,249b617ea187383bf27946c1896f4986add12b4df4262b36431bdc98b5bb73ac
2022,NC_H08_20220602_0230_R21_FLDK.06001_06001_clipped,Himawari-8,20220602,0230,2022_new_clip/NC_H08_20220602_0230_R21_FLDK.06001_06001_clipped.tif,mask/NC_H08_20220602_0230_R21_FLDK.06001_06001_clipped_mask.png,12832383,2776,450,450,20,float32,LZW,0.02,0.02,119,36,4326,450,450,L,0;255,paired,b58cb7c8cb87a917123ea92ef7eee64c050ba94be63f0a5c8637924a663bc174,07a45f8bea014db7787af884a22660f526170d7676c38bb4fd2fdd01860818c9
2022,NC_H08_20220602_0300_R21_FLDK.06001_06001_clipped,Himawari-8,20220602,0300,2022_new_clip/NC_H08_20220602_0300_R21_FLDK.06001_06001_clipped.tif,mask/NC_H08_20220602_0300_R21_FLDK.06001_06001_clipped_mask.png,12848994,2535,450,450,20,float32,LZW,0.02,0.02,119,36,4326,450,450,L,0;255,paired,708cdcb9677813f1482033f2e2184c189967eae38c4396b6ec1750c5eb5b79ac,56c5cdb9b10366e8a7e1557aec2b404214e85d9e0d67fb461c03ce982fafa3ae
2022,NC_H08_20220602_0330_R21_FLDK.06001_06001_clipped,Himawari-8,20220602,0330,2022_new_clip/NC_H08_20220602_0330_R21_FLDK.06001_06001_clipped.tif,mask/NC_H08_20220602_0330_R21_FLDK.06001_06001_clipped_mask.png,12717962,2603,450,450,20,float32,LZW,0.02,0.02,119,36,4326,450,450,L,0;255,paired,4ba6d3264a18e82edfcf38cb7b95d67fdd8666facc10622fc6c20d60172319a2,a5cd23f2477de5c87cc28faf6d8e57bca291f9119065adc4d564a0cab73da5be
2022,NC_H08_20220602_0400_R21_FLDK.06001_06001_clipped,Himawari-8,20220602,0400,2022_new_clip/NC_H08_20220602_0400_R21_FLDK.06001_06001_clipped.tif,mask/NC_H08_20220602_0400_R21_FLDK.06001_06001_clipped_mask.png,12784136,2409,450,450,20,float32,LZW,0.02,0.02,119,36,4326,450,450,L,0;255,paired,a6fb8d176dfb03b7156b83c7c83e3d5370b4614894b0abbbf141cf9ed2febf63,f7a4cf434a8c9e76c89e26e9abf9fd6a446303fa2bc6bd01b2de166955a248a5
2022,NC_H08_20220602_0500_R21_FLDK.06001_06001_clipped,Himawari-8,20220602,0500,2022_new_clip/NC_H08_20220602_0500_R21_FLDK.06001_06001_clipped.tif,mask/NC_H08_20220602_0500_R21_FLDK.06001_06001_clipped_mask.png,12759932,2471,450,450,20,float32,LZW,0.02,0.02,119,36,4326,450,450,L,0;255,paired,e3298a314bfb59345149f2febd27e058d8f68e72ad623ddaeadecb243bb0d6b0,3ea4dad1300e9879430b25d1dee719d789de06a03fd5eaf5f9028c9fd9560531
2022,NC_H08_20220602_0530_R21_FLDK.06001_06001_clipped,Himawari-8,20220602,0530,2022_new_clip/NC_H08_20220602_0530_R21_FLDK.06001_06001_clipped.tif,mask/NC_H08_20220602_0530_R21_FLDK.06001_06001_clipped_mask.png,12704244,2642,450,450,20,float32,LZW,0.02,0.02,119,36,4326,450,450,L,0;255,paired,3fabe599a5e64a6a9c239a986dee086a66a21af9184233f01cc74b7a111f82b4,3ae27d0f0d03ce022b988a94ed22492831faee4aca2a753cb88b3c13ad95f4ba
2022,NC_H08_20220602_0600_R21_FLDK.06001_06001_clipped,Himawari-8,20220602,0600,2022_new_clip/NC_H08_20220602_0600_R21_FLDK.06001_06001_clipped.tif,mask/NC_H08_20220602_0600_R21_FLDK.06001_06001_clipped_mask.png,12618524,2580,450,450,20,float32,LZW,0.02,0.02,119,36,4326,450,450,L,0;255,paired,b6a3671f90a10e99c97b69a911743753842d804a057493b3b801e4118be94ec5,f58bc7e057874f2c585eec7d47d8135486f5467c3b7e80fe80cf197d37f406df
2022,NC_H08_20220602_0630_R21_FLDK.06001_06001_clipped,Himawari-8,20220602,0630,2022_new_clip/NC_H08_20220602_0630_R21_FLDK.06001_06001_clipped.tif,mask/NC_H08_20220602_0630_R21_FLDK.06001_06001_clipped_mask.png,12533350,2402,450,450,20,float32,LZW,0.02,0.02,119,36,4326,450,450,L,0;255,paired,f0d2f1ad2a205266dc979ca63fa96a586daed56c09c53ecb4ebf14bc9576cffa,39c49dee392eaecf434e72498b84332ee7a7336a6c7f31008700abe15a803103
2022,NC_H08_20220602_0700_R21_FLDK.06001_06001_clipped,Himawari-8,20220602,0700,2022_new_clip/NC_H08_20220602_0700_R21_FLDK.06001_06001_clipped.tif,mask/NC_H08_20220602_0700_R21_FLDK.06001_06001_clipped_mask.png,12501866,2258,450,450,20,float32,LZW,0.02,0.02,119,36,4326,450,450,L,0;255,paired,0bb048d184b58f24321a4eb5fd090b837e06ff48a789cc47f36f717cee7dcd2f,e750d72ea3a2ad8d9480bc372c8ef1372b0a0316fc9e814bb4b8abf20c8490a2
2022,NC_H08_20220602_0730_R21_FLDK.06001_06001_clipped,Himawari-8,20220602,0730,2022_new_clip/NC_H08_20220602_0730_R21_FLDK.06001_06001_clipped.tif,mask/NC_H08_20220602_0730_R21_FLDK.06001_06001_clipped_mask.png,12473179,2306,450,450,20,float32,LZW,0.02,0.02,119,36,4326,450,450,L,0;255,paired,df0158f3e492dabaf864c36c937e73077a7054518adb00c2ac5ee7c255db3f98,be29b2343ff6a2542a2d8a85987bb49a3f7733219e8dfad51dae2223c4ea34c9
2022,NC_H08_20220602_0800_R21_FLDK.06001_06001_clipped,Himawari-8,20220602,0800,2022_new_clip/NC_H08_20220602_0800_R21_FLDK.06001_06001_clipped.tif,mask/NC_H08_20220602_0800_R21_FLDK.06001_06001_clipped_mask.png,12461099,2483,450,450,20,float32,LZW,0.02,0.02,119,36,4326,450,450,L,0;255,paired,57e83e87c6847b75d79c3a9072bd18ae0a65ad23f150d95fe544adfd31ce5b1e,23823ac423d23b434b894c4f479e17ea1d7c18ba37b6368d71cd151d285aaee9
2022,NC_H08_20220602_0830_R21_FLDK.06001_06001_clipped,Himawari-8,20220602,0830,2022_new_clip/NC_H08_20220602_0830_R21_FLDK.06001_06001_clipped.tif,mask/NC_H08_20220602_0830_R21_FLDK.06001_06001_clipped_mask.png,12453367,2459,450,450,20,float32,LZW,0.02,0.02,119,36,4326,450,450,L,0;255,paired,8b83dcc5d0b7b5b9fa0524e14d8cc06fcb266a91855552a09e7ad79b97c8e546,19951d83cadc3bdbcb0aea632efd8ced994429c8fa35f611ec036f7099bd35c7
2022,NC_H08_20220602_0900_R21_FLDK.06001_06001_clipped,Himawari-8,20220602,0900,2022_new_clip/NC_H08_20220602_0900_R21_FLDK.06001_06001_clipped.tif,mask/NC_H08_20220602_0900_R21_FLDK.06001_06001_clipped_mask.png,12436787,2995,450,450,20,float32,LZW,0.02,0.02,119,36,4326,450,450,L,0;255,paired,6ac8933309634e3c10539d88256c3ada2999b9d42022b03da879f02775501cc1,ffaf76bc51536abf310684b875e92392ef745c5d497e0b7057345a763b6b828a
2022,NC_H08_20220602_0930_R21_FLDK.06001_06001_clipped,Himawari-8,20220602,0930,2022_new_clip/NC_H08_20220602_0930_R21_FLDK.06001_06001_clipped.tif,mask/NC_H08_20220602_0930_R21_FLDK.06001_06001_clipped_mask.png,12391374,2717,450,450,20,float32,LZW,0.02,0.02,119,36,4326,450,450,L,0;255,paired,9ea5c75dd465e635783ed401b23c26abf16ea91cc5ab7ae4fb70236b9a1fd8e5,d7ffad859548962681a73869fdd812028e3ada8866cc856d6f02734aca4e5391
2022,NC_H08_20220602_1000_R21_FLDK.06001_06001_clipped,Himawari-8,20220602,1000,2022_new_clip/NC_H08_20220602_1000_R21_FLDK.06001_06001_clipped.tif,mask/NC_H08_20220602_1000_R21_FLDK.06001_06001_clipped_mask.png,12188007,2773,450,450,20,float32,LZW,0.02,0.02,119,36,4326,450,450,L,0;255,paired,1d062c0bfb8953119298917cf976fbfabb12c283670070b598dc4ea09d8d968f,a5ba6452a8cbd178a90394b40c4f34d9e375660fa0636ad7beaea95127b6c27f
2022,NC_H08_20220603_0000_R21_FLDK.06001_06001_clipped,Himawari-8,20220603,0000,2022_new_clip/NC_H08_20220603_0000_R21_FLDK.06001_06001_clipped.tif,mask/NC_H08_20220603_0000_R21_FLDK.06001_06001_clipped_mask.png,12811640,1993,450,450,20,float32,LZW,0.02,0.02,119,36,4326,450,450,L,0;255,paired,dc10f5ea9301e55bd15dfa708d59c79e07c24cf5eb4d37217e69bad43f8cecca,65a423d9afffb55acbb332ec7316de056afe7625527edb193e119c7b8cd71c3f
2022,NC_H08_20220603_0030_R21_FLDK.06001_06001_clipped,Himawari-8,20220603,0030,2022_new_clip/NC_H08_20220603_0030_R21_FLDK.06001_06001_clipped.tif,mask/NC_H08_20220603_0030_R21_FLDK.06001_06001_clipped_mask.png,12873318,1729,450,450,20,float32,LZW,0.02,0.02,119,36,4326,450,450,L,0;255,paired,59c3aa37a28ecc6f89027bd2d7dfdc75d51bbd6d40f4192e5e62bac7ddd237f5,42bd6545f53b8e6b658e246dbb69e9e227c8568185619849e1b3469183dd8134
2022,NC_H08_20220603_0100_R21_FLDK.06001_06001_clipped,Himawari-8,20220603,0100,2022_new_clip/NC_H08_20220603_0100_R21_FLDK.06001_06001_clipped.tif,mask/NC_H08_20220603_0100_R21_FLDK.06001_06001_clipped_mask.png,12905540,1751,450,450,20,float32,LZW,0.02,0.02,119,36,4326,450,450,L,0;255,paired,c38c72f3adf060d7c6453599f59022affeeb615ee37c4758ee403e29f746cf78,55a3921fcffbacff7cc278f5735d2355f01b8935388f6037f9eb503039953d5d
2022,NC_H08_20220603_0130_R21_FLDK.06001_06001_clipped,Himawari-8,20220603,0130,2022_new_clip/NC_H08_20220603_0130_R21_FLDK.06001_06001_clipped.tif,mask/NC_H08_20220603_0130_R21_FLDK.06001_06001_clipped_mask.png,12959248,2333,450,450,20,float32,LZW,0.02,0.02,119,36,4326,450,450,L,0;255,paired,15ed5e4647605b6c163bcf5b420c4b761d210535a2aed874857bc29fe0515b20,77a84e244c191f39637170ba3f046c34c937065e479aae4d19a2bf39453fd421
2022,NC_H08_20220603_0200_R21_FLDK.06001_06001_clipped,Himawari-8,20220603,0200,2022_new_clip/NC_H08_20220603_0200_R21_FLDK.06001_06001_clipped.tif,mask/NC_H08_20220603_0200_R21_FLDK.06001_06001_clipped_mask.png,12989493,2423,450,450,20,float32,LZW,0.02,0.02,119,36,4326,450,450,L,0;255,paired,d3a130dc07993948267fd8f57f2db3978f0d067ccba31c958788b4c93b68088b,688f1f849a11491b2cb4237becd335efa2e86fb3a14ddec8aacb654c3713e7d6
2022,NC_H08_20220603_0230_R21_FLDK.06001_06001_clipped,Himawari-8,20220603,0230,2022_new_clip/NC_H08_20220603_0230_R21_FLDK.06001_06001_clipped.tif,mask/NC_H08_20220603_0230_R21_FLDK.06001_06001_clipped_mask.png,12984139,2420,450,450,20,float32,LZW,0.02,0.02,119,36,4326,450,450,L,0;255,paired,0ee954e54543f63528e9c88743d95948deca96ddd66ccf666437b4d95b7f0ab4,f981a4bd0d7d19d2f9b0bd1fb1898789c5fa8cab5a3b6533d71c855e8462eb97
2022,NC_H08_20220603_0300_R21_FLDK.06001_06001_clipped,Himawari-8,20220603,0300,2022_new_clip/NC_H08_20220603_0300_R21_FLDK.06001_06001_clipped.tif,mask/NC_H08_20220603_0300_R21_FLDK.06001_06001_clipped_mask.png,12973544,2712,450,450,20,float32,LZW,0.02,0.02,119,36,4326,450,450,L,0;255,paired,b3e38eef9f74e70bcbd09d2338ee9aa9f6e5682c54254374af360b179f912eca,7363aaa84cfd7ebde76b17e8b8fc557c2d4efccfaa5615cfe21fb03d4485aa4b
2022,NC_H08_20220603_0330_R21_FLDK.06001_06001_clipped,Himawari-8,20220603,0330,2022_new_clip/NC_H08_20220603_0330_R21_FLDK.06001_06001_clipped.tif,mask/NC_H08_20220603_0330_R21_FLDK.06001_06001_clipped_mask.png,12803594,2569,450,450,20,float32,LZW,0.02,0.02,119,36,4326,450,450,L,0;255,paired,80621a2470479a11d688b22f181b564c28f0c8f55c631dce7eb0c2bc6803b7e6,5a348ceb821256e55814379bbe31b508f2479f07c83ac692bb37f5470d96fa8e
2022,NC_H08_20220603_0400_R21_FLDK.06001_06001_clipped,Himawari-8,20220603,0400,2022_new_clip/NC_H08_20220603_0400_R21_FLDK.06001_06001_clipped.tif,mask/NC_H08_20220603_0400_R21_FLDK.06001_06001_clipped_mask.png,12887404,2517,450,450,20,float32,LZW,0.02,0.02,119,36,4326,450,450,L,0;255,paired,27711771bf814f2fe6a74c0c0385b8dda0d3871eb4e37485f9634bb815bd9b64,26fc4b483de756a78fcf6bcc8d034b8a035a8afe15a123aa367a23edd0c40416
2022,NC_H08_20220603_0430_R21_FLDK.06001_06001_clipped,Himawari-8,20220603,0430,2022_new_clip/NC_H08_20220603_0430_R21_FLDK.06001_06001_clipped.tif,mask/NC_H08_20220603_0430_R21_FLDK.06001_06001_clipped_mask.png,12949925,2656,450,450,20,float32,LZW,0.02,0.02,119,36,4326,450,450,L,0;255,paired,b16bc93b01623c6582a5ebe76050eac1c4d2e5cbbcb13f65e9acfd7eeda28473,3a1dee6a89d3c7bf108998bb09bc0fea042bcf996508fc38837dcd7ad2e90e8e
2022,NC_H08_20220603_0500_R21_FLDK.06001_06001_clipped,Himawari-8,20220603,0500,2022_new_clip/NC_H08_20220603_0500_R21_FLDK.06001_06001_clipped.tif,mask/NC_H08_20220603_0500_R21_FLDK.06001_06001_clipped_mask.png,12908874,2846,450,450,20,float32,LZW,0.02,0.02,119,36,4326,450,450,L,0;255,paired,f6dd6884cdf69b8de9cb293279554b2adda7283ce65348cf7a1a3a6ea486c4aa,9c643aad113c2b1050e1336df9e6fd618fb503b89a28fe4be65cf801f5be1077
2022,NC_H08_20220603_0530_R21_FLDK.06001_06001_clipped,Himawari-8,20220603,0530,2022_new_clip/NC_H08_20220603_0530_R21_FLDK.06001_06001_clipped.tif,mask/NC_H08_20220603_0530_R21_FLDK.06001_06001_clipped_mask.png,12906895,2672,450,450,20,float32,LZW,0.02,0.02,119,36,4326,450,450,L,0;255,paired,64bd7027ee556b25699d623d912ec3523bab0c27ed529f21eab58f651e7d1808,7e24e8b562d0df8139f5c830e12ffbfd75b91a142c9237e3581157f8ab78d4c4
2022,NC_H08_20220603_0600_R21_FLDK.06001_06001_clipped,Himawari-8,20220603,0600,2022_new_clip/NC_H08_20220603_0600_R21_FLDK.06001_06001_clipped.tif,mask/NC_H08_20220603_0600_R21_FLDK.06001_06001_clipped_mask.png,12890114,2872,450,450,20,float32,LZW,0.02,0.02,119,36,4326,450,450,L,0;255,paired,444f1d8ab2c91a4ccfda53aaad69fdd27926ffa6fe7af02d53a0edb1082ec6e2,a505b27451f9595b6bfb57246bd66eb0389ed1743d0fce37acfd53fd5943516c
2022,NC_H08_20220603_0700_R21_FLDK.06001_06001_clipped,Himawari-8,20220603,0700,2022_new_clip/NC_H08_20220603_0700_R21_FLDK.06001_06001_clipped.tif,mask/NC_H08_20220603_0700_R21_FLDK.06001_06001_clipped_mask.png,12904293,2665,450,450,20,float32,LZW,0.02,0.02,119,36,4326,450,450,L,0;255,paired,389e614f914b3eb82bbd5d4cad4773dec8839908381319097a58f137afc30dbb,714154ae6d2ff167e4992f338af32ebc41a79c80c6421ca74042638e28b9a82e
2022,NC_H08_20220603_0730_R21_FLDK.06001_06001_clipped,Himawari-8,20220603,0730,2022_new_clip/NC_H08_20220603_0730_R21_FLDK.06001_06001_clipped.tif,mask/NC_H08_20220603_0730_R21_FLDK.06001_06001_clipped_mask.png,12908465,2321,450,450,20,float32,LZW,0.02,0.02,119,36,4326,450,450,L,0;255,paired,76f9c8251363263229e2ca77b72c8236428ac196fd0c0f44a2bef1232c53f0be,c31dee0a2948dfad39a7c83f187b4c8ce1ae0082e33e43fd9593a1019a258575
2022,NC_H08_20220603_0800_R21_FLDK.06001_06001_clipped,Himawari-8,20220603,0800,2022_new_clip/NC_H08_20220603_0800_R21_FLDK.06001_06001_clipped.tif,mask/NC_H08_20220603_0800_R21_FLDK.06001_06001_clipped_mask.png,12861561,2442,450,450,20,float32,LZW,0.02,0.02,119,36,4326,450,450,L,0;255,paired,526c0f387469bad806f1bca1ca2425c102f19a4a48247b7aa3340dcdb3a5d07a,7fccadd61821cdee5b6a73c55f79e04e8eb93b84383efdbe7447eff3dbde4340
2022,NC_H08_20220603_0830_R21_FLDK.06001_06001_clipped,Himawari-8,20220603,0830,2022_new_clip/NC_H08_20220603_0830_R21_FLDK.06001_06001_clipped.tif,mask/NC_H08_20220603_0830_R21_FLDK.06001_06001_clipped_mask.png,12788417,2522,450,450,20,float32,LZW,0.02,0.02,119,36,4326,450,450,L,0;255,paired,4f42aea67b819b66a560a922539afa165743772b5299838172e06666aa9695f5,91c92ed3b0df8074444a754d635f71d2da5d200289eadee29dfff0d87f3ef8c4
2022,NC_H08_20220603_0900_R21_FLDK.06001_06001_clipped,Himawari-8,20220603,0900,2022_new_clip/NC_H08_20220603_0900_R21_FLDK.06001_06001_clipped.tif,mask/NC_H08_20220603_0900_R21_FLDK.06001_06001_clipped_mask.png,12725868,2375,450,450,20,float32,LZW,0.02,0.02,119,36,4326,450,450,L,0;255,paired,7a6984158553d0842c61e80d5fa6e07ff4c7255f0da888556deb758e2ab4d0ce,1133258808a38d992535104b7384bac694be7a6cfa3f2f0f3cca0c976ca13bd0
2022,NC_H08_20220603_0930_R21_FLDK.06001_06001_clipped,Himawari-8,20220603,0930,2022_new_clip/NC_H08_20220603_0930_R21_FLDK.06001_06001_clipped.tif,mask/NC_H08_20220603_0930_R21_FLDK.06001_06001_clipped_mask.png,12604405,2520,450,450,20,float32,LZW,0.02,0.02,119,36,4326,450,450,L,0;255,paired,a7660ee2dd61378f1a680a588d279f8b5c9cc2904c77dc3095f7fc883a4ab86e,21f9b40f1eb3d28fdf55ce143c6e559b8486547269efa45c1412d07dbc6c8c3f
2022,NC_H08_20220603_1000_R21_FLDK.06001_06001_clipped,Himawari-8,20220603,1000,2022_new_clip/NC_H08_20220603_1000_R21_FLDK.06001_06001_clipped.tif,mask/NC_H08_20220603_1000_R21_FLDK.06001_06001_clipped_mask.png,12312527,2446,450,450,20,float32,LZW,0.02,0.02,119,36,4326,450,450,L,0;255,paired,5bc048ca60d71c0800ac70879886ce2ded7462677cc2797ac1724a5cd10ae5cb,73764128c17add2b444d3ccb0322e162892b066077af86027c2d884776a7d9f2
2022,NC_H08_20220617_0000_R21_FLDK.06001_06001_clipped,Himawari-8,20220617,0000,2022_new_clip/NC_H08_20220617_0000_R21_FLDK.06001_06001_clipped.tif,mask/NC_H08_20220617_0000_R21_FLDK.06001_06001_clipped_mask.png,12979622,1984,450,450,20,float32,LZW,0.02,0.02,119,36,4326,450,450,L,0;255,paired,a4385731703931c53d94d2a5124e4784cb38891991f98a4cdc033267468c1cbe,928e236d3e8989551b030f49253f976d0c6300cad9f7a66dc0d1515b1973be5d
2022,NC_H08_20220617_0030_R21_FLDK.06001_06001_clipped,Himawari-8,20220617,0030,2022_new_clip/NC_H08_20220617_0030_R21_FLDK.06001_06001_clipped.tif,mask/NC_H08_20220617_0030_R21_FLDK.06001_06001_clipped_mask.png,13026882,1910,450,450,20,float32,LZW,0.02,0.02,119,36,4326,450,450,L,0;255,paired,a06902ef00c953a99a6d50c4686fdb35949f5647f14d93d185920c8e37b3d63e,a3b989e8657c840deeee12435e4fb33a09deb6d24294ebe555480c9a005b88c8
2022,NC_H08_20220617_0100_R21_FLDK.06001_06001_clipped,Himawari-8,20220617,0100,2022_new_clip/NC_H08_20220617_0100_R21_FLDK.06001_06001_clipped.tif,mask/NC_H08_20220617_0100_R21_FLDK.06001_06001_clipped_mask.png,13098150,1929,450,450,20,float32,LZW,0.02,0.02,119,36,4326,450,450,L,0;255,paired,91c6d0a09a5b8d80201444e4738d8c9dd20e372919d742a1399cb1ed2ed629b5,adcaace3eb86157105bd73ef58d014cc9f5063e23834e682433f3fe423e2f9e9
2022,NC_H08_20220617_0130_R21_FLDK.06001_06001_clipped,Himawari-8,20220617,0130,2022_new_clip/NC_H08_20220617_0130_R21_FLDK.06001_06001_clipped.tif,mask/NC_H08_20220617_0130_R21_FLDK.06001_06001_clipped_mask.png,13175078,1709,450,450,20,float32,LZW,0.02,0.02,119,36,4326,450,450,L,0;255,paired,2f0cfadd387b2b76e8236e3056ea0e09fd685b4762c9946e79d1fed9fc5bc0a4,dff980493d484154ca61d3e64228b6f116fbeb1e6ae2c8430b071a90a5d13ea1
2022,NC_H08_20220617_0200_R21_FLDK.06001_06001_clipped,Himawari-8,20220617,0200,2022_new_clip/NC_H08_20220617_0200_R21_FLDK.06001_06001_clipped.tif,mask/NC_H08_20220617_0200_R21_FLDK.06001_06001_clipped_mask.png,13210397,1131,450,450,20,float32,LZW,0.02,0.02,119,36,4326,450,450,L,0;255,paired,912c8290cab51276314e2503ecf39470cc0dfe3d27e64b82a8eeaa385657c3f1,b6daf5db578d857a02bc6cc5c56ce0c03af9b213ac1780da417188142df05b1e
2022,NC_H08_20220617_0230_R21_FLDK.06001_06001_clipped,Himawari-8,20220617,0230,2022_new_clip/NC_H08_20220617_0230_R21_FLDK.06001_06001_clipped.tif,mask/NC_H08_20220617_0230_R21_FLDK.06001_06001_clipped_mask.png,13220042,691,450,450,20,float32,LZW,0.02,0.02,119,36,4326,450,450,L,0;255,paired,da3ff3e8acac72e7c7681d250eeeac97835ff60fafdb375b0f4a05ba5d382059,d2280fb24b13d22ee90cadb4aeec3e7c70cab64deeddab39044ecf1e1bca82e6
2022,NC_H08_20220617_0300_R21_FLDK.06001_06001_clipped,Himawari-8,20220617,0300,2022_new_clip/NC_H08_20220617_0300_R21_FLDK.06001_06001_clipped.tif,mask/NC_H08_20220617_0300_R21_FLDK.06001_06001_clipped_mask.png,13246051,698,450,450,20,float32,LZW,0.02,0.02,119,36,4326,450,450,L,0;255,paired,e2f0d49fdf77214fd9242988f4deaa0a3bcc95c75f62b4cb56c5785c7247b7e7,86fa511b9708a45af215db9d630a3c5b720e241e7de90389af4b6f38cbda4145
2022,NC_H08_20220617_0330_R21_FLDK.06001_06001_clipped,Himawari-8,20220617,0330,2022_new_clip/NC_H08_20220617_0330_R21_FLDK.06001_06001_clipped.tif,mask/NC_H08_20220617_0330_R21_FLDK.06001_06001_clipped_mask.png,13161936,958,450,450,20,float32,LZW,0.02,0.02,119,36,4326,450,450,L,0;255,paired,ee15db3776a09a3fb4aab29ddfe4d06849150d2db2d90da2c1481c756f6c8e3d,c7e87a8bc3a4e6bded8bc87effef82d9c9f47dc52e232cdc2d1a3bfdff612881
2022,NC_H08_20221022_0000_R21_FLDK.06001_06001_clipped,Himawari-8,20221022,0000,2022_new_clip/NC_H08_20221022_0000_R21_FLDK.06001_06001_clipped.tif,mask/NC_H08_20221022_0000_R21_FLDK.06001_06001_clipped_mask.png,12343381,1647,450,450,20,float32,LZW,0.02,0.02,119,36,4326,450,450,L,0;255,paired,e2eeadce5388df90387c58b1a0891a920d3f8093df1b27ed6480f6a276d59089,0e76f5a4955cc71c695109f86f4252e2b502d8eef60003875acb38aa37140f4e
2022,NC_H08_20221022_0030_R21_FLDK.06001_06001_clipped,Himawari-8,20221022,0030,2022_new_clip/NC_H08_20221022_0030_R21_FLDK.06001_06001_clipped.tif,mask/NC_H08_20221022_0030_R21_FLDK.06001_06001_clipped_mask.png,12372926,1692,450,450,20,float32,LZW,0.02,0.02,119,36,4326,450,450,L,0;255,paired,0b0b07ec1af178f5be14ce5be8206c9b0059470f142e525b13042dff7c6fa240,0bad8139cfa614aec44a36ef248a0a1a6ebc97e565c7008d5c04a918916bbd64
2022,NC_H08_20221022_0100_R21_FLDK.06001_06001_clipped,Himawari-8,20221022,0100,2022_new_clip/NC_H08_20221022_0100_R21_FLDK.06001_06001_clipped.tif,mask/NC_H08_20221022_0100_R21_FLDK.06001_06001_clipped_mask.png,12402530,1614,450,450,20,float32,LZW,0.02,0.02,119,36,4326,450,450,L,0;255,paired,2e6f5e172777c0f2b5cbd428286573fbcae6c64eee6eb33b7ae22e5728452fce,61eac703af00c0fc4ccea69d04e6009b7243b3234228451e322be59fe1b2aacd
2022,NC_H08_20221022_0130_R21_FLDK.06001_06001_clipped,Himawari-8,20221022,0130,2022_new_clip/NC_H08_20221022_0130_R21_FLDK.06001_06001_clipped.tif,mask/NC_H08_20221022_0130_R21_FLDK.06001_06001_clipped_mask.png,12456809,1090,450,450,20,float32,LZW,0.02,0.02,119,36,4326,450,450,L,0;255,paired,bc8e0acf24e366b03dfb1c42d7fc669d4eb29da3b774f41373ee313e67be8b2e,340d4403035d3ba7110580ebf1f7ba77b4c9860f257ac3f6f79f4d7859b9736d
2022,NC_H08_20221022_0200_R21_FLDK.06001_06001_clipped,Himawari-8,20221022,0200,2022_new_clip/NC_H08_20221022_0200_R21_FLDK.06001_06001_clipped.tif,mask/NC_H08_20221022_0200_R21_FLDK.06001_06001_clipped_mask.png,12389950,1411,450,450,20,float32,LZW,0.02,0.02,119,36,4326,450,450,L,0;255,paired,a573fd763aa69ae91011b7c769fb6cff35ecf7d93ddd5f5a08daab3f0fa9947f,b251513695fabb0f743302df3ad2ba366f24a7b339c461eff92eea5741fd5c77
2022,NC_H08_20221022_0230_R21_FLDK.06001_06001_clipped,Himawari-8,20221022,0230,2022_new_clip/NC_H08_20221022_0230_R21_FLDK.06001_06001_clipped.tif,mask/NC_H08_20221022_0230_R21_FLDK.06001_06001_clipped_mask.png,12490202,1172,450,450,20,float32,LZW,0.02,0.02,119,36,4326,450,450,L,0;255,paired,a2f3be1222b1ebaded32682bde61e45c6c86c59147673878473f6ab53c019504,21225534aef50b136507ce22cde6f435a00e97d075bef90aea77ca29c37a4e82
2022,NC_H08_20221022_0300_R21_FLDK.06001_06001_clipped,Himawari-8,20221022,0300,2022_new_clip/NC_H08_20221022_0300_R21_FLDK.06001_06001_clipped.tif,mask/NC_H08_20221022_0300_R21_FLDK.06001_06001_clipped_mask.png,12367097,889,450,450,20,float32,LZW,0.02,0.02,119,36,4326,450,450,L,0;255,paired,accbed6d227fee4e98c16211924ce6a2873c061a015efd2f821c99a035260e35,73eec837e2a793cba6d80be9f91db531dadb674936c67e36793429ebaa32d36b
2022,NC_H08_20221022_0330_R21_FLDK.06001_06001_clipped,Himawari-8,20221022,0330,2022_new_clip/NC_H08_20221022_0330_R21_FLDK.06001_06001_clipped.tif,mask/NC_H08_20221022_0330_R21_FLDK.06001_06001_clipped_mask.png,12102438,1306,450,450,20,float32,LZW,0.02,0.02,119,36,4326,450,450,L,0;255,paired,f14dbe80e4c96088e1573b3f2e47695d0d3f801f3d0163205af2c11310e56f8b,eb033578d40809c54e52b0083432053a347eaa1758e298e2da4642fbb71ec0a5
2022,NC_H08_20221107_0000_R21_FLDK.06001_06001_clipped,Himawari-8,20221107,0000,2022_new_clip/NC_H08_20221107_0000_R21_FLDK.06001_06001_clipped.tif,mask/NC_H08_20221107_0000_R21_FLDK.06001_06001_clipped_mask.png,11721049,393,450,450,20,float32,LZW,0.02,0.02,119,36,4326,450,450,L,0;255,paired,e47123f714e259cb1048aa765fed05840ebcb5eb6d0e32373f17fa00727c7764,19feb1db5a5d7cb67dc76c1a2dfb2b36654fe03db683bffed2a9fdad2891167c
2022,NC_H08_20221107_0030_R21_FLDK.06001_06001_clipped,Himawari-8,20221107,0030,2022_new_clip/NC_H08_20221107_0030_R21_FLDK.06001_06001_clipped.tif,mask/NC_H08_20221107_0030_R21_FLDK.06001_06001_clipped_mask.png,11729504,363,450,450,20,float32,LZW,0.02,0.02,119,36,4326,450,450,L,0;255,paired,999bc8464fe54073cf216a959d286c3e994df540f519c23450827ddd50393ce9,8703e542b3e63305f4df36c9430e4ca932e7fefe2e73e6b59e291b04deb3310c
2022,NC_H08_20221107_0100_R21_FLDK.06001_06001_clipped,Himawari-8,20221107,0100,2022_new_clip/NC_H08_20221107_0100_R21_FLDK.06001_06001_clipped.tif,mask/NC_H08_20221107_0100_R21_FLDK.06001_06001_clipped_mask.png,11762822,371,450,450,20,float32,LZW,0.02,0.02,119,36,4326,450,450,L,0;255,paired,a8c0bfedcd661ad3e04c0e4bd331eacccf0bfc8f68676a626e71cad3149984ad,a2d5a1ff5ccd2e45e9de05a6e7e01fc9eb3de3d51d8f610da3fd0b7e736a75ff
2022,NC_H08_20221107_0130_R21_FLDK.06001_06001_clipped,Himawari-8,20221107,0130,2022_new_clip/NC_H08_20221107_0130_R21_FLDK.06001_06001_clipped.tif,mask/NC_H08_20221107_0130_R21_FLDK.06001_06001_clipped_mask.png,11779069,373,450,450,20,float32,LZW,0.02,0.02,119,36,4326,450,450,L,0;255,paired,f9267bb54c356c38722412b64eb431643339f6913acf9f8a146559b74113fcbc,dc17c113ae4b64bf33d0ddab6e442a1274937ba9b58f9f408e03f48b6e77a588
2022,NC_H08_20221107_0200_R21_FLDK.06001_06001_clipped,Himawari-8,20221107,0200,2022_new_clip/NC_H08_20221107_0200_R21_FLDK.06001_06001_clipped.tif,mask/NC_H08_20221107_0200_R21_FLDK.06001_06001_clipped_mask.png,11739258,377,450,450,20,float32,LZW,0.02,0.02,119,36,4326,450,450,L,0;255,paired,1676448b6cb7f54c7027c3c09e809bab3a152d79dc697cd320c38c6958eff585,03fc1529b72f1bdb970555b58d013e949eb7ad909192c887cf9c6f07c6db411c
2022,NC_H08_20221107_0230_R21_FLDK.06001_06001_clipped,Himawari-8,20221107,0230,2022_new_clip/NC_H08_20221107_0230_R21_FLDK.06001_06001_clipped.tif,mask/NC_H08_20221107_0230_R21_FLDK.06001_06001_clipped_mask.png,11748592,377,450,450,20,float32,LZW,0.02,0.02,119,36,4326,450,450,L,0;255,paired,72792ffe7ead0d8eaa91f6812dad0503c40312344985a9120e3ac4e70f10ef25,95396d5e50c85a767ce9c0f995ad3277660776c92a0e1c8fd796c11ca00e1f45
2023,NC_H09_20230205_0800_R21_FLDK.06001_06001_clipped,Himawari-9,20230205,0800,2023_new_clip/NC_H09_20230205_0800_R21_FLDK.06001_06001_clipped.tif,mask/NC_H09_20230205_0800_R21_FLDK.06001_06001_clipped_mask.png,11849653,662,450,450,20,float32,LZW,0.02,0.02,119,36,4326,450,450,L,0;255,paired,da0153b9e6daff46e5671c559130860fa70d4b536e0cbf72e7dcd1e3eb5e7b49,c5cae3d80e267e5c6336b477570cdbc1550c0a7eaf08d3815509a465e24d8e1c
2023,NC_H09_20230206_0800_R21_FLDK.06001_06001_clipped,Himawari-9,20230206,0800,2023_new_clip/NC_H09_20230206_0800_R21_FLDK.06001_06001_clipped.tif,mask/NC_H09_20230206_0800_R21_FLDK.06001_06001_clipped_mask.png,12882808,642,450,450,20,float32,LZW,0.02,0.02,119,36,4326,450,450,L,0;255,paired,b4d36ed4054bdfb67a7fbd6a76365df3a1f47a109b2230a0cde84a4e6fd1f442,37092ebeaac0c9a5516a0469c53746350b3afe32076df8f3285aac66a244ff50
2023,NC_H09_20230207_0600_R21_FLDK.06001_06001_clipped,Himawari-9,20230207,0600,2023_new_clip/NC_H09_20230207_0600_R21_FLDK.06001_06001_clipped.tif,mask/NC_H09_20230207_0600_R21_FLDK.06001_06001_clipped_mask.png,12569143,627,450,450,20,float32,LZW,0.02,0.02,119,36,4326,450,450,L,0;255,paired,dafdaa8e1a242d5fe772f74dec89753c652e50c4b5ad85890516644ac3e36282,d0b7a3f55f0e179ae71c6b99b240197338971711af0f064288366f94ee488bee
2023,NC_H09_20230207_0700_R21_FLDK.06001_06001_clipped,Himawari-9,20230207,0700,2023_new_clip/NC_H09_20230207_0700_R21_FLDK.06001_06001_clipped.tif,mask/NC_H09_20230207_0700_R21_FLDK.06001_06001_clipped_mask.png,12448084,1150,450,450,20,float32,LZW,0.02,0.02,119,36,4326,450,450,L,0;255,paired,d51494bc221e6d8b1e54390c11e9e4582b6c7c7e4d4bbe5d3d777b2a0d67504c,7a747400189b886a21b4ac785633d381a86d3895ea2584d8d357fc51fe25c736
2023,NC_H09_20230207_0800_R21_FLDK.06001_06001_clipped,Himawari-9,20230207,0800,2023_new_clip/NC_H09_20230207_0800_R21_FLDK.06001_06001_clipped.tif,mask/NC_H09_20230207_0800_R21_FLDK.06001_06001_clipped_mask.png,12292035,1360,450,450,20,float32,LZW,0.02,0.02,119,36,4326,450,450,L,0;255,paired,4669bfde8b588a8b1a3cdf2fb332f174fb87b230ac86dc805faf3a3b7f0ec1dc,af7985c3297fc973dc280f9bab5b11bd5cdcdd8920bf91a677a8ebb436706fb0
2023,NC_H09_20230207_0900_R21_FLDK.06001_06001_clipped,Himawari-9,20230207,0900,2023_new_clip/NC_H09_20230207_0900_R21_FLDK.06001_06001_clipped.tif,mask/NC_H09_20230207_0900_R21_FLDK.06001_06001_clipped_mask.png,11375273,1241,450,450,20,float32,LZW,0.02,0.02,119,36,4326,450,450,L,0;255,paired,4fa2b6729d5efb39ddf7799076dc12b99866f4c7e2455a7b3f08d1e197e84e58,ac91c4a477acbb078bef1d734364065d936c532128b43e758e6e904340e01041
2023,NC_H09_20230210_0000_R21_FLDK.06001_06001_clipped,Himawari-9,20230210,0000,2023_new_clip/NC_H09_20230210_0000_R21_FLDK.06001_06001_clipped.tif,mask/NC_H09_20230210_0000_R21_FLDK.06001_06001_clipped_mask.png,12402094,1906,450,450,20,float32,LZW,0.02,0.02,119,36,4326,450,450,L,0;255,paired,8c55ebb3281a4788effb21286218d54530bcefb12c807b6854f5b3b511db5dca,c28a19d5230b76f243cc417a0532e57be8acc4c79f1721a740ae35397dd6b70d
2023,NC_H09_20230210_0100_R21_FLDK.06001_06001_clipped,Himawari-9,20230210,0100,2023_new_clip/NC_H09_20230210_0100_R21_FLDK.06001_06001_clipped.tif,mask/NC_H09_20230210_0100_R21_FLDK.06001_06001_clipped_mask.png,12464643,1714,450,450,20,float32,LZW,0.02,0.02,119,36,4326,450,450,L,0;255,paired,ffb27624cef55d806f81bd634b66c455f78f16642c026cd101036a3b10943550,f0bc79128be59bc378134313b91a3b8a1e1cb1ec3d4429e1dad5e8a153de7f45
2023,NC_H09_20230210_0900_R21_FLDK.06001_06001_clipped,Himawari-9,20230210,0900,2023_new_clip/NC_H09_20230210_0900_R21_FLDK.06001_06001_clipped.tif,mask/NC_H09_20230210_0900_R21_FLDK.06001_06001_clipped_mask.png,11486917,835,450,450,20,float32,LZW,0.02,0.02,119,36,4326,450,450,L,0;255,paired,ce014ed2851d6f919bdd5d496557c5f81b150d4271a1ed4850b0a9f050c67626,7527ba896e4c5c48b667270c642f128be2fa00ed920fa5e13c0bd3ff0a986a0a
2023,NC_H09_20230211_2300_R21_FLDK.06001_06001_clipped,Himawari-9,20230211,2300,2023_new_clip/NC_H09_20230211_2300_R21_FLDK.06001_06001_clipped.tif,mask/NC_H09_20230211_2300_R21_FLDK.06001_06001_clipped_mask.png,12180219,741,450,450,20,float32,LZW,0.02,0.02,119,36,4326,450,450,L,0;255,paired,e86108f640db9629b857e86434a3c2080f8317625760f2247f1a868256c453df,524d2c9f85965d59a285648ffbdfd69fe194b81f38d9ac7d6a3540ce0b9e8ec7
2023,NC_H09_20230308_2300_R21_FLDK.06001_06001_clipped,Himawari-9,20230308,2300,2023_new_clip/NC_H09_20230308_2300_R21_FLDK.06001_06001_clipped.tif,mask/NC_H09_20230308_2300_R21_FLDK.06001_06001_clipped_mask.png,12082175,792,450,450,20,float32,LZW,0.02,0.02,119,36,4326,450,450,L,0;255,paired,4cf58064efb95fbaec940c2bc5395798093dfb757e1c253a2e2b4266f67f5120,384d7aa1c5089553ab6b22db774cddfdcb6b5849382957fb2b820afd18604a15
2023,NC_H09_20230309_0000_R21_FLDK.06001_06001_clipped,Himawari-9,20230309,0000,2023_new_clip/NC_H09_20230309_0000_R21_FLDK.06001_06001_clipped.tif,mask/NC_H09_20230309_0000_R21_FLDK.06001_06001_clipped_mask.png,12400801,814,450,450,20,float32,LZW,0.02,0.02,119,36,4326,450,450,L,0;255,paired,6e96e47e8e9ea6a376d12df8be474f3cc78d3ffa19dd712cff9d17681b61363c,0c1c930f0c7a7a8eeeda0c92749f4b76656b1ddd335876e3cd3e71911ca14a04
2023,NC_H09_20230309_0100_R21_FLDK.06001_06001_clipped,Himawari-9,20230309,0100,2023_new_clip/NC_H09_20230309_0100_R21_FLDK.06001_06001_clipped.tif,mask/NC_H09_20230309_0100_R21_FLDK.06001_06001_clipped_mask.png,12532491,749,450,450,20,float32,LZW,0.02,0.02,119,36,4326,450,450,L,0;255,paired,5eb1b5d7def99e0047a72b14c16e3d20ab6b31a4c9ee9cc35b2fe0540c7264c4,499ab8f201b776bf6560e1207934171c78056874b8656821995f8a243f32fded
2023,NC_H09_20230309_0200_R21_FLDK.06001_06001_clipped,Himawari-9,20230309,0200,2023_new_clip/NC_H09_20230309_0200_R21_FLDK.06001_06001_clipped.tif,mask/NC_H09_20230309_0200_R21_FLDK.06001_06001_clipped_mask.png,12572593,851,450,450,20,float32,LZW,0.02,0.02,119,36,4326,450,450,L,0;255,paired,7305606995a66fe536b8ef43d42eba5da3d9eda5345dc13972e25e2a3bd2a4a7,b90deae6a9783091dc94a32ad9452b48de47c695ef42cc5887c0e38894fd3c9b
2023,NC_H09_20230309_0300_R21_FLDK.06001_06001_clipped,Himawari-9,20230309,0300,2023_new_clip/NC_H09_20230309_0300_R21_FLDK.06001_06001_clipped.tif,mask/NC_H09_20230309_0300_R21_FLDK.06001_06001_clipped_mask.png,12589062,866,450,450,20,float32,LZW,0.02,0.02,119,36,4326,450,450,L,0;255,paired,79ac319cb229ac8770a78a4f33f37d7441dd6336f508a25a889adc490a4ed65d,cd0496cac12373caab5c4ffd54f6d724c6953ab218d917ab6bb352f1eae4c123
2023,NC_H09_20230309_0400_R21_FLDK.06001_06001_clipped,Himawari-9,20230309,0400,2023_new_clip/NC_H09_20230309_0400_R21_FLDK.06001_06001_clipped.tif,mask/NC_H09_20230309_0400_R21_FLDK.06001_06001_clipped_mask.png,12179000,893,450,450,20,float32,LZW,0.02,0.02,119,36,4326,450,450,L,0;255,paired,60fa7e2d99b36cf3e82c6f9c846f2a356f74b628e6f964a68041014012909ee5,f60fed6e3304ed40f1943563c91dc800b76e64bcaff9715ea0626e6ffa59a38e
2023,NC_H09_20230309_0500_R21_FLDK.06001_06001_clipped,Himawari-9,20230309,0500,2023_new_clip/NC_H09_20230309_0500_R21_FLDK.06001_06001_clipped.tif,mask/NC_H09_20230309_0500_R21_FLDK.06001_06001_clipped_mask.png,12475089,850,450,450,20,float32,LZW,0.02,0.02,119,36,4326,450,450,L,0;255,paired,e3baff1c5a35e6f6d127c1606c0ca24bc23901b778c7d4a81fd0c6695cb291d0,f1742905ff22df3dd4a86cd3ceb78760da6595229f5d8eafc123fd644aa220bb
2023,NC_H09_20230309_0600_R21_FLDK.06001_06001_clipped,Himawari-9,20230309,0600,2023_new_clip/NC_H09_20230309_0600_R21_FLDK.06001_06001_clipped.tif,mask/NC_H09_20230309_0600_R21_FLDK.06001_06001_clipped_mask.png,12405304,1034,450,450,20,float32,LZW,0.02,0.02,119,36,4326,450,450,L,0;255,paired,faa57598c0dca2c385f6fb086417b995c8a7d3176e22888913bd35c724267981,b15f5ed5269f7a46890b887ffc15ec9015db59f6b718302cfef51273ca90e18f
2023,NC_H09_20230309_0700_R21_FLDK.06001_06001_clipped,Himawari-9,20230309,0700,2023_new_clip/NC_H09_20230309_0700_R21_FLDK.06001_06001_clipped.tif,mask/NC_H09_20230309_0700_R21_FLDK.06001_06001_clipped_mask.png,12260036,1202,450,450,20,float32,LZW,0.02,0.02,119,36,4326,450,450,L,0;255,paired,8540cee764730931f616695a5ada8371a2c73efad8b57ab765f75f82e3bc9c64,f9a6083aa4e2d3aede4c8d6e204e2a1e9461a877503b61725f30e4c4236460b0
2023,NC_H09_20230309_0800_R21_FLDK.06001_06001_clipped,Himawari-9,20230309,0800,2023_new_clip/NC_H09_20230309_0800_R21_FLDK.06001_06001_clipped.tif,mask/NC_H09_20230309_0800_R21_FLDK.06001_06001_clipped_mask.png,12025774,1214,450,450,20,float32,LZW,0.02,0.02,119,36,4326,450,450,L,0;255,paired,c9c823246423755cc6511023ee704ce7f2f91b21e1514d3f3016819c29850e99,d5c22a43e2dce8b9f0b6aef6b79b4d1c45b790dccc3638b51f869d37a0563f74
2023,NC_H09_20230309_2300_R21_FLDK.06001_06001_clipped,Himawari-9,20230309,2300,2023_new_clip/NC_H09_20230309_2300_R21_FLDK.06001_06001_clipped.tif,mask/NC_H09_20230309_2300_R21_FLDK.06001_06001_clipped_mask.png,11130162,1784,450,450,20,float32,LZW,0.02,0.02,119,36,4326,450,450,L,0;255,paired,3811ffbfff9b023eb358ef773f59a9bd377940ef651db8453fc19dd94396f8ee,a678425320833c0b6f47dac08a4e77ea91f29e6d803e556842dd82cf87704787
2023,NC_H09_20230310_0000_R21_FLDK.06001_06001_clipped,Himawari-9,20230310,0000,2023_new_clip/NC_H09_20230310_0000_R21_FLDK.06001_06001_clipped.tif,mask/NC_H09_20230310_0000_R21_FLDK.06001_06001_clipped_mask.png,11492134,1914,450,450,20,float32,LZW,0.02,0.02,119,36,4326,450,450,L,0;255,paired,4671fc1c7e9279c59ad900ebe2d02ac1d0725867e3123a746732c395de130f3a,710875751aa386a77c14028af9a5b2f70493c8fc8bed428124c77a4ef6d28823
2023,NC_H09_20230310_0200_R21_FLDK.06001_06001_clipped,Himawari-9,20230310,0200,2023_new_clip/NC_H09_20230310_0200_R21_FLDK.06001_06001_clipped.tif,mask/NC_H09_20230310_0200_R21_FLDK.06001_06001_clipped_mask.png,11753656,1511,450,450,20,float32,LZW,0.02,0.02,119,36,4326,450,450,L,0;255,paired,15efcf0784d92c634ba1e6dea3fd4f01c3906ae55b5135e1a0f370a63f77f565,f99f3290a02680fdb7c2ea11b755ccc0c896c611f86cdd28b41cea3b4534d273
2023,NC_H09_20230310_0300_R21_FLDK.06001_06001_clipped,Himawari-9,20230310,0300,2023_new_clip/NC_H09_20230310_0300_R21_FLDK.06001_06001_clipped.tif,mask/NC_H09_20230310_0300_R21_FLDK.06001_06001_clipped_mask.png,11790825,1502,450,450,20,float32,LZW,0.02,0.02,119,36,4326,450,450,L,0;255,paired,2f0b9dc2d3524b620674f415da9d0c249d82c8e62147b56d8df0582ffcbb3a26,818827b13fed0b3d1caf031a20336e4b8af58125ac5ac035dcee8c098499bf94
2023,NC_H09_20230310_0400_R21_FLDK.06001_06001_clipped,Himawari-9,20230310,0400,2023_new_clip/NC_H09_20230310_0400_R21_FLDK.06001_06001_clipped.tif,mask/NC_H09_20230310_0400_R21_FLDK.06001_06001_clipped_mask.png,11422236,1331,450,450,20,float32,LZW,0.02,0.02,119,36,4326,450,450,L,0;255,paired,00a5ba834b59198abc06d6de2fafa011bdbfc64afcf968e091516ded6aebd313,2190bc154a42cf337790a025642750b5eb8689a85b3a694e3da5c8e1a6f50a03
2023,NC_H09_20230310_0600_R21_FLDK.06001_06001_clipped,Himawari-9,20230310,0600,2023_new_clip/NC_H09_20230310_0600_R21_FLDK.06001_06001_clipped.tif,mask/NC_H09_20230310_0600_R21_FLDK.06001_06001_clipped_mask.png,11634189,1522,450,450,20,float32,LZW,0.02,0.02,119,36,4326,450,450,L,0;255,paired,83810f8093bf0cd4beb765c9ab012c93debfc24be1379008539e27c6c6aab92a,b0c4065f186190331c8a601ffd8a80996fd363313f36dc940b7323ebd782f7cb
2023,NC_H09_20230310_0700_R21_FLDK.06001_06001_clipped,Himawari-9,20230310,0700,2023_new_clip/NC_H09_20230310_0700_R21_FLDK.06001_06001_clipped.tif,mask/NC_H09_20230310_0700_R21_FLDK.06001_06001_clipped_mask.png,11579768,1448,450,450,20,float32,LZW,0.02,0.02,119,36,4326,450,450,L,0;255,paired,fe5bf669817dfd67d2ffc8d3bac13c90cdf95fdc9156850df69a9c7cfbb096b9,0e784e8f80b3c1106d30823ae4046f9ca3995e322b34cd65e6fc7d6b234c297a
2023,NC_H09_20230310_0800_R21_FLDK.06001_06001_clipped,Himawari-9,20230310,0800,2023_new_clip/NC_H09_20230310_0800_R21_FLDK.06001_06001_clipped.tif,mask/NC_H09_20230310_0800_R21_FLDK.06001_06001_clipped_mask.png,11512915,1496,450,450,20,float32,LZW,0.02,0.02,119,36,4326,450,450,L,0;255,paired,01c6c2d973907598712ab9cca09e0b04f4fbd8c30c173fe18c185d6604c0f1c0,3412a432910954013a49cbdbeb514164d0f0888092ef9d888e2affb35418e511
2023,NC_H09_20230310_2300_R21_FLDK.06001_06001_clipped,Himawari-9,20230310,2300,2023_new_clip/NC_H09_20230310_2300_R21_FLDK.06001_06001_clipped.tif,mask/NC_H09_20230310_2300_R21_FLDK.06001_06001_clipped_mask.png,12541709,1387,450,450,20,float32,LZW,0.02,0.02,119,36,4326,450,450,L,0;255,paired,e9466ab83db93ac742c444d4e8b1f1099c506292bc6fe6a954a49a8a5d1fded5,dcf16dd042d013b3fc6adf1128df486589b417a9994282eec93f78b14d04323d
2023,NC_H09_20230311_0000_R21_FLDK.06001_06001_clipped,Himawari-9,20230311,0000,2023_new_clip/NC_H09_20230311_0000_R21_FLDK.06001_06001_clipped.tif,mask/NC_H09_20230311_0000_R21_FLDK.06001_06001_clipped_mask.png,12876420,1963,450,450,20,float32,LZW,0.02,0.02,119,36,4326,450,450,L,0;255,paired,0c150da5598d5f873a03002192de24d7ff686a62e86c51624c301ed72b13bf03,ba03958773061fc71ae43b80610c02bea91885970fe0004bf928f27e41d453e7
2023,NC_H09_20230311_0100_R21_FLDK.06001_06001_clipped,Himawari-9,20230311,0100,2023_new_clip/NC_H09_20230311_0100_R21_FLDK.06001_06001_clipped.tif,mask/NC_H09_20230311_0100_R21_FLDK.06001_06001_clipped_mask.png,13033983,1840,450,450,20,float32,LZW,0.02,0.02,119,36,4326,450,450,L,0;255,paired,35a8a6a29af380ca41532224c284c7e32256fa7e8f97e574ee404558bcb9d395,7c225096956d01e61710808cfa7418771fe85d16cbd6f493602b31d695f20d28
2023,NC_H09_20230311_0200_R21_FLDK.06001_06001_clipped,Himawari-9,20230311,0200,2023_new_clip/NC_H09_20230311_0200_R21_FLDK.06001_06001_clipped.tif,mask/NC_H09_20230311_0200_R21_FLDK.06001_06001_clipped_mask.png,13082485,1380,450,450,20,float32,LZW,0.02,0.02,119,36,4326,450,450,L,0;255,paired,2728dde4115dc9c537ba30708dac43d4b590daee4b43040a797b63ba55333215,29f33f8d504334b9cd0c72b5a2e93bfc6cf569c63b30bc0446b7c111216a0384
2023,NC_H09_20230311_0300_R21_FLDK.06001_06001_clipped,Himawari-9,20230311,0300,2023_new_clip/NC_H09_20230311_0300_R21_FLDK.06001_06001_clipped.tif,mask/NC_H09_20230311_0300_R21_FLDK.06001_06001_clipped_mask.png,13080208,1338,450,450,20,float32,LZW,0.02,0.02,119,36,4326,450,450,L,0;255,paired,9dbacc3bde83c316d584cf1c84830104262546b4da72bb6401ef6de003b210d5,4d74386484ae39850724d86be2d2034b2edf93aa105bdd533956553de030ae84
2023,NC_H09_20230311_0400_R21_FLDK.06001_06001_clipped,Himawari-9,20230311,0400,2023_new_clip/NC_H09_20230311_0400_R21_FLDK.06001_06001_clipped.tif,mask/NC_H09_20230311_0400_R21_FLDK.06001_06001_clipped_mask.png,12800583,1300,450,450,20,float32,LZW,0.02,0.02,119,36,4326,450,450,L,0;255,paired,0b937668631eeb47be87d6f151cca04fc3cb821a83c0169a5b7a08f7dfb97a44,7a26c0c71ae58da58b14a70a747d50fec9618e52b0edfc5ab83bf543eed000e4
2023,NC_H09_20230311_0500_R21_FLDK.06001_06001_clipped,Himawari-9,20230311,0500,2023_new_clip/NC_H09_20230311_0500_R21_FLDK.06001_06001_clipped.tif,mask/NC_H09_20230311_0500_R21_FLDK.06001_06001_clipped_mask.png,13158558,1898,450,450,20,float32,LZW,0.02,0.02,119,36,4326,450,450,L,0;255,paired,8fb5fb71a5e53b94a0c2a84f6073c63d4b78e42653f8bfeeda64a178b27d61b8,e619fb5eb03c7b54d9c65d79ad6b79a4d4505d73bb091751d56078539fac3d95
2023,NC_H09_20230315_0000_R21_FLDK.06001_06001_clipped,Himawari-9,20230315,0000,2023_new_clip/NC_H09_20230315_0000_R21_FLDK.06001_06001_clipped.tif,mask/NC_H09_20230315_0000_R21_FLDK.06001_06001_clipped_mask.png,12415203,556,450,450,20,float32,LZW,0.02,0.02,119,36,4326,450,450,L,0;255,paired,1df49f5baafbe1934bd32bc03fdb3bd353badfa4b5e15cc42cd439556c884139,b338dfeb48976338b3e5e40a0cf5409fa6a987615ea8c10690a49d2523ff3d76
2023,NC_H09_20230315_0100_R21_FLDK.06001_06001_clipped,Himawari-9,20230315,0100,2023_new_clip/NC_H09_20230315_0100_R21_FLDK.06001_06001_clipped.tif,mask/NC_H09_20230315_0100_R21_FLDK.06001_06001_clipped_mask.png,12705181,774,450,450,20,float32,LZW,0.02,0.02,119,36,4326,450,450,L,0;255,paired,9dc113a80abeaf56a13bb5a3b633d382d9233b771d8367b718a4cfdeca6d3f79,add4df04ab379a49f4a648294a1f6613835e288f6f192c5e20c2fdaefc23a8dc
2023,NC_H09_20230315_0900_R21_FLDK.06001_06001_clipped,Himawari-9,20230315,0900,2023_new_clip/NC_H09_20230315_0900_R21_FLDK.06001_06001_clipped.tif,mask/NC_H09_20230315_0900_R21_FLDK.06001_06001_clipped_mask.png,12339091,1280,450,450,20,float32,LZW,0.02,0.02,119,36,4326,450,450,L,0;255,paired,713162dcd9a14ab0a706633f3ef6b6a7930e361f9fd071aa815c653a93ec90d6,297b7e2174c95fb42b696453c2b00284eb62a1af429582e1905efc4faa9a4732
2023,NC_H09_20230315_2300_R21_FLDK.06001_06001_clipped,Himawari-9,20230315,2300,2023_new_clip/NC_H09_20230315_2300_R21_FLDK.06001_06001_clipped.tif,mask/NC_H09_20230315_2300_R21_FLDK.06001_06001_clipped_mask.png,11584683,1370,450,450,20,float32,LZW,0.02,0.02,119,36,4326,450,450,L,0;255,paired,90973d68a66a416ed7fe9913ad598664a0417839cb2c3a4c2c303444e998afb4,abfdde63f2a9594e857c01ceaa48c3c946971e6a57d7d7591ec598fde6ffd6e4
2023,NC_H09_20230316_0600_R21_FLDK.06001_06001_clipped,Himawari-9,20230316,0600,2023_new_clip/NC_H09_20230316_0600_R21_FLDK.06001_06001_clipped.tif,mask/NC_H09_20230316_0600_R21_FLDK.06001_06001_clipped_mask.png,12606371,1401,450,450,20,float32,LZW,0.02,0.02,119,36,4326,450,450,L,0;255,paired,3afe020d9d36c819014a3989a5b6a3cc47e1072d13d6ad936ba1e0ae4136a0c8,ed5bdf9e15b437e3e174c70e76154aaa60ded165c0d2124b94e15b1da748cd6f
2023,NC_H09_20230316_0700_R21_FLDK.06001_06001_clipped,Himawari-9,20230316,0700,2023_new_clip/NC_H09_20230316_0700_R21_FLDK.06001_06001_clipped.tif,mask/NC_H09_20230316_0700_R21_FLDK.06001_06001_clipped_mask.png,12625146,1651,450,450,20,float32,LZW,0.02,0.02,119,36,4326,450,450,L,0;255,paired,a21d4ebb5f4c28c98d06b72f1ee4aa2cb568c18d61369ccbe50b822919183c57,b6845d880c2f8c82481c6b1ce5c9a27170fcd3998828877243ef7b5708cbc7c2
2023,NC_H09_20230316_0800_R21_FLDK.06001_06001_clipped,Himawari-9,20230316,0800,2023_new_clip/NC_H09_20230316_0800_R21_FLDK.06001_06001_clipped.tif,mask/NC_H09_20230316_0800_R21_FLDK.06001_06001_clipped_mask.png,12564979,1725,450,450,20,float32,LZW,0.02,0.02,119,36,4326,450,450,L,0;255,paired,c78812f540622975ef4988e161724d361e37bb25c2adafdaa9f25ee4fab50254,f817cfafc5b19338a08864b9529a23388e29c9057729ff5dd33d6c63bc53c61e
2023,NC_H09_20230316_0900_R21_FLDK.06001_06001_clipped,Himawari-9,20230316,0900,2023_new_clip/NC_H09_20230316_0900_R21_FLDK.06001_06001_clipped.tif,mask/NC_H09_20230316_0900_R21_FLDK.06001_06001_clipped_mask.png,12255943,1541,450,450,20,float32,LZW,0.02,0.02,119,36,4326,450,450,L,0;255,paired,837b3e09c92122f383c4b3362997c211f5e6011adde050534ad842af7d16d367,33e33a7dfc93b0cac5cfd9ba103a8e9adf017f45c2dbcc17a62755f4f2584659
2023,NC_H09_20230317_2300_R21_FLDK.06001_06001_clipped,Himawari-9,20230317,2300,2023_new_clip/NC_H09_20230317_2300_R21_FLDK.06001_06001_clipped.tif,mask/NC_H09_20230317_2300_R21_FLDK.06001_06001_clipped_mask.png,11913453,634,450,450,20,float32,LZW,0.02,0.02,119,36,4326,450,450,L,0;255,paired,483da892a0e6346a1af57d44e69aef4689a358aeae214b89695b1c5affd1fdca,60657b7b87f6cda91f6904b608a5b2b93c9515c3f6143b72a498ca5f0c289c63
2023,NC_H09_20230320_0900_R21_FLDK.06001_06001_clipped,Himawari-9,20230320,0900,2023_new_clip/NC_H09_20230320_0900_R21_FLDK.06001_06001_clipped.tif,mask/NC_H09_20230320_0900_R21_FLDK.06001_06001_clipped_mask.png,12812585,641,450,450,20,float32,LZW,0.02,0.02,119,36,4326,450,450,L,0;255,paired,ea0e37dc11dc1fb05c874227c71696f97f1df36dc2fa0d6c5f940f5c966dfc0e,d2168066f0bce0097a0f90ec45415855b1b1490d69473b97fd1d69f83281f099
2023,NC_H09_20230320_2300_R21_FLDK.06001_06001_clipped,Himawari-9,20230320,2300,2023_new_clip/NC_H09_20230320_2300_R21_FLDK.06001_06001_clipped.tif,mask/NC_H09_20230320_2300_R21_FLDK.06001_06001_clipped_mask.png,12738965,1076,450,450,20,float32,LZW,0.02,0.02,119,36,4326,450,450,L,0;255,paired,b774f25ee3f8c26c7838df05fddc7d7a99d74d302af9a6d4938064ed8d701b85,da2afe156b212dc16bbe39fb02c231c3c24fd9e412aae15ca482136b3f30f6ce
2023,NC_H09_20230321_0000_R21_FLDK.06001_06001_clipped,Himawari-9,20230321,0000,2023_new_clip/NC_H09_20230321_0000_R21_FLDK.06001_06001_clipped.tif,mask/NC_H09_20230321_0000_R21_FLDK.06001_06001_clipped_mask.png,12843214,1663,450,450,20,float32,LZW,0.02,0.02,119,36,4326,450,450,L,0;255,paired,f599ef30d1a328468cde3783e8345ea2618f25e4f853004183af195438bfa3ab,706c146eafaf809b0828ae2e1ba9a2c2d2c58b0560b18c320fd2b656340e0193
2023,NC_H09_20230321_0500_R21_FLDK.06001_06001_clipped,Himawari-9,20230321,0500,2023_new_clip/NC_H09_20230321_0500_R21_FLDK.06001_06001_clipped.tif,mask/NC_H09_20230321_0500_R21_FLDK.06001_06001_clipped_mask.png,12853590,546,450,450,20,float32,LZW,0.02,0.02,119,36,4326,450,450,L,0;255,paired,4459be4ea3bf912d38b9e0b20f66ffc721c33e82d33e403a0c743ff8b9747b9e,bda401e5298cc543d10097e5ff75b6af1acd118ad04dcd2e2ff84a803ff3a121
2023,NC_H09_20230321_0600_R21_FLDK.06001_06001_clipped,Himawari-9,20230321,0600,2023_new_clip/NC_H09_20230321_0600_R21_FLDK.06001_06001_clipped.tif,mask/NC_H09_20230321_0600_R21_FLDK.06001_06001_clipped_mask.png,12770805,1360,450,450,20,float32,LZW,0.02,0.02,119,36,4326,450,450,L,0;255,paired,8e522a85212f7e8c124d31ae9366a35540cc8acc0b2996df2f5f08779670af48,37f06d1a60d822318ab50b4ec899c4db0963a77c5c265c3e13f81a9b7962259c
2023,NC_H09_20230321_0700_R21_FLDK.06001_06001_clipped,Himawari-9,20230321,0700,2023_new_clip/NC_H09_20230321_0700_R21_FLDK.06001_06001_clipped.tif,mask/NC_H09_20230321_0700_R21_FLDK.06001_06001_clipped_mask.png,12793242,1348,450,450,20,float32,LZW,0.02,0.02,119,36,4326,450,450,L,0;255,paired,84f3c08145882fac548243e453a8fe5815a777133377b30282d03dcec141b7b3,78c27104b6082cb026a02898bbbbff4619264cf299ca0e28776852c4f36840db
2023,NC_H09_20230321_0800_R21_FLDK.06001_06001_clipped,Himawari-9,20230321,0800,2023_new_clip/NC_H09_20230321_0800_R21_FLDK.06001_06001_clipped.tif,mask/NC_H09_20230321_0800_R21_FLDK.06001_06001_clipped_mask.png,12740738,1127,450,450,20,float32,LZW,0.02,0.02,119,36,4326,450,450,L,0;255,paired,d665bfcdd02c8bb33cd49bae89985386ea614c7627e6f947b012844e9be3141d,bd74f16d7dd5f7fadfde4c657da1e5c1f4dd7a02ebdce22771fe14af689ee086
2023,NC_H09_20230321_0900_R21_FLDK.06001_06001_clipped,Himawari-9,20230321,0900,2023_new_clip/NC_H09_20230321_0900_R21_FLDK.06001_06001_clipped.tif,mask/NC_H09_20230321_0900_R21_FLDK.06001_06001_clipped_mask.png,12529668,954,450,450,20,float32,LZW,0.02,0.02,119,36,4326,450,450,L,0;255,paired,e12e299c41d882562718b4f6e17746c3cb41055c421a7f4b0bd749f512ecb9ca,7e2429f8064ff6099de48d5d4110bf3391258c358760e3c66b1cece0070db80d
2023,NC_H09_20230321_2300_R21_FLDK.06001_06001_clipped,Himawari-9,20230321,2300,2023_new_clip/NC_H09_20230321_2300_R21_FLDK.06001_06001_clipped.tif,mask/NC_H09_20230321_2300_R21_FLDK.06001_06001_clipped_mask.png,12848571,655,450,450,20,float32,LZW,0.02,0.02,119,36,4326,450,450,L,0;255,paired,8eece4728b9a076b72b59c5624b7bcf5ac0d9b653f9aa41e05fa44a749189930,8ea0d9e62fe1b5725ed40bc1c82c5e216bff5088bf0798bc1417083f0a568f82
2023,NC_H09_20230322_0000_R21_FLDK.06001_06001_clipped,Himawari-9,20230322,0000,2023_new_clip/NC_H09_20230322_0000_R21_FLDK.06001_06001_clipped.tif,mask/NC_H09_20230322_0000_R21_FLDK.06001_06001_clipped_mask.png,13040404,779,450,450,20,float32,LZW,0.02,0.02,119,36,4326,450,450,L,0;255,paired,c7d17be3bd17740e2793e23e76350cdf363295a562dcbd073355f073d0623cb8,839b25263cbb54835bf76e787d824c8fad77da605fcb1ef90e671230dd0231e6
2023,NC_H09_20230322_2300_R21_FLDK.06001_06001_clipped,Himawari-9,20230322,2300,2023_new_clip/NC_H09_20230322_2300_R21_FLDK.06001_06001_clipped.tif,mask/NC_H09_20230322_2300_R21_FLDK.06001_06001_clipped_mask.png,12836516,922,450,450,20,float32,LZW,0.02,0.02,119,36,4326,450,450,L,0;255,paired,fc572d04728f055f32d7985f636cca106b3925f005dbff51d1e11350cad94085,5113d36d83641fd54b26ca379db6e019d54c84052e2e3732e1dbb710b2d7cfcc
2023,NC_H09_20230324_2300_R21_FLDK.06001_06001_clipped,Himawari-9,20230324,2300,2023_new_clip/NC_H09_20230324_2300_R21_FLDK.06001_06001_clipped.tif,mask/NC_H09_20230324_2300_R21_FLDK.06001_06001_clipped_mask.png,12430304,656,450,450,20,float32,LZW,0.02,0.02,119,36,4326,450,450,L,0;255,paired,4013c666e4d58ecfda8ed798af55d42021a9dbae9f6aa713104775f62e16f196,81502e89cf1677ba795d6f0bce4ed37f8807b749468a4f00f33a3cef33ee2ad5
2023,NC_H09_20230328_2300_R21_FLDK.06001_06001_clipped,Himawari-9,20230328,2300,2023_new_clip/NC_H09_20230328_2300_R21_FLDK.06001_06001_clipped.tif,mask/NC_H09_20230328_2300_R21_FLDK.06001_06001_clipped_mask.png,12316593,1569,450,450,20,float32,LZW,0.02,0.02,119,36,4326,450,450,L,0;255,paired,dcaaf78c18c03226a30be4f8422529f88f1ae61fff8a6dac25d45276d6585ab9,201bdc6f6f680b6217c2959ca9d094c920daa8c6a8045e9dfcbb1b54491f5025
2023,NC_H09_20230329_0000_R21_FLDK.06001_06001_clipped,Himawari-9,20230329,0000,2023_new_clip/NC_H09_20230329_0000_R21_FLDK.06001_06001_clipped.tif,mask/NC_H09_20230329_0000_R21_FLDK.06001_06001_clipped_mask.png,12562720,1251,450,450,20,float32,LZW,0.02,0.02,119,36,4326,450,450,L,0;255,paired,9e0dde5135baf8214f60d3d3bd3d34d5bb3240459d191332e55211759a012851,c6abe49383d6cacf68eb7e8a8306233531e3a59a9fc3f4558f07eec0d36a2dfc
2023,NC_H09_20230329_0700_R21_FLDK.06001_06001_clipped,Himawari-9,20230329,0700,2023_new_clip/NC_H09_20230329_0700_R21_FLDK.06001_06001_clipped.tif,mask/NC_H09_20230329_0700_R21_FLDK.06001_06001_clipped_mask.png,12600840,687,450,450,20,float32,LZW,0.02,0.02,119,36,4326,450,450,L,0;255,paired,8c9041c17c2d40e80afc5f2e37a094dc1ade7aa68b12a8f8c2f0959ec17e6640,f7938326505f84b57b67489c36950d5a093bcf407b25d9f0f0d275d13b184025
2023,NC_H09_20230329_0800_R21_FLDK.06001_06001_clipped,Himawari-9,20230329,0800,2023_new_clip/NC_H09_20230329_0800_R21_FLDK.06001_06001_clipped.tif,mask/NC_H09_20230329_0800_R21_FLDK.06001_06001_clipped_mask.png,12548662,699,450,450,20,float32,LZW,0.02,0.02,119,36,4326,450,450,L,0;255,paired,d9bbc3ba8a844d9e0e6df2cab3d8fe7061482daef36d5c1219b96ebf92f5dd98,2eb3cf89e13257d20fac59e01ea24faad7d1a994dc03001cafe40923fb82ca59
2023,NC_H09_20230329_0900_R21_FLDK.06001_06001_clipped,Himawari-9,20230329,0900,2023_new_clip/NC_H09_20230329_0900_R21_FLDK.06001_06001_clipped.tif,mask/NC_H09_20230329_0900_R21_FLDK.06001_06001_clipped_mask.png,12424336,788,450,450,20,float32,LZW,0.02,0.02,119,36,4326,450,450,L,0;255,paired,893b50c5d7ce8a7e609bca218c45584bf37596b37f2d03c8279a866acc209327,dcb2bb0f5e4fda0318c79835df03b573b8f9fad71b31ced671c67bed855d1ea7
2023,NC_H09_20230401_2300_R21_FLDK.06001_06001_clipped,Himawari-9,20230401,2300,2023_new_clip/NC_H09_20230401_2300_R21_FLDK.06001_06001_clipped.tif,mask/NC_H09_20230401_2300_R21_FLDK.06001_06001_clipped_mask.png,11345115,1519,450,450,20,float32,LZW,0.02,0.02,119,36,4326,450,450,L,0;255,paired,fd4e68e93121cdc08788103ae63e92405e6180745d43feac7b4c94b9a34680c9,390755e2a7a96dd61744b111e4cb7f0b66b69644d470de7b7885ec15889654ec
2023,NC_H09_20230402_0100_R21_FLDK.06001_06001_clipped,Himawari-9,20230402,0100,2023_new_clip/NC_H09_20230402_0100_R21_FLDK.06001_06001_clipped.tif,mask/NC_H09_20230402_0100_R21_FLDK.06001_06001_clipped_mask.png,11636119,880,450,450,20,float32,LZW,0.02,0.02,119,36,4326,450,450,L,0;255,paired,f760ce157dde49f4587682775840eb4d22e22c2ed6d8fdc76420c954cecfdb9f,eb31bde07b9a3735c145b922a543ea6d7ccb40b8aec7c82ef6dbee43f5815ae4
2023,NC_H09_20230402_0200_R21_FLDK.06001_06001_clipped,Himawari-9,20230402,0200,2023_new_clip/NC_H09_20230402_0200_R21_FLDK.06001_06001_clipped.tif,mask/NC_H09_20230402_0200_R21_FLDK.06001_06001_clipped_mask.png,11726340,1051,450,450,20,float32,LZW,0.02,0.02,119,36,4326,450,450,L,0;255,paired,2c4b85cbc7030e0d18ca6bdd3f3552268662ad734e19d0193f1bd8472cf028ce,0944b9adc6737440a062f512ccdeefed5b5fc5b81f9ea28e5456b9ce67b36758
2023,NC_H09_20230402_0300_R21_FLDK.06001_06001_clipped,Himawari-9,20230402,0300,2023_new_clip/NC_H09_20230402_0300_R21_FLDK.06001_06001_clipped.tif,mask/NC_H09_20230402_0300_R21_FLDK.06001_06001_clipped_mask.png,11750931,1012,450,450,20,float32,LZW,0.02,0.02,119,36,4326,450,450,L,0;255,paired,1c0679fa46f24f53542420c4d6325b4e8a48626cfc4b184087b33b7ff310a489,83727ebc336a05571d3181e8ccc4105355fe4a5819a7d81ffa1f695cae827911
2023,NC_H09_20230402_0400_R21_FLDK.06001_06001_clipped,Himawari-9,20230402,0400,2023_new_clip/NC_H09_20230402_0400_R21_FLDK.06001_06001_clipped.tif,mask/NC_H09_20230402_0400_R21_FLDK.06001_06001_clipped_mask.png,11482367,962,450,450,20,float32,LZW,0.02,0.02,119,36,4326,450,450,L,0;255,paired,e2a094ed955418f2beaad1dfd39896ebc95c3a0b1f69ba8bc4e7917e83a2843b,6fc60d95a4bb41310915ad7500fd501fc07d557a78798aa96320e3da0f3698e9
2023,NC_H09_20230402_0500_R21_FLDK.06001_06001_clipped,Himawari-9,20230402,0500,2023_new_clip/NC_H09_20230402_0500_R21_FLDK.06001_06001_clipped.tif,mask/NC_H09_20230402_0500_R21_FLDK.06001_06001_clipped_mask.png,11717638,967,450,450,20,float32,LZW,0.02,0.02,119,36,4326,450,450,L,0;255,paired,895ee80a5f31495cfffba5019264304f4aef6e891b2b054d0a4494d6199048c0,11212509f694c2f852ed40e9bec101cbde9eef97f0180b413757c026076deb0d
2023,NC_H09_20230402_0600_R21_FLDK.06001_06001_clipped,Himawari-9,20230402,0600,2023_new_clip/NC_H09_20230402_0600_R21_FLDK.06001_06001_clipped.tif,mask/NC_H09_20230402_0600_R21_FLDK.06001_06001_clipped_mask.png,11722174,751,450,450,20,float32,LZW,0.02,0.02,119,36,4326,450,450,L,0;255,paired,646d879c5e18244635cc3fc068e7048d710f03aa2cdf5c4563820496e24b147c,89d80b1ad8f5a719725579769009ff4cbeee8af1c553091e72de2867a7b808e3
2023,NC_H09_20230402_0700_R21_FLDK.06001_06001_clipped,Himawari-9,20230402,0700,2023_new_clip/NC_H09_20230402_0700_R21_FLDK.06001_06001_clipped.tif,mask/NC_H09_20230402_0700_R21_FLDK.06001_06001_clipped_mask.png,11748086,1460,450,450,20,float32,LZW,0.02,0.02,119,36,4326,450,450,L,0;255,paired,01b8d393a76af2914e2afb22b0d742d5f52a645b709fcba6fd75e09297d3da2c,ba05e80c2e436e90ecab2f82fd2e312a899d3986e2944bcdca57a6134d2fad90
2023,NC_H09_20230402_0800_R21_FLDK.06001_06001_clipped,Himawari-9,20230402,0800,2023_new_clip/NC_H09_20230402_0800_R21_FLDK.06001_06001_clipped.tif,mask/NC_H09_20230402_0800_R21_FLDK.06001_06001_clipped_mask.png,11781607,1386,450,450,20,float32,LZW,0.02,0.02,119,36,4326,450,450,L,0;255,paired,e5e4f5acdaa52ef4e709c6fa9fff9abae670f310775ecfa2e10f784fc8410667,9e1eb7a5f5ce609cd02ac5dad4af2f93b1376880dc2dbcfb596e62068eedd583
2023,NC_H09_20230404_2300_R21_FLDK.06001_06001_clipped,Himawari-9,20230404,2300,2023_new_clip/NC_H09_20230404_2300_R21_FLDK.06001_06001_clipped.tif,mask/NC_H09_20230404_2300_R21_FLDK.06001_06001_clipped_mask.png,12797932,748,450,450,20,float32,LZW,0.02,0.02,119,36,4326,450,450,L,0;255,paired,ebede805e1646683d40d989c402e167df1c16cb0f27f2f97a16d8584a98bc549,22e6a0e4d0ab30b14c5b5080cd6f80c7cdb05fa207951b855db76e2e68f018da
2023,NC_H09_20230405_0000_R21_FLDK.06001_06001_clipped,Himawari-9,20230405,0000,2023_new_clip/NC_H09_20230405_0000_R21_FLDK.06001_06001_clipped.tif,mask/NC_H09_20230405_0000_R21_FLDK.06001_06001_clipped_mask.png,12841372,785,450,450,20,float32,LZW,0.02,0.02,119,36,4326,450,450,L,0;255,paired,3a3a768d3cfe856be4364e3c1a41639dd5d6f1631a01e8185f5178d4fdba961c,8c0099f77ca40c15df8ea45bd24ef7c8d6f6fbee400059fc744ddec7e2f4eb34
2023,NC_H09_20230405_0100_R21_FLDK.06001_06001_clipped,Himawari-9,20230405,0100,2023_new_clip/NC_H09_20230405_0100_R21_FLDK.06001_06001_clipped.tif,mask/NC_H09_20230405_0100_R21_FLDK.06001_06001_clipped_mask.png,12808253,651,450,450,20,float32,LZW,0.02,0.02,119,36,4326,450,450,L,0;255,paired,3590c966b3d2cd9146035d2a23fd06e70b5d2f6253b364e2c48683a6c6167498,f7e8acd44bf59f0241103b9b14627ad4015cc857a00eec5af7febef8b7f2fb7a
2023,NC_H09_20230405_2300_R21_FLDK.06001_06001_clipped,Himawari-9,20230405,2300,2023_new_clip/NC_H09_20230405_2300_R21_FLDK.06001_06001_clipped.tif,mask/NC_H09_20230405_2300_R21_FLDK.06001_06001_clipped_mask.png,12898112,1012,450,450,20,float32,LZW,0.02,0.02,119,36,4326,450,450,L,0;255,paired,aafa6c8ca309664ebbf104275dbcced99e8eca0192780365d668cb33193f3c76,6bbd663756353ba7978b624a84580976e80eda08e3682f6c40ac9ba1bb967695
2023,NC_H09_20230406_0000_R21_FLDK.06001_06001_clipped,Himawari-9,20230406,0000,2023_new_clip/NC_H09_20230406_0000_R21_FLDK.06001_06001_clipped.tif,mask/NC_H09_20230406_0000_R21_FLDK.06001_06001_clipped_mask.png,12984787,1288,450,450,20,float32,LZW,0.02,0.02,119,36,4326,450,450,L,0;255,paired,7d495f8e5b27a20d83a26354b9f279f92578ec260b0b5d945b8708852487ae57,892be8529c8c46313fa3c4af0bba1459de8b58e95fcf25585deb53869227ec37
2023,NC_H09_20230406_0100_R21_FLDK.06001_06001_clipped,Himawari-9,20230406,0100,2023_new_clip/NC_H09_20230406_0100_R21_FLDK.06001_06001_clipped.tif,mask/NC_H09_20230406_0100_R21_FLDK.06001_06001_clipped_mask.png,13063288,1494,450,450,20,float32,LZW,0.02,0.02,119,36,4326,450,450,L,0;255,paired,0d20b7564153f0876e3b9a4e2208aee57fe06863a01ebbea9c283b99f7694b53,9d3913dfb2fc269bbb896728fde6e458dae5f16acca8c7d02a41791ea5a57aa1
2023,NC_H09_20230406_0200_R21_FLDK.06001_06001_clipped,Himawari-9,20230406,0200,2023_new_clip/NC_H09_20230406_0200_R21_FLDK.06001_06001_clipped.tif,mask/NC_H09_20230406_0200_R21_FLDK.06001_06001_clipped_mask.png,13070669,1515,450,450,20,float32,LZW,0.02,0.02,119,36,4326,450,450,L,0;255,paired,c8a2e7191e7665d7986131e40b52d335a2217426b42ac9384dbd7de3d4e0e4e4,c2cf25fa8e509f8b1581b9784aa03d31e3f6d1d08f1e13a366ccdd348688ef08
2023,NC_H09_20230413_2300_R21_FLDK.06001_06001_clipped,Himawari-9,20230413,2300,2023_new_clip/NC_H09_20230413_2300_R21_FLDK.06001_06001_clipped.tif,mask/NC_H09_20230413_2300_R21_FLDK.06001_06001_clipped_mask.png,12691233,1125,450,450,20,float32,LZW,0.02,0.02,119,36,4326,450,450,L,0;255,paired,443edc70cd6d472672173ff4bb70269b3887358c5d25b0a52e3ce8bf3de5f63f,e04a14b585e6bf829083b6d9d0a92d2117ed0fdb6d188937fb28b4c9dd2a318e
2023,NC_H09_20230414_0000_R21_FLDK.06001_06001_clipped,Himawari-9,20230414,0000,2023_new_clip/NC_H09_20230414_0000_R21_FLDK.06001_06001_clipped.tif,mask/NC_H09_20230414_0000_R21_FLDK.06001_06001_clipped_mask.png,12812964,1365,450,450,20,float32,LZW,0.02,0.02,119,36,4326,450,450,L,0;255,paired,44258193fc41f79dca25ffe92c18ed153aeb3454ed9ac47cc369c0a0a4dd2464,ce5bc04b77312bb510b2b126e485a3a20e56ae929562832c545d191e309d4fc3
2023,NC_H09_20230414_0100_R21_FLDK.06001_06001_clipped,Himawari-9,20230414,0100,2023_new_clip/NC_H09_20230414_0100_R21_FLDK.06001_06001_clipped.tif,mask/NC_H09_20230414_0100_R21_FLDK.06001_06001_clipped_mask.png,12915114,633,450,450,20,float32,LZW,0.02,0.02,119,36,4326,450,450,L,0;255,paired,da73d8e0caacbdc045e94ecd5b43b66ebe08d5e608730bd2430e6924b1ce361d,0c6c2818503ec2b1039fcc3233f631eb798bfe110aea691699e2b52d2922af78
2023,NC_H09_20230415_0700_R21_FLDK.06001_06001_clipped,Himawari-9,20230415,0700,2023_new_clip/NC_H09_20230415_0700_R21_FLDK.06001_06001_clipped.tif,mask/NC_H09_20230415_0700_R21_FLDK.06001_06001_clipped_mask.png,12935917,1553,450,450,20,float32,LZW,0.02,0.02,119,36,4326,450,450,L,0;255,paired,9f74a469655e88f68c71222de33201192f3336899c026828adb4f9edfc7306d8,0d46838a31e55360644d213ab24a4f21ff8d3f240a03131b1fcc9745d1ba6165
2023,NC_H09_20230416_2300_R21_FLDK.06001_06001_clipped,Himawari-9,20230416,2300,2023_new_clip/NC_H09_20230416_2300_R21_FLDK.06001_06001_clipped.tif,mask/NC_H09_20230416_2300_R21_FLDK.06001_06001_clipped_mask.png,11233408,1143,450,450,20,float32,LZW,0.02,0.02,119,36,4326,450,450,L,0;255,paired,e5a6e391a149b3434acbf73136941da29199614c653f8b2c11571645239da571,970b0246f0301ad6e6f8d7b46ea560705811508aa9d71a7e74597422a064fa08
2023,NC_H09_20230417_0000_R21_FLDK.06001_06001_clipped,Himawari-9,20230417,0000,2023_new_clip/NC_H09_20230417_0000_R21_FLDK.06001_06001_clipped.tif,mask/NC_H09_20230417_0000_R21_FLDK.06001_06001_clipped_mask.png,11457274,1124,450,450,20,float32,LZW,0.02,0.02,119,36,4326,450,450,L,0;255,paired,5682d65ea479a7442550880f29630a67c539f4a147a5bdeb4c391b5dbad675db,727ae241156fdc25755f17c364a72d77a927d89e02b9cbba56dcf1de427b8d12
2023,NC_H09_20230417_0100_R21_FLDK.06001_06001_clipped,Himawari-9,20230417,0100,2023_new_clip/NC_H09_20230417_0100_R21_FLDK.06001_06001_clipped.tif,mask/NC_H09_20230417_0100_R21_FLDK.06001_06001_clipped_mask.png,11520041,1061,450,450,20,float32,LZW,0.02,0.02,119,36,4326,450,450,L,0;255,paired,5dedcda282387fe9868d5ca40524194f45749afadef0ad50766b7ac68275eb2d,41c091a61849d4e8f60cfcd8db270efcb37dbb698d1a4e784340b18f154f0423
2023,NC_H09_20230417_0200_R21_FLDK.06001_06001_clipped,Himawari-9,20230417,0200,2023_new_clip/NC_H09_20230417_0200_R21_FLDK.06001_06001_clipped.tif,mask/NC_H09_20230417_0200_R21_FLDK.06001_06001_clipped_mask.png,11607655,1133,450,450,20,float32,LZW,0.02,0.02,119,36,4326,450,450,L,0;255,paired,2995d4bdbf1b757136453af543f6d0b63d8dcd53fa3aab65a6d7b465816192e6,2364a97eeb8f5d2ee6e88d1bedd826535965c06a589d16ed05d69de36309cfd8
2023,NC_H09_20230417_0300_R21_FLDK.06001_06001_clipped,Himawari-9,20230417,0300,2023_new_clip/NC_H09_20230417_0300_R21_FLDK.06001_06001_clipped.tif,mask/NC_H09_20230417_0300_R21_FLDK.06001_06001_clipped_mask.png,11591731,1204,450,450,20,float32,LZW,0.02,0.02,119,36,4326,450,450,L,0;255,paired,e9e4cbd84fc47eaea52b6f94de523cdd9cefb8bcaddfe2b5275a1dd8349c0cda,9a7e6f2005f199ba813a5ceeb5eeac1111f4c61a13c58f5b84e7782d1e8ca2ff
2023,NC_H09_20230417_0400_R21_FLDK.06001_06001_clipped,Himawari-9,20230417,0400,2023_new_clip/NC_H09_20230417_0400_R21_FLDK.06001_06001_clipped.tif,mask/NC_H09_20230417_0400_R21_FLDK.06001_06001_clipped_mask.png,11538884,525,450,450,20,float32,LZW,0.02,0.02,119,36,4326,450,450,L,0;255,paired,5c0aa1ba003f357fbe174dd62d8c40d51598a8a1acdcf753b4a2b920ae5d8087,2147d7083e78698ec4a58e0fbca5406522b71105d7f2c4b716d583f94f17d093
2023,NC_H09_20230417_0500_R21_FLDK.06001_06001_clipped,Himawari-9,20230417,0500,2023_new_clip/NC_H09_20230417_0500_R21_FLDK.06001_06001_clipped.tif,mask/NC_H09_20230417_0500_R21_FLDK.06001_06001_clipped_mask.png,11763908,498,450,450,20,float32,LZW,0.02,0.02,119,36,4326,450,450,L,0;255,paired,e0d38eaf6123ae939ccc68ddba080cbaeed4ee87e013f5c10eea616afafdf3ce,9209911985e1a3dd085e06cb3bc1f0b3fd0400ca45ba066ae7c1d29152e44d36
2023,NC_H09_20230417_0600_R21_FLDK.06001_06001_clipped,Himawari-9,20230417,0600,2023_new_clip/NC_H09_20230417_0600_R21_FLDK.06001_06001_clipped.tif,mask/NC_H09_20230417_0600_R21_FLDK.06001_06001_clipped_mask.png,11712181,1059,450,450,20,float32,LZW,0.02,0.02,119,36,4326,450,450,L,0;255,paired,7f8b41bbf5eb89b68053e0b7e54e77426a855fee9a234b8a49f5500785b58b27,a5637f1d71fbec0b05b3d7752f8846b68ab7d8e29efcfb37793ddbf631c06c25
2023,NC_H09_20230417_0700_R21_FLDK.06001_06001_clipped,Himawari-9,20230417,0700,2023_new_clip/NC_H09_20230417_0700_R21_FLDK.06001_06001_clipped.tif,mask/NC_H09_20230417_0700_R21_FLDK.06001_06001_clipped_mask.png,11663599,2280,450,450,20,float32,LZW,0.02,0.02,119,36,4326,450,450,L,0;255,paired,d9835b308950a2413002bc791a7635b153a757b32da56baac3991429fe8a5cd2,5393306bec6a08af3ffdcfcef2201013a664085291aeab5ecfd184eb60c3cf8d
2023,NC_H09_20230417_0800_R21_FLDK.06001_06001_clipped,Himawari-9,20230417,0800,2023_new_clip/NC_H09_20230417_0800_R21_FLDK.06001_06001_clipped.tif,mask/NC_H09_20230417_0800_R21_FLDK.06001_06001_clipped_mask.png,11685716,1719,450,450,20,float32,LZW,0.02,0.02,119,36,4326,450,450,L,0;255,paired,a81cf8942881a691908ad7612c03b55447ebbc5e51c96f5cbeb787492b3ff4c8,98f437c61e384de8093f2d73bbe3df3985ddb3d0dfca4bac157c5b2e57085d1d
2023,NC_H09_20230417_2300_R21_FLDK.06001_06001_clipped,Himawari-9,20230417,2300,2023_new_clip/NC_H09_20230417_2300_R21_FLDK.06001_06001_clipped.tif,mask/NC_H09_20230417_2300_R21_FLDK.06001_06001_clipped_mask.png,12730945,1468,450,450,20,float32,LZW,0.02,0.02,119,36,4326,450,450,L,0;255,paired,b9e1cb9d85bcd549a2d41d94de7f8c38ffaf0a85afdf2299ed07ffb3bd46de92,4e0ee0a7f21478e9d1730470d787de84da56a86294804c3ec6b354c2e3107837
2023,NC_H09_20230418_0000_R21_FLDK.06001_06001_clipped,Himawari-9,20230418,0000,2023_new_clip/NC_H09_20230418_0000_R21_FLDK.06001_06001_clipped.tif,mask/NC_H09_20230418_0000_R21_FLDK.06001_06001_clipped_mask.png,12885331,1298,450,450,20,float32,LZW,0.02,0.02,119,36,4326,450,450,L,0;255,paired,e8d90e9b280ab12e32b6fee02fe425cfa4284d2b97d2994a67cc2533a88ae337,c039a412b1dc63a3feee96f56100a66ab489b0f08278702c5a9347ec33d0379c
2023,NC_H09_20230418_0100_R21_FLDK.06001_06001_clipped,Himawari-9,20230418,0100,2023_new_clip/NC_H09_20230418_0100_R21_FLDK.06001_06001_clipped.tif,mask/NC_H09_20230418_0100_R21_FLDK.06001_06001_clipped_mask.png,12981443,1854,450,450,20,float32,LZW,0.02,0.02,119,36,4326,450,450,L,0;255,paired,b7c4b017cf03b5ce05eb835d3687fa10ac3e066253a74ee6d6983a0f0dfb6eb0,b848ccab72235cbab37e7eac02c894adb5410a56f8855f72a2b8c7f0e28fdcc9
2023,NC_H09_20230418_0200_R21_FLDK.06001_06001_clipped,Himawari-9,20230418,0200,2023_new_clip/NC_H09_20230418_0200_R21_FLDK.06001_06001_clipped.tif,mask/NC_H09_20230418_0200_R21_FLDK.06001_06001_clipped_mask.png,13086305,1396,450,450,20,float32,LZW,0.02,0.02,119,36,4326,450,450,L,0;255,paired,25b220bb29643b193aa1ec5ac47977cca9afc954cc1ac2c0de7d637f7746d074,c6f777da93967cb37125e5b4b4d669cdf285c2d9dfcaf429c56b2270f8e6e490
2023,NC_H09_20230418_0300_R21_FLDK.06001_06001_clipped,Himawari-9,20230418,0300,2023_new_clip/NC_H09_20230418_0300_R21_FLDK.06001_06001_clipped.tif,mask/NC_H09_20230418_0300_R21_FLDK.06001_06001_clipped_mask.png,13051930,1522,450,450,20,float32,LZW,0.02,0.02,119,36,4326,450,450,L,0;255,paired,8fc1e5d79997c844893b4cfe5b161f39dee410532b586ede69d8180e1701c6f4,9c46219ff46d854706e532823b6c2b6c3175298c3381da32a583c2dac2d09317
2023,NC_H09_20230418_0700_R21_FLDK.06001_06001_clipped,Himawari-9,20230418,0700,2023_new_clip/NC_H09_20230418_0700_R21_FLDK.06001_06001_clipped.tif,mask/NC_H09_20230418_0700_R21_FLDK.06001_06001_clipped_mask.png,12785751,1611,450,450,20,float32,LZW,0.02,0.02,119,36,4326,450,450,L,0;255,paired,3cdcb52f447e68f0daf22a1411171fc4349cc61676013cb10b9e791b79bd23aa,86db4d26399da94f3f56a83a7774da4934693dd854a48bc0c5dc38f5ef3271bf
2023,NC_H09_20230418_2300_R21_FLDK.06001_06001_clipped,Himawari-9,20230418,2300,2023_new_clip/NC_H09_20230418_2300_R21_FLDK.06001_06001_clipped.tif,mask/NC_H09_20230418_2300_R21_FLDK.06001_06001_clipped_mask.png,12593327,1092,450,450,20,float32,LZW,0.02,0.02,119,36,4326,450,450,L,0;255,paired,4f4bf8fdb7dbd6b3f092b522ff71e66dad1c7230ef655e09cc67d9ea58f4e255,550984dd7b1a924608ffa291ddf658829be77dc7d3a26b7ed771d848ebc877cd
2023,NC_H09_20230419_0000_R21_FLDK.06001_06001_clipped,Himawari-9,20230419,0000,2023_new_clip/NC_H09_20230419_0000_R21_FLDK.06001_06001_clipped.tif,mask/NC_H09_20230419_0000_R21_FLDK.06001_06001_clipped_mask.png,12711730,1138,450,450,20,float32,LZW,0.02,0.02,119,36,4326,450,450,L,0;255,paired,f73f664b2f6150d35bee7aded2aa885e9901d09a3b184f4067375f1e1df4cbfa,eb239dcf6e7b304c555e2d51ceccb90d7bf6be9dd25c1b4c858e72e553d3c51a
2023,NC_H09_20230419_0100_R21_FLDK.06001_06001_clipped,Himawari-9,20230419,0100,2023_new_clip/NC_H09_20230419_0100_R21_FLDK.06001_06001_clipped.tif,mask/NC_H09_20230419_0100_R21_FLDK.06001_06001_clipped_mask.png,12822367,1130,450,450,20,float32,LZW,0.02,0.02,119,36,4326,450,450,L,0;255,paired,a28d0b5c2627431ca318a19a10fd2fc6045c49f799e15c10e6bc581f52e77925,a4b24f408b38d65195eb5c126095d3864562875a7f0f0240e5aa0d711e39f55d
2023,NC_H09_20230419_0200_R21_FLDK.06001_06001_clipped,Himawari-9,20230419,0200,2023_new_clip/NC_H09_20230419_0200_R21_FLDK.06001_06001_clipped.tif,mask/NC_H09_20230419_0200_R21_FLDK.06001_06001_clipped_mask.png,12910669,1275,450,450,20,float32,LZW,0.02,0.02,119,36,4326,450,450,L,0;255,paired,4d9f4e2e3e83245b6ddfc36e865a8ae8fc816b3673a40f198ca04940ea3ad3b7,8f8a0fb7ccd2afc1e68c014b567b1840bf922fa7aec23f19cc3d4834328cd172
2023,NC_H09_20230419_0300_R21_FLDK.06001_06001_clipped,Himawari-9,20230419,0300,2023_new_clip/NC_H09_20230419_0300_R21_FLDK.06001_06001_clipped.tif,mask/NC_H09_20230419_0300_R21_FLDK.06001_06001_clipped_mask.png,12888472,1214,450,450,20,float32,LZW,0.02,0.02,119,36,4326,450,450,L,0;255,paired,d3485efd0861ad8e8fe80d3dae09e8af0a3d33eea1d90e134524835b201e9071,da5a2abc80f7986f539dc6fe4a83eac71677e958d6fcefd44849ef8b15db1c9b
2023,NC_H09_20230419_0400_R21_FLDK.06001_06001_clipped,Himawari-9,20230419,0400,2023_new_clip/NC_H09_20230419_0400_R21_FLDK.06001_06001_clipped.tif,mask/NC_H09_20230419_0400_R21_FLDK.06001_06001_clipped_mask.png,12782689,1449,450,450,20,float32,LZW,0.02,0.02,119,36,4326,450,450,L,0;255,paired,f93e661fc6ab5788ed232bfe6716275dba2998556c7407efe415daf2c71452fb,10690729e04bdc0992052df2ccdce2a7d4b91e6384b528a7b238ef7fad6bec70
2023,NC_H09_20230419_0800_R21_FLDK.06001_06001_clipped,Himawari-9,20230419,0800,2023_new_clip/NC_H09_20230419_0800_R21_FLDK.06001_06001_clipped.tif,mask/NC_H09_20230419_0800_R21_FLDK.06001_06001_clipped_mask.png,12529552,1177,450,450,20,float32,LZW,0.02,0.02,119,36,4326,450,450,L,0;255,paired,66e7f7c8a97d9e72f6883830deb75f34d5375a483e177a944f006b2e129a9321,2520da11de5ea1b5b65487be670592cb060c81e1a2eb4f6b486890fd94e422b2
2023,NC_H09_20230419_2300_R21_FLDK.06001_06001_clipped,Himawari-9,20230419,2300,2023_new_clip/NC_H09_20230419_2300_R21_FLDK.06001_06001_clipped.tif,mask/NC_H09_20230419_2300_R21_FLDK.06001_06001_clipped_mask.png,12402951,1351,450,450,20,float32,LZW,0.02,0.02,119,36,4326,450,450,L,0;255,paired,a40f801b081086a4b7735dae4ded5db1ad7d4bac4c0ec151783592ae7ead18ff,a40967eb71c463b1ce062f1aa05c811e3a831a593693964c8697ca8da1c54d6d
2023,NC_H09_20230424_0900_R21_FLDK.06001_06001_clipped,Himawari-9,20230424,0900,2023_new_clip/NC_H09_20230424_0900_R21_FLDK.06001_06001_clipped.tif,mask/NC_H09_20230424_0900_R21_FLDK.06001_06001_clipped_mask.png,12418478,2182,450,450,20,float32,LZW,0.02,0.02,119,36,4326,450,450,L,0;255,paired,4bcab049b4c43fdbbd7427e8dc215dcae42dc8da9de0e798c4a91ccbcf8fb05c,c8939c04ae9ba5666f5f83a47a59940e8360c37ddac5badb3df6d2637df1bbbb
2023,NC_H09_20230424_2300_R21_FLDK.06001_06001_clipped,Himawari-9,20230424,2300,2023_new_clip/NC_H09_20230424_2300_R21_FLDK.06001_06001_clipped.tif,mask/NC_H09_20230424_2300_R21_FLDK.06001_06001_clipped_mask.png,12521501,1103,450,450,20,float32,LZW,0.02,0.02,119,36,4326,450,450,L,0;255,paired,5cf88b0eb2fa8d9751f8243c60551cedd01162e02e9bf55f4b85ecbfde8f6034,dc1bed1bc5b343c54f2b875c0dc67928656d6a5928c9fcb20a6cd7377dfdf3a6
2023,NC_H09_20230428_0700_R21_FLDK.06001_06001_clipped,Himawari-9,20230428,0700,2023_new_clip/NC_H09_20230428_0700_R21_FLDK.06001_06001_clipped.tif,mask/NC_H09_20230428_0700_R21_FLDK.06001_06001_clipped_mask.png,13229126,666,450,450,20,float32,LZW,0.02,0.02,119,36,4326,450,450,L,0;255,paired,eaa762e5291ef898b1e1d2e9221b956ee88e0c94a015567756e9346a3f0135be,2b98fd638c72ec17b11baf641fd3160388a1173a27b077efd0b245141eddc5af
2023,NC_H09_20230428_0800_R21_FLDK.06001_06001_clipped,Himawari-9,20230428,0800,2023_new_clip/NC_H09_20230428_0800_R21_FLDK.06001_06001_clipped.tif,mask/NC_H09_20230428_0800_R21_FLDK.06001_06001_clipped_mask.png,13194904,750,450,450,20,float32,LZW,0.02,0.02,119,36,4326,450,450,L,0;255,paired,4af31173277b7b4734e566d7073dd96913ca1de19a06a59f543430198c4922e1,2932773a2a77f39471948b4df2ad63ceadf424423fa70d6ff2540d3ae8b0b9ae
2023,NC_H09_20230504_0800_R21_FLDK.06001_06001_clipped,Himawari-9,20230504,0800,2023_new_clip/NC_H09_20230504_0800_R21_FLDK.06001_06001_clipped.tif,mask/NC_H09_20230504_0800_R21_FLDK.06001_06001_clipped_mask.png,13276873,530,450,450,20,float32,LZW,0.02,0.02,119,36,4326,450,450,L,0;255,paired,eed5290e23ddb6f4556f284ebdcded5d4f8565518e7382f863adaae278b4247d,34881c96bd784de2778560066fece8996c5d39e38a43e1542e4136d31ed90356
2023,NC_H09_20230505_2300_R21_FLDK.06001_06001_clipped,Himawari-9,20230505,2300,2023_new_clip/NC_H09_20230505_2300_R21_FLDK.06001_06001_clipped.tif,mask/NC_H09_20230505_2300_R21_FLDK.06001_06001_clipped_mask.png,13073773,1399,450,450,20,float32,LZW,0.02,0.02,119,36,4326,450,450,L,0;255,paired,cc6cca117d5272072e2cde86a736747647de31822652ae0d81bbe34ed5a24769,d916e393a2f9170e5722f16d7089a4a0466c09dfd2017c382dc92c9f1e102804
2023,NC_H09_20230512_2300_R21_FLDK.06001_06001_clipped,Himawari-9,20230512,2300,2023_new_clip/NC_H09_20230512_2300_R21_FLDK.06001_06001_clipped.tif,mask/NC_H09_20230512_2300_R21_FLDK.06001_06001_clipped_mask.png,12324156,920,450,450,20,float32,LZW,0.02,0.02,119,36,4326,450,450,L,0;255,paired,c5a9fe8dd19e09a6663d49582ab8ebe16464841a0c360dde8f1c61996ffe72c5,8468bca1ac0d6a0da12b3f87de58af72ca561034bce4230b1429d66c1c59faf3
2023,NC_H09_20230513_0000_R21_FLDK.06001_06001_clipped,Himawari-9,20230513,0000,2023_new_clip/NC_H09_20230513_0000_R21_FLDK.06001_06001_clipped.tif,mask/NC_H09_20230513_0000_R21_FLDK.06001_06001_clipped_mask.png,12419446,733,450,450,20,float32,LZW,0.02,0.02,119,36,4326,450,450,L,0;255,paired,588dc28a36a2a9236210c89a8c434540fca8c2302b172323d1bb332a8d0f7288,1c1502a92bce13399ac234f2c847240720d82199055b24bb726b0888af5d5646
2023,NC_H09_20230513_0100_R21_FLDK.06001_06001_clipped,Himawari-9,20230513,0100,2023_new_clip/NC_H09_20230513_0100_R21_FLDK.06001_06001_clipped.tif,mask/NC_H09_20230513_0100_R21_FLDK.06001_06001_clipped_mask.png,12555957,504,450,450,20,float32,LZW,0.02,0.02,119,36,4326,450,450,L,0;255,paired,af3fe876b47b1fbc8675358c9635dc0e86c5d3727b7414f746225eb7a369ace6,b4e09d2a04e0dfa8cfe2cf6ad1d87f40fa6c756631a49add325eb7b135327eab
2023,NC_H09_20230513_0200_R21_FLDK.06001_06001_clipped,Himawari-9,20230513,0200,2023_new_clip/NC_H09_20230513_0200_R21_FLDK.06001_06001_clipped.tif,mask/NC_H09_20230513_0200_R21_FLDK.06001_06001_clipped_mask.png,12702219,494,450,450,20,float32,LZW,0.02,0.02,119,36,4326,450,450,L,0;255,paired,45ed648620ee86c813f7658c21fc182a1d056163e4f0695e227fb153fe96b03a,87e769720d46a8199946a0c912a40e3216472329f4f282236e1a1d3d7a6627f9
2023,NC_H09_20230513_0300_R21_FLDK.06001_06001_clipped,Himawari-9,20230513,0300,2023_new_clip/NC_H09_20230513_0300_R21_FLDK.06001_06001_clipped.tif,mask/NC_H09_20230513_0300_R21_FLDK.06001_06001_clipped_mask.png,12780732,392,450,450,20,float32,LZW,0.02,0.02,119,36,4326,450,450,L,0;255,paired,7ce47af766f89f5fe830a1a77e17863aaf8d3ae7f1c7c85d12405bf6cd405537,ddb72247a092b6b02fb76737b8325261c4e0e671d54cf6d385e577633280b085
2023,NC_H09_20230513_0900_R21_FLDK.06001_06001_clipped,Himawari-9,20230513,0900,2023_new_clip/NC_H09_20230513_0900_R21_FLDK.06001_06001_clipped.tif,mask/NC_H09_20230513_0900_R21_FLDK.06001_06001_clipped_mask.png,12800850,896,450,450,20,float32,LZW,0.02,0.02,119,36,4326,450,450,L,0;255,paired,af0fdaea91b4b36d6a925bd5d9177468de4e97bbe0509634abf4ed4eb4da53e2,e7c3c10f2aa189022040755c773e73051920f3f6dfa6204f0d4a90034422a756
2023,NC_H09_20230514_2300_R21_FLDK.06001_06001_clipped,Himawari-9,20230514,2300,2023_new_clip/NC_H09_20230514_2300_R21_FLDK.06001_06001_clipped.tif,mask/NC_H09_20230514_2300_R21_FLDK.06001_06001_clipped_mask.png,11900381,904,450,450,20,float32,LZW,0.02,0.02,119,36,4326,450,450,L,0;255,paired,1e433986e95c0c5fa4072a8950e613f7d87fd64b93a18ee233bccdf3503736c1,4e52ef4523ae12bfe740b79b1982d3984dd122c3495c0f3bcaa2be48ce65faa1
2023,NC_H09_20230515_0000_R21_FLDK.06001_06001_clipped,Himawari-9,20230515,0000,2023_new_clip/NC_H09_20230515_0000_R21_FLDK.06001_06001_clipped.tif,mask/NC_H09_20230515_0000_R21_FLDK.06001_06001_clipped_mask.png,12072368,932,450,450,20,float32,LZW,0.02,0.02,119,36,4326,450,450,L,0;255,paired,b20e06b1f09d47bcc8ece197767325589c4c02b0314ab1216f710dbc0070fa50,d9425ea539aaa28e3b9a7c867d724f44a93c32655fe38bb1534e8b43b1f31d3a
2023,NC_H09_20230515_0100_R21_FLDK.06001_06001_clipped,Himawari-9,20230515,0100,2023_new_clip/NC_H09_20230515_0100_R21_FLDK.06001_06001_clipped.tif,mask/NC_H09_20230515_0100_R21_FLDK.06001_06001_clipped_mask.png,12124617,846,450,450,20,float32,LZW,0.02,0.02,119,36,4326,450,450,L,0;255,paired,543a08cae04d87559f4305396b2f5efc2f8450a86a9c66f517b42d2813719984,20074cdd5269ccd3c8fde80907753edde55e0ff8ec28dbd77c5485faea86b4c7
2023,NC_H09_20230515_0200_R21_FLDK.06001_06001_clipped,Himawari-9,20230515,0200,2023_new_clip/NC_H09_20230515_0200_R21_FLDK.06001_06001_clipped.tif,mask/NC_H09_20230515_0200_R21_FLDK.06001_06001_clipped_mask.png,12116195,765,450,450,20,float32,LZW,0.02,0.02,119,36,4326,450,450,L,0;255,paired,b1835fdc675434ca03512d6ddfbe1e76387bb377d623f2c93d609ff20cecdc04,f68b15417d1b8b6f4d75280904c6e390ce06dc94c667ca6f8b93f637fdac7264
2023,NC_H09_20230515_0300_R21_FLDK.06001_06001_clipped,Himawari-9,20230515,0300,2023_new_clip/NC_H09_20230515_0300_R21_FLDK.06001_06001_clipped.tif,mask/NC_H09_20230515_0300_R21_FLDK.06001_06001_clipped_mask.png,12019283,668,450,450,20,float32,LZW,0.02,0.02,119,36,4326,450,450,L,0;255,paired,fde742cb92a096e6a04817291eb4cf43d143c996523541fd978fc2146d642d95,97a58978ecadda55914843eb0a5f4c9c5f926c2a46743cb82ba70bba768b8633
2023,NC_H09_20230515_0400_R21_FLDK.06001_06001_clipped,Himawari-9,20230515,0400,2023_new_clip/NC_H09_20230515_0400_R21_FLDK.06001_06001_clipped.tif,mask/NC_H09_20230515_0400_R21_FLDK.06001_06001_clipped_mask.png,11967235,686,450,450,20,float32,LZW,0.02,0.02,119,36,4326,450,450,L,0;255,paired,fd5331ea09e20c4ea0ef73df1c5acf490b8e735c937ea8175eed345bdedddb6b,0530c51d1d0107b2cbcef3e319bc8f6624e2a2a735472438b0fc50a62a0e05d6
2023,NC_H09_20230515_0500_R21_FLDK.06001_06001_clipped,Himawari-9,20230515,0500,2023_new_clip/NC_H09_20230515_0500_R21_FLDK.06001_06001_clipped.tif,mask/NC_H09_20230515_0500_R21_FLDK.06001_06001_clipped_mask.png,11977473,659,450,450,20,float32,LZW,0.02,0.02,119,36,4326,450,450,L,0;255,paired,dbebac048355f62181fca9e79b93fa2b0a0fdbb20ce0e1927c18cd90a0250ec0,16242f199e2275604c908f6bd634b769e82b06c79ac31ba55c4bb6a4ef2b11a5
2023,NC_H09_20230515_0600_R21_FLDK.06001_06001_clipped,Himawari-9,20230515,0600,2023_new_clip/NC_H09_20230515_0600_R21_FLDK.06001_06001_clipped.tif,mask/NC_H09_20230515_0600_R21_FLDK.06001_06001_clipped_mask.png,11850307,532,450,450,20,float32,LZW,0.02,0.02,119,36,4326,450,450,L,0;255,paired,076e74416ae7aed5400760ec76a39569d4f71f27cedd3c4face1e6896c191247,88e3ab1fef366c13a8a32ad22cc08504a989b939ef45318b2b102883243d527b
2023,NC_H09_20230522_0900_R21_FLDK.06001_06001_clipped,Himawari-9,20230522,0900,2023_new_clip/NC_H09_20230522_0900_R21_FLDK.06001_06001_clipped.tif,mask/NC_H09_20230522_0900_R21_FLDK.06001_06001_clipped_mask.png,12477721,1011,450,450,20,float32,LZW,0.02,0.02,119,36,4326,450,450,L,0;255,paired,62e087d73144b518fb16a977307f98affb710f4e05912b923c567eea4eb91b5e,c4885bc34307348f7d75227a0a6591fe5be51bc1cc569ba1243556d3e3e5606b
2023,NC_H09_20230601_0900_R21_FLDK.06001_06001_clipped,Himawari-9,20230601,0900,2023_new_clip/NC_H09_20230601_0900_R21_FLDK.06001_06001_clipped.tif,mask/NC_H09_20230601_0900_R21_FLDK.06001_06001_clipped_mask.png,12989786,843,450,450,20,float32,LZW,0.02,0.02,119,36,4326,450,450,L,0;255,paired,aa2c714452f2802741d095e4d85a4d4bedcf11d746d2ea422f049aa3ad8f8725,e13d4134b2041b9b87d65de2e6f16b8e0052fcc8a149a97cdced765ce8b4ad81
2023,NC_H09_20230608_0200_R21_FLDK.06001_06001_clipped,Himawari-9,20230608,0200,2023_new_clip/NC_H09_20230608_0200_R21_FLDK.06001_06001_clipped.tif,mask/NC_H09_20230608_0200_R21_FLDK.06001_06001_clipped_mask.png,13152220,1138,450,450,20,float32,LZW,0.02,0.02,119,36,4326,450,450,L,0;255,paired,f9bbba5b4068d390cebc9e88a37d1126b00f5b09634ce8a61f69c1aa653f1e1a,ce904efee7ef21ac5ad7863ce665a4856710e78404377eb2523272ce9923f61f
2023,NC_H09_20230608_0300_R21_FLDK.06001_06001_clipped,Himawari-9,20230608,0300,2023_new_clip/NC_H09_20230608_0300_R21_FLDK.06001_06001_clipped.tif,mask/NC_H09_20230608_0300_R21_FLDK.06001_06001_clipped_mask.png,13077807,1438,450,450,20,float32,LZW,0.02,0.02,119,36,4326,450,450,L,0;255,paired,3c2959439a3670bd9714b43b3206c59e06c6cd8ae295f6ade2709b6a59e110f6,fc3eabb3702f66ef9b71b29ececf81553729b38dd8329b733577f65cef91817b
2023,NC_H09_20230608_0400_R21_FLDK.06001_06001_clipped,Himawari-9,20230608,0400,2023_new_clip/NC_H09_20230608_0400_R21_FLDK.06001_06001_clipped.tif,mask/NC_H09_20230608_0400_R21_FLDK.06001_06001_clipped_mask.png,12979854,1192,450,450,20,float32,LZW,0.02,0.02,119,36,4326,450,450,L,0;255,paired,e212c1e75f7dceb62a40732938a49599288288df97258fc0db379644c6d48045,981dbd100091d466407a98712ccb34875108afd59428a1022ea50a27c4b5878f
2023,NC_H09_20230608_0800_R21_FLDK.06001_06001_clipped,Himawari-9,20230608,0800,2023_new_clip/NC_H09_20230608_0800_R21_FLDK.06001_06001_clipped.tif,mask/NC_H09_20230608_0800_R21_FLDK.06001_06001_clipped_mask.png,12653719,607,450,450,20,float32,LZW,0.02,0.02,119,36,4326,450,450,L,0;255,paired,e7314a5b4d0f338c2ea147357ad82c9cc00824dff1d8cf0ec7bdd27ca5921c21,5f3436bd39f4caf40907e11595f5a7f505e3ed30baad5138f52e01cc3aeb39c8
2023,NC_H09_20230608_0900_R21_FLDK.06001_06001_clipped,Himawari-9,20230608,0900,2023_new_clip/NC_H09_20230608_0900_R21_FLDK.06001_06001_clipped.tif,mask/NC_H09_20230608_0900_R21_FLDK.06001_06001_clipped_mask.png,12588629,738,450,450,20,float32,LZW,0.02,0.02,119,36,4326,450,450,L,0;255,paired,fa5adad1f68b089d18b14a36bd6a129f21151b3c185f247579d510ee350235fb,bd5239e2bf46409d3390e6464ef9ee22e1080ca3093bc22f72cdf8ac907f86c8
2023,NC_H09_20230610_0900_R21_FLDK.06001_06001_clipped,Himawari-9,20230610,0900,2023_new_clip/NC_H09_20230610_0900_R21_FLDK.06001_06001_clipped.tif,mask/NC_H09_20230610_0900_R21_FLDK.06001_06001_clipped_mask.png,12906595,894,450,450,20,float32,LZW,0.02,0.02,119,36,4326,450,450,L,0;255,paired,f6ef37984b0380c1e9ea2088726d1cd83f943f6bd6a3f9c71c41fde90f432617,4cdd58529c0dd6340a2e36ef9815e9b3f16b70363be43316c5f3751247c428d5
2023,NC_H09_20230623_2300_R21_FLDK.06001_06001_clipped,Himawari-9,20230623,2300,2023_new_clip/NC_H09_20230623_2300_R21_FLDK.06001_06001_clipped.tif,mask/NC_H09_20230623_2300_R21_FLDK.06001_06001_clipped_mask.png,12938301,1057,450,450,20,float32,LZW,0.02,0.02,119,36,4326,450,450,L,0;255,paired,996d7af30509c32f2e360145192e9abaec7ececf4e6c21d17806eb66e6f6c035,b35ed2d81b19756d8191cd9ebf2f5edcab4bc7c6d37cff2d6cf32d93745d977f
2023,NC_H09_20230624_0000_R21_FLDK.06001_06001_clipped,Himawari-9,20230624,0000,2023_new_clip/NC_H09_20230624_0000_R21_FLDK.06001_06001_clipped.tif,mask/NC_H09_20230624_0000_R21_FLDK.06001_06001_clipped_mask.png,13026123,656,450,450,20,float32,LZW,0.02,0.02,119,36,4326,450,450,L,0;255,paired,066d7dc85310107c81f8ebfc51e6ed838366ddb1c78595c99aa1b5dd55385f49,18ba2f7d6a01012f70788b769efa127cf2ca7db1d0fb6e1ec376ec81292bb36a
2023,NC_H09_20230624_0100_R21_FLDK.06001_06001_clipped,Himawari-9,20230624,0100,2023_new_clip/NC_H09_20230624_0100_R21_FLDK.06001_06001_clipped.tif,mask/NC_H09_20230624_0100_R21_FLDK.06001_06001_clipped_mask.png,13121382,517,450,450,20,float32,LZW,0.02,0.02,119,36,4326,450,450,L,0;255,paired,bc38db1b430eb6583bede36306dcd161f0ec7a73192e2f80b86e42b7b7f89bf3,ded79c104fa445d8f29bb413d0d9bb51d7d574c382ba711994fa1cfcb97e8b9d
2023,NC_H09_20230624_0200_R21_FLDK.06001_06001_clipped,Himawari-9,20230624,0200,2023_new_clip/NC_H09_20230624_0200_R21_FLDK.06001_06001_clipped.tif,mask/NC_H09_20230624_0200_R21_FLDK.06001_06001_clipped_mask.png,13202957,511,450,450,20,float32,LZW,0.02,0.02,119,36,4326,450,450,L,0;255,paired,091638fa3ff2fef1b4270bae17f31c5ff1bf539e7b7e67b6410af0b073741856,d70ddc8dcbf1b61d5b4ec8aa2a4a8cef011e58b98962c0005d31fb26606564be
2023,NC_H09_20230624_0300_R21_FLDK.06001_06001_clipped,Himawari-9,20230624,0300,2023_new_clip/NC_H09_20230624_0300_R21_FLDK.06001_06001_clipped.tif,mask/NC_H09_20230624_0300_R21_FLDK.06001_06001_clipped_mask.png,13210864,456,450,450,20,float32,LZW,0.02,0.02,119,36,4326,450,450,L,0;255,paired,1bf9e50289c897c06b5f82990ee4ca9eb81732e7eb5116147ddb9fa1856cf2fa,f4795b735fd273e736c79d9729dcf3e70f3bdd2403d3d3c242e5d3a6cd507181
